issued_at,link,title,question,answer,fatwa_number,dar_ul_ifta,kitab,bab,fasal
16-01-2020,https://www.banuri.edu.pk/readquestion/حالت-حیض-میں-عمرہ-کیا-144105200730/16-01-2020,حالتِ حیض میں عمرہ کیا,میں تین سال پہلے عمرے پر گئی تھی تو  اس وقت میں  حالتِ حیض میں تھی  میقات میں، پھر میں نے غسل کیا اور احرام باندھا۔ جب حرم پہونچی تو پھر حیض آگیا تو اس حالت میں میں نے طواف بھی کیا اور صفا مروہ کی سعی بھی۔ مجھے کچھ معلوم نہیں تھا۔ اب میرے لیے شرعی حکم کیا ہے؟,"<p><p style=""text-align:justify;"">صورت مسئّولہ میں آپ کے ذمہ حرم کی حدود میں ایک دم (قربانی) دینا لازم ہے۔ خود نہ جاسکیں تو کسی کے ذریعے حدودِ حرم میں ایک چھوٹا جانور بطورِ دم ذبح کروادیں، اور اس پر استغفار بھی کیجیے۔</p><p style=""text-align:justify;""><span class=""ar_writing"">""ولو طاف للزیارة جنباً أو حائضاً أو نفساء کله أوکثره ویقع معتداً به في حق التحلل ویصیر عاصیاً فإن أعاده سقطت عنه البدنة"". (غنیة الناسك ۲۷۲)</span></p><p style=""text-align:justify;""><span class=""ar_writing"">الدر المختار وحاشية ابن عابدين (رد المحتار) (2/ 550):</span></p><p style=""text-align:justify;""><span class=""ar_writing"">""(أو طاف للقدوم)؛ لوجوبه بالشروع (أو للصدر جنباً) أو حائضاً (أو للفرض محدثاً ولو جنباً فبدنة إن) لم يعده، والأصح وجوبها في الجنابة، وندبها في الحدث، وأن المعتبر الأول، والثاني جابر له، فلا تجب إعادة السعي، جوهرة. وفي الفتح: لو طاف للعمرة جنباً أو محدثاً فعليه دم ، وكذا لو ترك من طوافها شوطاً؛ لأنه لا مدخل للصدقة في العمرة ... (قوله: بلا عذر) قيد للترك والركوب. قال في الفتح عن البدائع: وهذا حكم ترك الواجب في هذا الباب اهـ أي أنه إن تركه بلا عذر لزمه دم، وإن بعذر فلا شيء عليه مطلقاً. وقيل: فيما ورد به النص فقط، وهذا بخلاف ما لو ارتكب محظوراً  كاللبس والطيب، فإنه يلزمه موجبه ولو بعذر، كما قدمناه أول الباب"".</span> فقط واللہ اعلم</p></p>",144105200730,banuri,"('حج', 'haj')","('حج / عمرہ', 'hajj-umrah')","('عمرہ ، فرائض ، واجبات اور سنن', 'umrah-faraidh-wajibat-or-sunan')"
18-01-2020,https://www.banuri.edu.pk/readquestion/ارطغرل-ڈرامہ-دیکھنے-کا-حکم-144105200785/18-01-2020,ارطغرل ڈراما دیکھنے کا حکم,ترکش ڈراما ’’ارطغرل‘‘ کے دیکھنے کی شرعی حیثیت بتائیں؟ اس کے دیکھنے کی تبلیغ میں کیا قباحت ہے؟,"<p><p style=""text-align:justify;"">مذکورہ ڈراما  ہو  یا کوئی اور ڈراما  یا فلم، دیکھنا شرعاً جائز نہیں۔</p><p style=""text-align:justify;"">نیز عموماً ٹی وی پر آنے والے پروگرام موسیقی ناچ گانے، بد نگاہی کے اسباب سے خالی نہیں ہوتے، لہذا اس قسم کے پروگراموں کے دیکھنے کی ترغیب دینا (علاوہ جان دار کی تصویر دیکھنے دکھانے کے) اشاعتِ فاحش، و  معاونت علی الاثم کے قبیل سے ہونے کی وجہ سے جائز نہیں۔</p><p style=""text-align:justify;"">الدر المختار میں ہے:</p><p style=""text-align:justify;""><span class=""ar_writing"">""قلت: وفي البزازية: استماع صوت الملاهي - كضرب قصب، ونحوه - حرام؛ لقوله عليه الصلاة والسلام: ""استماع الملاهي معصية، والجلوس عليها فسق، والتلذذ بها كفر"" أي: بالنعمة، فصرف الجوارح إلى غير ما خلق لأجله كفر بالنعمة، لا شكر، فالواجب كل الواجب أن يجتنب كي لايسمع؛ لما روي أنه عليه الصلاة والسلام أدخل أصبعه في أذنه عند سماعه، وأشعار العرب لو فيها ذكر الفسق تكره، اهـ أو لتغليظ الذنب، -كما في الاختيار -، أو للاستحلال، - كما في النهاية -"". ( الشامية، كتاب الحظر و الإباحة، قبيل فصل في اللبس، ٩/ ٥٠٤، ط: دار عالم الكتب)</span></p><p style=""text-align:justify;""><span class=""ar_writing"">البريقة المحمودية في شرح الطريقة المحمدية لبركلي</span>میں ہے:</p><p style=""text-align:justify;""><span class=""ar_writing"">""قال قاضي خان عن النبي صلى الله تعالى عليه وسلم: (استماع الملاهي معصية، والجلوس عليها فسق، والتلذذ بها من الكفر، إنما قال عليه الصلاة والسلام ذلك، على وجه التشديد و إن سمع بغتةً فلا إثم عليه، و يجب عليه أن يجتهد كلّ الجهد حتي لايسمع؛ لما روي: أنّ  رسول الله صلي الله عليه وسلم أدخل أصبعيه في أذنه. انتهي"". ( الباب الثاني / في الأمور المهمة في الشريعة، ٥ / ٤، ط: دار الكتب العلمية)</span></p><p style=""text-align:justify;""><span class=""ar_writing"">مرقاة المفاتيح شرح مشكاة المصابيح</span>میں ہے:</p><p style=""text-align:justify;""> <span class=""ar_writing"">""٤٨١١ - «وَعَنْ نَافِعٍ - رَحِمَهُ اللَّهُ - قَالَ: كُنْتُ مَعَ ابْنِ عُمَرَ فِي طَرِيقٍ، فَسَمِعَ مِزْمَارًا، فَوَضَعَ أُصْبُعَيْهِ فِي أُذُنَيْهِ وَنَاءَ عَنِ الطَّرِيقِ إِلَى الْجَانِبِ الْآخَرِ، ثُمَّ قَالَ لِي بَعْدَ أَنْ بَعُدَ: يَا نَافِعُ! هَلْ تَسْمَعُ شَيْئًا؟ قُلْتُ: لَا، فَرَفَعَ أُصْبُعَيْهِ مِنْ أُذُنَيْهِ، قَالَ: كُنْتُ مَعَ رَسُولِ اللَّهِ فَسَمِعَ صَوْتَ يَرَاعٍ، فَصَنَعَ مِثْلَ مَا صَنَعْتُ. قَالَ نَافِعٌ: فَكُنْتُ إِذْ ذَاكَ صَغِيرًا» . رَوَاهُ أَحْمَدُ، وَأَبُو دَاوُدَ.</span></p><p style=""text-align:justify;""><span class=""ar_writing"">وَفِي فَتَاوَى قَاضِي خَانْ: أَمَّا اسْتِمَاعُ صَوْتِ الْمَلَاهِي كَالضَّرْبِ بِالْقَضِيبِ وَنَحْوِ ذَلِكَ حَرَامٌ وَمَعْصِيَةٌ لِقَوْلِهِ عَلَيْهِ السَّلَامُ: "" «اسْتِمَاعُ الْمَلَاهِي مَعْصِيَةٌ، وَالْجُلُوسُ عَلَيْهَا فِسْقٌ، وَالتَّلَذُّذُ بِهَا مِنَ الْكُفْرِ» "" إِنَّمَا قَالَ ذَلِكَ عَلَى وَجْهِ التَّشْدِيدِ وَإِنْ سَمِعَ بَغْتَةً فَلَا إِثْمَ عَلَيْهِ، وَيَجِبُ عَلَيْهِ أَنْ يَجْتَهِدَ كُلَّ الْجَهْدِ حَتَّى لَا يَسْمَعَ لِمَا رُوِيَ أَنَّ رَسُولَ اللَّهِ صَلَّى اللَّهُ عَلَيْهِ وَسَلَّمَ أَدْخَلَ أُصْبُعَهُ فِي أُذُنَيْهِ"". ( بَابُ الْبَيَانِ وَالشِّعْرِ ، الْفَصْلُ الثَّالِثُ، ٧ / ٣٠٢٥) </span>فقط واللہ اعلم</p></p>",144105200785,banuri,"('حظر و اباحت', 'mamnooaat-mubahat')","('تفریح / کھیل', 'tafreeh-khel')","('ٹی وی / وی سی آر / سینما / انٹرنیٹ/تصویر سازی', 'tv-vcr-cinema-internet-taswer-sazi')"
16-01-2020,https://www.banuri.edu.pk/readquestion/دینی-کتب-پیٹھ-پیچھے-زیادہ-لٹکانا-144105200736/16-01-2020,دینی کتب پیٹھ پیچھے زیادہ لٹکانا,میں مدرسہ کا طالب علم ہوں، سوال یہ ہے کہ ہمارے لیے  کتابوں کو کاندھے پر پیچھے رکھنا ادب کے لحاظ سے یا کسی اور لحاظ سے صحیح ہے یا نہیں؟,"<p><p style=""margin-left:0;margin-right:0;text-align:justify;"">دینی کتب میں قرآن وحدیث،تفسیر ، فقہ واصول فقہ وغیرہ کے مضامین ہوتے ہیں، اس لیے یہ ساری کتب ادب کی متقاضی ہیں، اور دینی کتب کے آداب میں ایک ادب یہ بھی ہے کہ انہیں سینے سے لگایا جائے،  پیٹھ پیچھے لٹکانا مناسب نہیں ہے۔مولاناشاہ ابرارالحق ہردوئی رحمہ اللہ (خلیفہ مجاز حکیم الامت حضرت تھانوی ؒ )ارشاد فرماتے ہیں :</p><p style=""text-align:justify;"">’’ آج علم میں بے برکتی کا بڑا سبب اساتذہ کا ادب واحترام نہ کرنا ہے اور تفسیر و حدیث پاک کی کتابوں کا ادب نہ کرنا ہے۔ عموماً طلباء انگریزی اسکول کے لڑکوں کی طرح دینی کتب کو ہاتھ میں لے کر نیچے لٹکائے ہوئے، ہلاتے ہوئے چلتے ہیں، جس سے دینی کتابیں کبھی آگے کبھی پیچھے ہوتی ہیں اور بعض تو چارپائی کے سرہانے بیٹھے ہوئے اور پائینتی کی طرف کتابوں کو رکھتے ہیں،  بعض دینی کتب پر قلم، چشمہ اور ٹوپی رکھ دیتے ہیں، ان باتوں سے بچنا چاہیے؛ کیوں کہ اللہ تعالیٰ کا فضل بے ادب کو نہیں ملتا‘‘۔( ماہنامہ بینات کراچی ذوالحجہ ۱۴۲۹ھ دسمبر ۲۰۰۸ء)فقط واللہ اعلم</p></p>",144105200736,banuri,"('حقوق و آدابِ معاشرت', 'huqooq-muashret')","('آدابِ معاشرت', 'akhlaq-aadab')","('اٹھنے، بیٹھنے، سونے، چلنے پھرنے کے آداب', 'uthnay-bethnay-chalnay-phirnay-k-aadab')"
03-01-2020,https://www.banuri.edu.pk/readquestion/اگر-آج-کے-بعد-آپ-لوگوں-سے-بات-کی-تو-میری-بیوی-کو-تین-طلاق-ہوجائےگی-144105200214/03-01-2020,اگر آج کے بعد آپ لوگوں سے بات کی تو میری بیوی کو تین طلاق ہوجائےگی,میں نے اپنی بھابھیوں سے کہا کہ اگر آج کے بعد میں نے آپ لوگوں سے بات کی تو میری بیوی کوتین طلاق ہو جائے گی، مگر ایک دن باہر جاتے ہوئے میں نے اپنی بھابھیوں کو سلام کردیا تو کیا تین طلاق واقع ہوئی یا نہیں؟ اور کیا سلام کرنا بات کرنے میں شامل ہے یا نہیں؟ اور اب کیا میں یہ اپنی طلاق کی قسم واپس لے سکتا ہوں یا نہیں ؟,"<p><p style=""text-align:justify;"">سلام کرنا بات کرنے میں داخل ہے؛ لہذا صورتِ مسئولہ میں تینوں طلاق واقع ہوچکی ہیں، رجوع بھی جائز نہیں، اور تجدیدِ نکاح کی بھی اجازت نہیں۔ الا یہ کہ بیوی عدت گزار کر دوسری جگہ نکاح کرلے، اور دوسرے شوہر کا انتقال ہوجائے یا وہ حقوقِ زوجیت ادا کرنے کےبعد از خود طلاق دے دے، اور اس کی عدت بھی گزر جائے، پھر آپ کے لیے اس سے نکاح جائز ہوگا، تاہم دوسرا نکاح کرانے میں آپ کا شریک ہونا جائز نہیں ہوگا۔ </p><p style=""text-align:justify;"">فتاوی ہندیہ میں ہے:</p><p style=""text-align:justify;""><span class=""ar_writing"">""وَإِذَا أَضَافَهُ إلَى الشَّرْطِ وَقَعَ عَقِيبَ الشَّرْطِ اتِّفَاقًا"". ( الْفَصْلُ الثَّالِثُ فِي تَعْلِيقِ الطَّلَاقِ بِكَلِمَةِ إنْ وَإِذَا وَغَيْرِهِمَا، ١ / ٤٢٠)</span></p><p style=""text-align:justify;"">فتاوی ہندیہ میں ہے:</p><p style=""text-align:justify;""><span class=""ar_writing"">""وَلَوْ مَرَّ الْحَالِفُ عَلَى جَمَاعَةٍ فِيهِمْ الْمَحْلُوفُ عَلَيْهِ فَسَلَّمَ الْحَالِفُ عَلَيْهِمْ حَنِثَ وَإِنْ لَمْ يَسْمَعْ الْمَحْلُوفُ عَلَيْهِ، كَذَا فِي فَتَاوَى قَاضِي خَانْ. فَإِنْ نَوَى الْقَوْمَ دُونَهُ لَمْ يَحْنَثْ فِيمَا بَيْنَهُ وَبَيْنَ اللَّهِ تَعَالَى وَلَا يَدِينُ فِي الْقَضَاءِ، كَذَا فِي الْبَدَائِعِ. وَلَوْ سَلَّمَ عَلَى قَوْمٍ فُلَانٌ فِيهِمْ حَنِثَ وَإِنْ لَمْ يَعْلَمْ وَلَوْ اسْتَثْنَاهُ بِأَنْ قَالَ: السَّلَامُ عَلَيْكُمْ إلَّا عَلَى فُلَانٍ لَمْ يَحْنَثْ وَلَوْ قَالَ: إلَّا عَلَى وَاحِدٍ وَعَنَاهُ صُدِّقَ كَذَا فِي الْعَتَّابِيَّةِ"". ( كِتَابُ الْأَيْمَانِ وَفِيهِ اثْنَا عَشَرَ بَابًا، الْبَابُ السَّادِسُ فِي الْيَمِينِ عَلَى الْكَلَامِ، ٢ / ٩٧ - ٨٨) </span>فقط واللہ اعلم</p></p>",144105200214,banuri,"('طلاق', 'talaaq')","('تعلیقِ طلاق (مشروط طلاق دینا)', 'talaq-ki-taleeq')","('طلاق کو معلق کرنا', 'talaq-ko-muallaq-karna')"
13-01-2020,https://www.banuri.edu.pk/readquestion/منگل-اور-بدھ-کے-روز-گوشت-کا-ناغہ-144105200582/13-01-2020,منگل اور بدھ کے روز گوشت کے ناغے کی شرعی حیثیت کیا ہے؟,پاکستان میں منگل اور بدھ کے روز گوشت کا ناغہ کیوں ہوتا ہے؟  قرآن اور حدیث میں اس کی کیا شرعی حیثیت ہے؟,"<p><p style=""text-align:justify;"">منگل اور بدھ کے روز گوشت کا ناغہ کرنا انتظامی نوعیت کا معاملہ ہے، کسی بھی دن ناغہ کرنا شرعاً ممنوع نہیں ہے۔ فقط واللہ اعلم</p></p>",144105200582,banuri,"('متفرق کتب', 'mutafarriq-kutub')","('متفرق ابواب', 'mutafarriq-abwab')","('متفرق فصول', 'mutafarriq-fusool')"
28-12-2019,https://www.banuri.edu.pk/readquestion/تمباکو-نوشی-سے-نجات-144105200002/28-12-2019,تمباکو نوشی سے نجات,تمباکو نوشی سے نجات حاصل کرنے کا کوئی وظیفہ تجویز کر دیں!,"<p><p style=""text-align:justify;"">سورۂ مؤمن/غافر کی ابتدائی آیات  <span class=""ar_writing"">{حم (1) تَنْزِيلُ الْكِتَابِ مِنَ اللَّهِ الْعَزِيزِ الْعَلِيمِ (2) غَافِرِ الذَّنْبِ وَقَابِلِ التَّوْبِ شَدِيدِ الْعِقَابِ ذِي الطَّوْلِ لَا إِلَهَ إِلَّا هُوَ إِلَيْهِ الْمَصِيرُ }</span>[غافر: 1 - 3]   پڑھ کر اپنے اوپر بھی دم کیجیے،  اور پانی پر پھونک کر وہ پانی  بھی پییں،  ان شاء اللہ، اللہ تعالیٰ اس عادت سے چھٹکارا نصیب فرمائیں گے۔ فقط واللہ اعلم</p></p>",144105200002,banuri,"('علوم و فنون', 'uloom-funoon')","('دعائیں، اوراد اور وظائف', 'adeya-azkar')","('اوراد ووظائف', 'aurad-o-wzaif')"
08-01-2020,https://www.banuri.edu.pk/readquestion/تعبیر-الرؤیا-144105200416/08-01-2020,خواب میں جسم کے اعضاء اور بیمار گائے کاگوشت وغیرہ دیکھنا,1- مجھے خواب میں اپنے ناف(پیٹ والی سنڈی) سے سوراخ نظر آئے۔ مطلب وہاں پر زخم ہے اورا س میں سے پانی سا نکل رہا ہے۔اور ساتھ ہی میں میرے ہاتھوں میں کلیجی اور پھپھڑے کا حصہ تھا جیسے وہ میرے پیٹ سے نکلے ہو ں۔ وہ سب دیکھ کر میں بہت زیادہ پریشان ہوتا ہوں۔ پھر میرے علاقے کا ایک لڑکا مجھے کہتا ہے کہ یہ تو بہت بڑی بیماری ہے، اگر آپ نے ٹھیک ہونا ہے تو آپ کا تین لاکھ روپے کا آپریشن ہو گا تو آپ کی جان بچ سکتی ہے۔2- اسی طرح دوبارہ سوتا ہوں تو پھر دیکھتا ہوں کہ اپنے ہم سائے  کی ایک بیمار گائے ذبح ہوتی ہے اور میری بڑی بھابھی مجھے آکر گائے کا گوشت دکھا تی ہے اور میں اسے کہتاہوں کہ یہ کوئی گوشت ہے؟یہ توچھیچھڑے ہیں، میں نہیں کھاتا۔ میرا دل نہیں مانتا کہ کسی بیمار ذبح جانور میں سے کچھ کھاؤں۔جب یہ سب باتیں ہوتی ہیں تب میں اور میری امی روڈ پر کھڑے ہو تے ہیں۔اس خواب کی تعبیر بتادیجیے!,"<p><p style=""text-align:justify;"">آپ یاتو کسی حرام نشے میں مبتلا ہیں یا حرام کاروبار میں، جس کا نقصان آپ کو بھی پہنچ چکا ہے اور آپ کی اولاد کو بھی (اگر آپ صاحبِ اولاد ہیں) اور روز بروز مالی تنگی میں بھی مبتلا ہورہے ہیں؛ لہٰذا توبہ کریں۔  فقط واللہ اعلم</p></p>",144105200416,banuri,"('علوم و فنون', 'uloom-funoon')","('تعبیر الرؤیا', 'mutafarriq-deeni-uloom')","('بعض خوابوں کی تعبیر', 'baaz-khuwabon-ki-taabeer')"
16-01-2020,https://www.banuri.edu.pk/readquestion/ایصال-ثواب-کا-ثبوت-144105200729/16-01-2020,ایصالِ ثواب کا ثبوت,ایصالِ ثواب کی قرآن یا حدیث سے دلیل دیں!,"<p><p style=""text-align:justify;"">اعمال کا ایصالِ ثواب کئی صحیح احادیث سے ثابت ہے:</p><p style=""text-align:justify;"">حضرت سعد بن عبادہ رضی اللہ عنہ رسول اللہ صلی اللہ علیہ وسلم کی خدمت میں حاضر ہوئے اور عرض کیا: میری والدہ کا انتقال ہو گیا ہے، ان کے لیے کیا  صدقہ افضل ہے؟ آپ ﷺ نے فرمایا: پانی،  انہوں نے ایک کنواں کھدوایا، اور فرمایا کہ یہ سعد کی والدہ کے لیے ہے۔</p><p style=""text-align:justify;""><span class=""ar_writing"">مشكاة المصابيح (1/ 597):</span></p><p style=""text-align:justify;""><span class=""ar_writing"">""وعن سعد بن عبادة قال: يا رسول الله إن أم سعد ماتت، فأي الصدقة أفضل؟ قال: «الماء» . فحفر بئراً وقال: هذه لأم سعد. رواه أبو داود والنسائي"".</span></p><p style=""text-align:justify;"">حضرت ابوہریرہ رضی اللہ عنہ سے روایت ہے کہ ایک شخص نے نبی علیہ السلام سے پوچھا : میرے والد کا انتقال ہوگیا ہے اور انہوں نے اپنے پیچھے مال چھوڑا ہے، لیکن کوئی وصیت نہیں کی۔ اگر میں ان کی جانب سے صدقہ خیرات کردوں، کیا ان کے گناہوں کے لیے معافی کا ذریعہ ہوجائے گا؟ فرمایا: ہاں! تمہارے صدقات سے ان کے گناہوں کا کفارہ ہوجائے گا۔</p><p style=""text-align:justify;""><span class=""ar_writing"">صحيح مسلم (3/ 1254):</span></p><p style=""text-align:justify;""><span class=""ar_writing"">""عن أبي هريرة، أن رجلاً قال للنبي صلى الله عليه وسلم: إن أبي مات وترك مالاً، ولم يوص، فهل يكفر عنه أن أتصدق عنه؟ قال: «نعم»"".</span></p><p style=""text-align:justify;"">حضرت ابواُسید مالک بن ربیعہ فرماتے ہیں کہ ہم حضورﷺ کے پاس موجود تھے کہ اتنے میں بنو سلمہ کا ایک شخص آیا اور اُس نے نبی کریمﷺسےدریافت کیا:یا رسول اللہ! میرے والدین کی وفات کے بعد بھی ان کے ساتھ حسنِ سلوک کی کوئی صورت ہے، جس کو میں اختیار کروں؟ فرمایا: ہاں! ان کے لیے دُعا و اِستغفار کرنا، ان کے بعد ان کی وصیت کو نافذ کرنا، ان کے متعلقین سے صلہ رحمی کرنا، اور ان کے دوستوں سے عزّت کے ساتھ پیش آنا۔</p><p style=""text-align:justify;""><span class=""ar_writing"">سنن أبي داود (4/ 336):</span></p><p style=""text-align:justify;""><span class=""ar_writing"">""عن أسيد بن علي بن عبيد، مولى بني ساعدة عن أبيه، عن أبي أسيد مالك بن ربيعة الساعدي، قال: بينا نحن عند رسول الله صلى الله عليه وسلم: إذ جاء ه رجل من بني سلمة، فقال: يا رسول الله، هل بقي من بر أبوي شيء أبرهما به بعد موتهما؟ قال: «نعم الصلاة عليهما، والاستغفار لهما، وإنفاذ عهدهما من بعدهما، وصلة الرحم التي لاتوصل إلا بهما، وإكرام صديقهما»"".</span></p><p style=""text-align:justify;"">اس طرح کی اور بھی بہت سی روایات ثابت ہیں، جن سے معلوم ہوتا ہے کہ ایصالِ ثواب بر حق ہے۔ اور ایصالِ ثواب جس طرح وفات پانے والے افراد کے لیے ہوتاہے، اسی طرح زندوں کے لیے بھی ثابت ہے، رسول اللہ ﷺ نے جانور قربان کرتے ہوئے امتِ محمدیہ کے ان افراد کی طرف سے بھی نیت فرمائی جنہوں نے قربانی نہیں کی۔  حنش کہتے ہیں: میں نے حضرت علی رضی اللہ عنہ کو قربانی کرتے ہوئے دیکھا، تو میں نے عرض کیا کہ یہ کیا ہے؟ حضرت علی رضی اللہ عنہ نے فرمایا: مجھے رسول اللہ ﷺ نے وصیت فرمائی تھی کہ میری طرف سے قربانی کیا کروں، چناں چہ میں آپ ﷺ کی طرف سے قربانی کر رہاہوں۔ </p><p style=""text-align:justify;"">نیز میت کے حق میں دعا اور استغفار مستقل نیک عمل ہے، اور اس کا فائدہ میت کو پہنچنا قرآنِ مجید سے بھی ثابت ہے، چناں چہ سورہ حشر  کی آیت نمبر 10 میں ارشادِ باری تعالیٰ ہے:</p><p style=""text-align:justify;""> </p><p style=""text-align:justify;""><span class=""ar_writing"">{وَالَّذِينَ جَاءُوا مِن بَعْدِهِمْ يَقُولُونَ رَبَّنَا اغْفِرْ لَنَا وَلِإِخْوَانِنَا الَّذِينَ سَبَقُونَا بِالْإِيمَانِ وَلَا تَجْعَلْ فِي قُلُوبِنَا غِلًّا لِّلَّذِينَ آمَنُوا رَبَّنَا إِنَّكَ رَءُوفٌ رَّحِيمٌ}</span> فقط واللہ اعلم</p><p style=""text-align:justify;"">اس مسئلے کی مزید تفصیل کے لیے درج ذیل لنک پر فتاویٰ ملاحظہ کیجیے:</p><p style=""text-align:justify;""><a href=""https://www.banuri.edu.pk/readquestion/%DA%A9%DB%8C%D8%A7-%D8%A7%DB%8C%D8%B5%D8%A7%D9%84-%D8%AB%D9%88%D8%A7%D8%A8-%D8%AC%D8%A7%D8%A6%D8%B2-%DB%81%DB%92-144102200141/21-10-2019"">کیا ایصالِ ثواب جائز ہے؟</a></p><p style=""text-align:justify;""><a href=""https://www.banuri.edu.pk/readquestion/%D8%A7%DB%8C%D8%B5%D8%A7%D9%84-%D8%AB%D9%88%D8%A7%D8%A8-%DA%A9%D8%A7-%D8%AB%D8%A8%D9%88%D8%AA/08-03-2019"">ایصالِ ثواب کا ثبوت</a></p></p>",144105200729,banuri,"('جنائز', 'janaiz')","('ایصالِ ثواب', 'ieesaal-e-sawaab')","('ایصالِ ثواب اور تعزیت', 'esaal-e-sawab-or-taziyat')"
18-01-2020,https://www.banuri.edu.pk/readquestion/مقروض-پاکستانی-عوام-پر-حج-کی-فرضیت-144105200777/18-01-2020,مقروض پاکستانی عوام پر حج کی فرضیت,اخبار میں لکھاہواتھاکہ ہر پاکستانی ایک لاکھ پندرہ ہزار مقروض ہے، ایک صاحب نے کہا کہ اتنے پیسے ہوں کہ قرض(ایک لاکھ پندرہ ہزرا) کے بغیر انسان حج کرسکے زاد راحلہ گھر کا نفقہ کے ساتھ پھر حج فرض ہوگایعنی مقروض قرض کو منہا کرے گا،  پھر باقی ماندہ پیسوں سے حج کرے گا کیا اسی طرح ہے ؟,"<p><p style=""text-align:justify;"">صورتِ مسئولہ میں حکم رانوں  کی جانب سے قرضہ لینے کی وجہ سے رعایا کے ہر فرد کے مقروض ہونے کا جو حساب لگایا گیا ہے، اس کی وجہ سے زکاۃ اور حج کی فرضیت کے لیے حساب کردہ رقم کے علاوہ رقم کا ہونا شرط نہیں۔ اس مسئلے سے متعلق جامعہ سے تفصیلی فتویٰ جاری ہوچکا ہے، درج ذیل لنک پر جاری شدہ فتوی سے استفادہ کیا جا سکتا ہے:</p><p style=""text-align:justify;"">https://www.banuri.edu.pk/readquestion/حکمران-کے-قرضہ-لینے-کی-وجہ-سے-رعایا-میں-سے-ہر-ایک-کا-مقروض-ہوجانا-وجوب-زکوة-سے-مانع-ہونے-کا-سبب-شمار-ہوگا/20-06-2019</p><p style=""text-align:justify;"">فقط واللہ اعلم</p></p>",144105200777,banuri,"('حج', 'haj')","('حج / عمرہ', 'hajj-umrah')","('فرضیت وشرائط حج', 'fardhiyat-o-sharaait-haj')"
10-12-2019,https://www.banuri.edu.pk/readquestion/بڑی-ٹینکی-میں-چوہا-گرگیا-144104200421/10-12-2019,بڑی ٹینکی میں چوہا گرگیا,پانی کی بڑی سرکاری ٹینکی جس میں چوہا گر کر مر گیا اور پھٹا نہیں، نکال دیا گیا،  تو اب اس ٹینکی کا اور پانی کا کیا حکم ہے؟,"<p><p style=""text-align:justify;"">مذکورہ ٹینکی اگر 225 اسکوائر فٹ سے بڑی ہو تو بڑے حوض کی مانند اس کے پانی کا حکم جاری پانی والا ہوگا، یعنی جس طرف چوہا گرکر مرا ہے اور پھولنے،  پھٹنے سے پہلے نکال لیا گیا اور وہاں نجاست کے اثرات بھی نہیں رہے تو اس جگہ سے طہارت حاصل کی جاسکتی ہے۔ اور اگر مذکورہ ٹینکی 225 اسکوائر فٹ سے چھوٹی ہو تو اس میں چوہے کے گرنے اور مرنے سے اس ٹنکی کا پانی ناپاک  ہو گا،  اور اس ٹینکی کوپاک کرنے کے لیے اگر چوہے کے اجزا باقی ہوں تو انہیں نکالنا ضروری ہوگا، جب تک وہ اجزا موجود ہوں وہ پاک نہیں ہوگی، اس لیے اولاً انہیں نکالا جائے گا اور اس کو خالی کرکے تین مرتبہ دھویا جائے گا ، اور ہر مرتبہ اس کے پانی کو نکالا جائے گا اور اگر یہ مشکل ہو تو   چوہے کے اجزا نکالنے کے بعد اس میں ایک جانب سے پانی داخل کیا جائے اوردوسری جانب سے  بہتا چھوڑ دیا جائے یہاں تک کہ ٹینکی کے پانی سے بدبو ختم ہوجائے اور اس کا ذائقہ معمول کے مطابق ہوجائے۔ ایسا کرنے سے ٹینکی پاک ہو جائے گی۔</p><p style=""text-align:justify;""><span class=""ar_writing"">البحر الرائق شرح كنز الدقائق(1 / 461):<br/>
""فعلى هذا إذا وقعت الفأرة في الصهريج أو الفسقية ولم يكونا عشرًا في عشر ، فإنّ الماء كلّه يهراق كما لايخفى ... الخ</span>فقط واللہ اعلم</p></p>",144104200421,banuri,"('طہارت', 'taharat')","('پانی کے احکام', 'pani-k-ahkam')","('پانی کی اقسام اور احکام', 'pani-k-ahkam')"
18-01-2020,https://www.banuri.edu.pk/readquestion/کینگرو-کھانے-کا-حکم-144105200786/18-01-2020,کینگرو کھانے کا حکم,کیا اسلام میں کینگرو کھانا حلال ہے؛ کیوں کہ اس کے بارے میں ہم نے بہت جگہ حلال ہونے کے بارے میں سنا ہے، صحیح بات بتادیں!,"<p><p style=""text-align:justify;"">’’کینگرو‘‘  حلال جانور ہے ؛ کیوں کہ اس میں ہماری معلومات کی حد تک حرمت کی کوئی دلیل(  گوشت خور یا درندہ صفت ہونا،  گندگی کھانے والا ہونا  ، پلید ہونا)نہیں پائی جاتی۔</p><p style=""text-align:justify;"">ماہرینِ علمِ حیوانات کے مطابق یہ گھاس خور جانور ہے،  گوشت خور یا درندہ نہیں ہے،  نہ ہی گندگی کھانے والا ہے،  اور نہ ہی خبائث میں داخل ہے۔ (ہندیہ: ٥ / ٢٨٩، شامی: ٤ / ٣٠٤)  فقط واللہ اعلم</p></p>",144105200786,banuri,"('حظر و اباحت', 'mamnooaat-mubahat')","('ماکولات / مشروبات', 'makoolat-mashroobat')","('کھانے پینے کی حلال و حرام ، مکروہ و مباح اشیاء', 'khanay-penay-ki-halal-o-haram-makroh-o-mubah-ashya')"
15-01-2020,https://www.banuri.edu.pk/readquestion/دو-ماہ-کی-حاملہ-سے-جماع-144105200693/15-01-2020,دو ماہ کی حاملہ سے جماع,کیا 2 ماہ کی حاملہ بیوی سے جماع جائزہے؟ اور کب تک جائز ہے، مطلب وضع حمل سے کتنا پہلے تک ؟,"<p><p style=""text-align:justify;"">حالتِ حمل میں کسی بھی وقت بیوی سے ہم بستری کرنا شرعاً جائز ہے، بلکہ فقہاء نے لکھا ہے کہ حالتِ حمل میں ہم بستری کرنے سے بچے کے بال بڑھتے ہیں اور اس کی بینائی اور سماعت بھی تیز ہوتی ہے، البتہ اگر کوئی دِین دار و ماہر طبیب یا ڈاکٹر کسی عذر کی بنا پر احتیاط کا مشورہ دے تو اس کی بات پر عمل کرنا چاہیے۔</p><p style=""text-align:justify;"">"" <strong>الدر المختار مع ردالمحتار""</strong> میں ہے:</p><p style=""text-align:justify;""><span class=""ar_writing"">""لئلا يسقي ماء ه زرع غيره؛ إذ الشعر ينبت منه.<br/>
(قوله: إذ الشعر ينبت منه) المراد ازدياد نبات الشعر، لا أصل نباته، ولذا قال في التبيين والكافي : لأن به يزداد سمعه وبصره حدةً كما جاء في الخبر. اهـ.<br/>
وهذه حكمته، وإلا فالمراد المنع من الوطء ؛ لما في الفتح قال رسول الله صلى الله عليه وسلم : «لايحل لامرئ يؤمن بالله واليوم الآخر أن يسقي ماء ه زرع غيره». يعني إتيان الحبلى. رواه أبو داود والترمذي وقال:حديث حسن. اهـ. شرنبلالية"". (الدر المختار مع رد المحتار (3/ 49) </span> فقط واللہ اعلم</p></p>",144105200693,banuri,"('حقوق و آدابِ معاشرت', 'huqooq-muashret')","('حقوق', 'bahmi-huqooq')","('میاں ، بیوی کے حقوق', 'mian-biwi-k-huqooq')"
10-11-2019,https://www.banuri.edu.pk/readquestion/نزاع-کی-تکلیف-مسلمان-کے-لئے-نیکی-ہے-144103200263/10-11-2019,نزع کی تکلیف مسلمان کے لیے نیکی ہے,نزع کی کیفیت طویل ہوجائے، تین چار دن۔ کیا اس پر کوئی اجر اللہ تعالی کی طرف سے ہے۔ نیز یہ بھی بتائیں، یہ طوالت کس طرف اشارہ کرتی ہے؟,"<p><p style=""text-align:justify;"">نزع کے وقت مسلمان کو جو تکلیف ہوتی ہے اس پر اللہ رب العزت کی جانب سے نیکیاں عطا کی جاتی ہیں، جیساکہ سنن ابن ماجہ  میں بروایت حضرت عائشہ رضی اللہ عنہا مروی ہے کہ رسول اللہ صلی اللہ علیہ وسلم ان کے پاس تشریف لائے اس حال میں کہ ان کے پاس ان کا کوئی قریبی رشتہ دار موت کی سختی میں مبتلا تھا، رسول اکرم صلی اللہ علیہ وسلم نے مشاہدہ فرماکر حضرت عائشہ رضی اللہ عنہا سے فرمایا: اپنے رشتہ دار پر غمگین نہ ہو، اس لیے کہ یہ اس کی نیکیاں ہیں۔</p><p style=""text-align:justify;""><span class=""ar_writing"">1451 - حَدَّثَنَا هِشَامُ بْنُ عَمَّارٍ قَالَ: حَدَّثَنَا الْوَلِيدُ بْنُ مُسْلِمٍ قَالَ: حَدَّثَنَا الْأَوْزَاعِيُّ، عَنْ عَطَاءٍ، عَنْ عَائِشَةَ، أَنَّ رَسُولَ اللَّهِ صَلَّى اللهُ عَلَيْهِ وَسَلَّمَ دَخَلَ عَلَيْهَا وَعِنْدَهَا حَمِيمٌ لَهَا يَخْنُقُهُ الْمَوْتُ، فَلَمَّا رَأَى النَّبِيُّ صَلَّى اللهُ عَلَيْهِ وَسَلَّمَ مَا بِهَا قَالَ لَهَا «لَا تَبْتَئِسِي عَلَى حَمِيمِكِ، فَإِنَّ ذَلِكَ مِنْ حَسَنَاتِهِ»  </span></p><p style=""text-align:justify;""><span class=""ar_writing"">[شرح محمد فؤاد عبد الباقي]:</span></p><p style=""text-align:justify;""><span class=""ar_writing"">[ش (حميم) أي قريب. (يخنقه) أي يضيق عليه. (لا تبتئس) أي لا تحزني] ( بَابُ مَا جَاءَ فِي الْمُؤْمِنِ يُؤْجَرُ فِي النَّزْعِ، الحديث: 1451، 1 / 467)</span></p><p style=""text-align:justify;"">نیز حضرت عائشہ رضی اللہ عنہا سے ہی اس مضمون کی روایت ہے کہ جب سے رسول اللہ ﷺ کی وفات کی تکلیف میں نے دیکھی، اب میں کسی (مسلمان) میت کی حالتِ نزع کی تکلیف کو اس کے حق میں برا نہیں سمجھتی۔ </p><p style=""text-align:justify;"">پس مذکورہ حدیث سے معلوم ہوتا ہے کہ نزاع کے وقت ہونے والی سختی مرنے والے کی بد اعمالیوں کا ہر گز نتیجہ نہیں ہوتی، مسلمان کے حق میں اس پر اجر و ثواب اور گناہوں کی معافی کی ہی امید رکھنی چاہیے۔ فقط واللہ اعلم</p></p>",144103200263,banuri,"('جنائز', 'janaiz')","('نماز جنازہ', 'namaz-e-jinazah')","('جنازہ اور نماز جنازہ کے احکام (فرائض، سنن، مستحبات، مکروہات)', 'janaza-or-namaz-e-janaza')"
29-07-2019,https://www.banuri.edu.pk/readquestion/کسی-مسلمان-کو-منافق-کہنے-سے-کیا-نکاح-ٹوٹ-جاتا-ہے/29-07-2019,کسی مسلمان کو منافق کہنے سے کیا نکاح ٹوٹ جاتا ہے؟,کیا ایسا عالم جو غلط کام کرتا ہو، غیر شرعی تعویذ کرتا ہو اور منافقت کرتا ہو .کہتا کچھ اور ہو کرتا کچھ اور ہو،  کیا ایسے عالم کو ’’منافق‘‘  کہنے سے نکاح ٹوٹ جاتا ہے؟,"<p><p style=""text-align:justify;"">آپ کے سوال کے دو جز ہیں: ایک:  کسی مسلمان کو منافق کہنا۔ دوسرا:  کسی کو منافق کہنے سے نکاح ٹوٹنے کا حکم۔</p><p style=""text-align:justify;"">واضح رہے کہ نفاق ایک مخفی بیماری ہے، جس کے بارے میں بالیقین فیصلہ کرنے کا کسی  کو حق نہیں، صحابہ کرام رضی اللہ عنہم سے منقول ہے کہ نفاق کا فیصلہ رسول اللہ ﷺ کے دور کے ساتھ خاص تھا، اب یا تو مؤمن ہے یا کافر۔ لہٰذا کسی مسلمان کو  متعینہ طور پر منافق کہنا جائز نہیں ہے۔ بدعملی بے شک گناہ ہے، دوسروں کو نیکی کی تلقین کرنا اور خود عمل نہ کرنا بھی بلاشبہ کوتاہی ہے، لیکن اس کی وجہ سے کسی کو منافق کہنے کا حق نہیں ہے۔  جیسے کسی مسلمان کو گالی دینا یا کافر کہنا حرام ہے، اسی طرح منافق کہنا بھی ناجائز ہے۔ لہٰذا جس کسی نے متعینہ طور پر کسی مسلمان کو منافق کہا ہو تو اسے چاہیے کہ اس سے معافی مانگ لے، ورنہ صاحبِ حق بدلے کا حق رکھتاہے۔ آئندہ بھی اس سے اجتناب ضروری ہے۔</p><p style=""text-align:justify;"">جہاں تک  ان کلمات سے نکاح ٹوٹنے کا حکم ہے، تو   کسی کو منافق کہنے سے کہنے والے کا نکاح نہیں ٹوٹتا۔ فقط واللہ اعلم</p></p>",144010201208,banuri,"('ایمان و عقائد', 'aqaed')","('کفر و شرک اور ان کے احکام', 'kufr-o-shirk-aur-un-k-ahkam')","('کفر و شرک اور ان کی اقسام', 'kufr-o-shirk-aur-un-ki-aqsaam')"
23-10-2019,https://www.banuri.edu.pk/readquestion/پائپ-کے-ذریعہ-مربوط-کرنے-کی-وجہ-سے-ٹینکیوں-کے-پانی-کا-حکم-2/23-10-2019,پائپ کے ذریعہ مربوط کرنے کی وجہ سے ٹینکیوں کے پانی کا حکم,پانی کی مختلف ٹنکیاں آپس میں مربوط کردینے کی وجہ  سے وہ پانی جاری پانی کے حکم ہوگا یا نہیں؟  مثلاً 19ٹنکیوں کو  پائپ کے ذریعے آپس میں مربوط کردیا جائے تو وہ پانی جاری پانی کے حکم میں ہوگا یا نہیں؟  اگر اس میں نجاست گر جائے تو کیا حکم ہے ؟,"<p><p style=""text-align:justify;"">اگر کسی ٹینکی کا پانی ناپاک ہو جائے اور اس میں ایک طرف سے پانی داخل کیا جائے اور دوسری طرف سے پائپ کے ذریعہ اس کا پانی نکل رہا ہو تو ایسی ٹینکی کے پانی کو جاری کہا جائے گا، اور جاری ہونے کی وجہ سے (اگر اس میں نجاست کوئی وصف یعنی رنگ، ذائقہ یا بو محسوس نہ ہو تو) وہ پاک ہو جائے گا؛  لہذا ٹینکیوں کو باہم مربوط کرنے کی وجہ سے اگر ایک ٹینکی کا پانی اس ٹینکی سے دوسری میں منتقل ہو جاتا ہے تو یہ جاری ہو گا اور اگر اس پانی میں نجاست کا کوئی اثر نہ ہو تو وہ پاک شمار ہوگا۔</p><p style=""text-align:justify;""><span class=""ar_writing"">الفتاوى الهندية (1/ 17):<br/>
""حوض صغير تنجس ماؤه فدخل الماء الطاهر فيه من جانب وسال ماء الحوض من جانب آخر"".</span></p><p style=""text-align:justify;""><span class=""ar_writing"">الدر المختار وحاشية ابن عابدين (رد المحتار) (1/ 187):<br/>
""والعرف الآن أنه متى كان الماء داخلًا من جانب وخارجًا من جانب آخر يسمى جاريًا وإن قل الداخل"". </span> فقط واللہ اعلم</p></p>",144102200182,banuri,"('طہارت', 'taharat')","('پانی کے احکام', 'pani-k-ahkam')","('پانی کی اقسام اور احکام', 'pani-k-ahkam')"
25-09-2019,https://www.banuri.edu.pk/readquestion/عورت-کا-اذان-دینا-144012201434/25-09-2019,عورت کا اذان دینا,اگر کسی جگہ صرف عورتیں ہوں اور نماز کا وقت ہوجائے تو کیا  ان کے لیے بھی  اذان دینا ضروری ہے؟  میرا پوچھنے کا مقصد ے  ہے کہ اذان اور اقامت عورتوں  کے لیے بھی ہیں یا نہیں؟,"<p><p style=""text-align:justify;"">عورتوں کے لیے اذان  یا اقامت کہنا جائز نہیں ہے، خواہ  وہ کہیں مقیم ہوں یا سفر میں ہوں۔ اذان اور اقامت ایسے اعمال ہیں جن کی انجام دہی مردوں کے ساتھ خاص ہے۔  مردوں کی کہی ہوئی اذان ان کے لیے بھی کافی ہے۔ اگرنماز کے لیے عورت نے اذان دی تو اس کا اعادہ کیا جائےگا۔ عورت نماز سے پہلے بھی اقامت نہیں کہے گی۔  </p><h3 style=""text-align:justify;""><span class=""ar_writing""><a href=""https://books.google.com.my/books?id=So1MCwAAQBAJ&amp;pg=PT117&amp;lpg=PT117&amp;dq=%D8%B9%D9%88%D8%B1%D8%AA+%D8%A7%D8%B0%D8%A7%D9%86&amp;source=bl&amp;ots=-M6KNke3uq&amp;sig=ACfU3U3nbfaEAX0VIi_9scjotmVnH0tocw&amp;hl=en&amp;sa=X&amp;ved=2ahUKEwikurSn5IblAhUL6Y8KHcMpA_A4FBDoATADegQIBxAB"">الموسوعة الفقهية - ج 22</a>:</span></h3><p style=""text-align:justify;""><span class=""ar_writing"">""د - اختصاص الأذان بالرجال دون النساء :</span></p><p style=""text-align:justify;""><span class=""ar_writing"">٥ - من الشروط الواجبة في المؤذن أن يكون رجلاً"".</span></p><p style=""text-align:justify;""><span class=""ar_writing"">""ویکره أذان … امرأة"". (الدر المختار ۱/۳۶۴ باب الأذان)</span></p><p style=""text-align:justify;""><span class=""ar_writing"">""وکذا یعاد أذان امرأة"". (الدر المختار ۱/۳۶۵ایضاً)</span> فقط واللہ اعلم</p></p>",144012201434,banuri,"('نماز', 'salat')","('اذان', 'azan')","('اذان و اقامت', 'azan-o-iqamat')"
25-06-2019,https://www.banuri.edu.pk/readquestion/نسوار-پان-بیڑی-سیگریٹ-اور-گٹکا-کھانا/25-06-2019,نسوار، پان، بیڑی، سیگریٹ اور گٹکا کھانا,نسوار،  پان،  بیڑی،  سیگریٹ،  گٹکا وغیرہ کا کیا حکم ہے؟ یہ حرام ہے یا مکروہ؟  اگرمکروہ ہے تو کس قدر؟  اور ان میں اور شراب میں کیا فرق ہے؟ حال آں کہ دونوں ہی نشہ آور ہیں، تو حکم کا اختلاف کیوں؟,"<p><p style=""text-align:justify;"">نسوار، پان، بیڑی اور سگریٹ کا استعمال فی نفسہ مباح ہے، البتہ سگریٹ اور بیڑی منہ میں بدبو کا باعث ہونے کی وجہ سے ناپسندیدہ ہے، لہٰذا مذکورہ اشیاء اگر استعمال کی ہوں تو منہ صاف کرکے بدبو زائل کرکے نماز و تلاوت کرنا چاہیے۔</p><p style=""text-align:justify;"">جہاں تک گٹکے کی بات ہے تو یہ صحت کے لیے مضر ہے، اس لیے اس سے اجتناب لازم ہے۔</p><p style=""text-align:justify;"">تاہم ان اشیاء میں ایسا نشہ نہیں ہوتا ہے جس کی وجہ سے عقل مغلوب ہو جائے؛  اس لیے اسے نشہ آور نہیں کہا جا سکتا، بلکہ ان کے استعمال کی عادت پڑجانے کی وجہ سے ان کا ترک مشکل ہوجاتاہے، اور جب ان اشیاء کا عادی ان چیزوں کا استعمال نہ کرے تو اسے سر میں درد ہوتاہے، یا مشکل پیش آتی ہے، جیساکہ بعض لوگوں کو چائے کی ایسی عادت ہوجاتی ہے۔</p><p style=""text-align:justify;"">اور شراب چوں کہ قرآنِ مجید اور احادیثِ مقدسہ کی رو سے صریح حرام ہے، اس لیے وہ حرام ہے، اور شراب کے لیے عربی زبان میں ’’خمر‘‘ کا لفظ استعمال ہوتاہے، شرعی اور لغوی دونوں اعتبار سے ’’خمر‘‘ ایک خاص مشروب ہے جو انگور یا کھجور سے خاص کیفیت سے تیار کیا جاتاہے، اس میں شدت اور جھاگ پیدا ہوجاتی ہے۔ یہ بنصِّ قرآنی رجس (نجس) اور حرام ہے، اس کا پینا شیطانی عمل ہے، اور احادیثِ مبارکہ میں اس کی وجہ سے دس طرح کے لوگوں پر لعنت وارد ہوئی ہے، یعنی پینے والا، پلانے والا، خریدنے والا، بیچنے والا، اسے اٹھاکر لے جانے والا۔۔۔ وغیرہ وغیرہ</p><p style=""text-align:justify;"">ہر نشہ آور چیز  یا ہر نشہ آور مشروب کو نہ تو لغۃً ’’خمر‘‘ (شراب)  کہا جاتاہے، نہ ہی شرعی اعتبار سے وہ ’’خمر‘‘ (شراب) ہے۔ نیز نشہ آور اشیاء کے استعمال سے پیدا ہونے والے نشے سے مراد ایسی کیفیت ہے جس سے انسان کی چال میں فرق آجائے، یا وہ رشتوں میں تمییز کھوبیٹھے، وغیرہ۔ نشہ سے مراد کسی چیز کی مطلقاً عادت یا اس کے چھوڑنے سے سر  میں درد پیدا ہونا نہیں ہے۔</p><p style=""text-align:justify;"">بہرحال اگر ’’خمر‘‘ کے علاوہ کسی مشروب سے ایسا نشہ پیدا ہوجائے جس سے عقل مغلوب ہوجائے اور اس کی چال میں فرق آجائے یا وہ رشتوں کا فرق اور اس حالت میں انسان کی پہچان کھوبیٹھے تو اس نشہ آور مشروب کو بھی ناجائز کہا جائے گا، لیکن اسے ’’خمر‘‘ (شراب) پھر بھی نہیں کہا جائے گا، جس حدیثِ مبارک میں ہر نشہ آور چیز کو حرام کہا گیا ہے، اس سے ایسے ہی نشہ آور مشروب مراد ہیں۔ نیز ’’خمر‘‘ (شراب) اور دیگر نشہ آور مشروب کے حکم میں حدّ کے اجرا، نجاست کی شدت اور دیگر بہت سے اعتبارات سے پھر بھی فرق رہے گا۔ </p><p style=""text-align:justify;"">فتاوی رشیدیہ میں ہے:</p><p style=""text-align:justify;"">’’سوال: حقہ پینا ، تمباکو کا کھانا یا سونگھنا کیسا ہے؟ حرام ہے یا مکروہ تحریمہ یا مکروہ تنزیہہ ہے؟  اور تمباکو فروش اور نیچے بند کے گھر کا کھانا کیسا ہے؟</p><p style=""text-align:justify;"">جواب: حقہ پینا، تمباکو کھانا مکروہِ تنزیہی ہے اگر بو آوے،  ورنہ کچھ حرج نہیں اور تمباکو فروش کا مال حلال ہے، ضیافت بھی اس کے گھر کھانا درست ہے‘‘۔ ( کتاب جواز اور حرمت کے مسائل، ص: 552، ط: ادراہ صدائے دیوبند) فقط واللہ اعلم</p></p>",144010200376,banuri,"('حظر و اباحت', 'mamnooaat-mubahat')","('ماکولات / مشروبات', 'makoolat-mashroobat')","('کھانے پینے کی حلال و حرام ، مکروہ و مباح اشیاء', 'khanay-penay-ki-halal-o-haram-makroh-o-mubah-ashya')"
14-01-2020,https://www.banuri.edu.pk/readquestion/پیدائش-کے-موقع-پر-نو-مولود-کو-دیئے-جانے-والے-تحفہ-کا-حکم-144105200649/14-01-2020,پیدائش کے موقع پر نو مولود کو دیے جانے والے تحفہ کا حکم,"ایک رسم کے متعلق راہ نمائی درکار ہے کہ جب کسی گھرانے میں بچے کی پیدائش ہوتی ہے تو پیدائش کے ساتویں روز دن یا رات کے اوقات میں گاؤں کے لوگ اور دوست احباب اس گھرانے میں آتے ہیں, مرد حضرات حجرے یعنی بیٹھک میں, جب کہ مستورات گھر میں بیٹھتی  ہیں۔ مستورات بچے کو پیسے دیتی ہیں، اور گھر والے مرد اور عورتوں کو مٹھائی کھلاتے ہیں۔اب سوال یہ ہے کہ یہ رسم منانا بدعت میں شامل ہے یا نہیں? اگر بدعت نہیں تو اس رسم کا منانا جائز ہے یا ناجائز ? اگر جائز ہے تو افضل طریقہ کیا ہوگا؟","<p><p style=""text-align:justify;"">بچے کی پیدائش پر رشتہ داروں اور دوست احباب کی جانب سے نومولود کو کا بطورِ  تحفہ نقدی یا کپڑے وغیرہ دینا فی نفسہ مباح عمل  ہے،  جو  صلہ رحمی کے طور پر  دینے کی صورت میں باعثِ اجر و  ثواب  بھی ہے۔   البتہ  جہاں لین دین کا رواج محض رسمی طور پر ہو، اور دینے لینے والوں کا مقصد صلح رحمی نہ ہو ، بلکہ تحفہ  اس غرض سے دیا جائے کہ ہماری خوشی میں بھی یہ لوگ  تحفہ دیں گے، یعنی  بدلہ چکانا یا بدلہ حاصل کرنا پیشِ نظر ہو، یا شرما حضوری میں  دینا کہ اگر نہ دیا  تو لوگ کیا کہیں گے؟ یا حیثیت  نا ہو نے  کے باوجود ، تحفہ  دینے کو ضروری سمجھنا،  اور تحفہ نہ ملنے یا کم ملنے پر  شکوہ شکایت کی جاتی ہو ،  اور حساب کتاب رکھا جاتا ہو کہ کس نے کتنا دیا کہ ہم بھی اتنا ہی انہیں واپس کریں گے، یا اس قسم کی غیرضروری پابندیوں کی رعایت کی جاتی ہو  تو اس صورت میں پیدائش کے موقع پر مذکورہ رواج   واجب الترک ہوگا۔</p><p style=""text-align:justify;"">لہذا  صورتِ مسئولہ میں پیدائش کے موقع پر   اگر محض رواج کے طور پر دینے کا اہتمام کیا جاتا ہو، تو ایسے رواج کو ترک کرنا ضروری ہوگا،  البتہ اگر کوئی برضا و خوشی تحفہ دے تو لینے کی اجازت ہوگی۔ فقط واللہ اعلم</p></p>",144105200649,banuri,"('حظر و اباحت', 'mamnooaat-mubahat')","('ماکولات / مشروبات', 'makoolat-mashroobat')","('ہدیہ اور ضیافت کے احکام', 'hadya-or-ziyafat-k-ahkam')"
14-01-2020,https://www.banuri.edu.pk/readquestion/خراب-قبر-درست-کرنے-کا-کیا-طریقہ-ہے-144105200646/14-01-2020,خراب قبر درست کرنے کا کیا طریقہ ہے؟,اگر بارش کی وجہ سے قبر خراب ہوجاۓ یا بیٹھ جاے تو اس کو کیسے درست کیا جائے؟  کیا قبر کو کھول سکتے ہیں یا پھر ویسے ہی اوپر مٹی ڈال دیں؟,"<p><p style=""text-align:justify;"">صورتِ مسئولہ میں قبر کھول کر تختے نکال کر دوبارہ درست نہ کیا جائے، بلکہ قبر کے اوپر مٹی ڈال کر درست کردیا جائے، قبر اکھاڑ کر اندر سے تختہ وغیرہ درست کرنا یا میت کو نکال کر دوسری قبر میں منتقل کرنا جائز نہیں۔</p><p style=""text-align:justify;"">فتاوی شامی میں ہے:</p><p style=""text-align:justify;""><span class=""ar_writing"">’’(قَوْلُهُ: وَلَايُنْبَشُ لِيُوَجَّهَ إلَيْهَا) أَيْ لَوْ دُفِنَ مُسْتَدْبِرًا لَهَا وَأَهَالُوا التُّرَابَ لَايُنْبَشُ؛ لِأَنَّ التَّوَجُّهَ إلَى الْقِبْلَةِ سُنَّةٌ، وَالنَّبْشَ حَرَامٌ، بِخِلَافِ مَا إذَا كَانَ بَعْدَ إقَامَةِ اللَّبِنِ قَبْلَ إهَالَةِ التُّرَابِ؛ فَإِنَّهُ يُزَالُ وَيُوَجَّهُ إلَى الْقِبْلَةِ عَنْ يَمِينِهِ، حِلْيَةٌ عَنْ التُّحْفَةِ‘‘. ( كتاب الصلاة، باب صلاة الجنازة، مطلب في دفن الميت، ٢ / ٢٣٦) </span></p><p style=""text-align:justify;"">فتاوى ہندیہ میں ہے:</p><p style=""text-align:justify;""><span class=""ar_writing"">""وَإِذَا خَرِبَتْ الْقُبُورُ فَلَا بَأْسَ بِتَطْيِينِهَا، كَذَا فِي التَّتَارْخَانِيَّة، وَهُوَ الْأَصَحُّ، وَعَلَيْهِ الْفَتْوَى، كَذَا فِي جَوَاهِرِ الْأَخْلَاطِيِّ"". ( ٤ / ٤٧٩) </span>فقط واللہ اعلم</p></p>",144105200646,banuri,"('جنائز', 'janaiz')","('نماز جنازہ', 'namaz-e-jinazah')","('جنازہ اور نماز جنازہ کے احکام (فرائض، سنن، مستحبات، مکروہات)', 'janaza-or-namaz-e-janaza')"
14-01-2020,https://www.banuri.edu.pk/readquestion/تراویح-کی-نماز-کو-تراویح-کہنے-کی-وجہ-144105200628/14-01-2020,تراویح کی نماز کو تراویح کہنے کی وجہ,نمازِ تروایح کو  ’’تراویح‘‘  کیوں کہا جاتا ہے اوریہ لفظ ’’تراویح‘‘  کس نے نکالا؟,"<p><p style=""text-align:justify;"">تراویح  <span class=""ar_writing"">”تَرْوِیْحَةٌ“ </span> کی جمع ہے، اور <span class=""ar_writing"">”ترویحة“ </span> ایک دفعہ آرام کرنے کو کہتے ہیں جیسے <span class=""ar_writing"">”تسلیمة“</span>  ایک مرتبہ سلام پھیرنے کو کہتے ہیں۔(فتح الباری 4/250، کتاب صلاۃ التراویح)</p><p style=""text-align:justify;"">شریعت کی اصطلاح میں ’’تراویح‘‘ وہ نماز ہے جو سنتِ مؤکدہ ہےاور رمضان المبارک کی راتوں میں عشاء کی نماز کے بعد سے صبح صادق کے درمیان پڑھی جاتی ہے۔ عام رواج اور معمول عشاء کے بعد متصل پڑھنے کا ہے۔(اوجز المسالک، 2/514 ، باب ما جاء فی قیام رمضان)</p><p style=""text-align:justify;"">اور تراویح کی نماز کا ’’تراویح‘‘ کے لفظ کے ساتھ  نام رکھنے کی وجہ یہ ہے کہ جب صحابہ کرام رضی اللہ عنہم جماعت اور اہتمام کے ساتھ پہلی مرتبہ اس نماز کو ادا کرنے کے لیے جمع ہوئے تو وہ ہر دوسلام (چاررکعتوں ) کے بعد ترویحہ یعنی آرام اور وقفہ کرتے تھے، یعنی اس نام کو صحابہ کرام رضی اللہ عنہم کے زمانے سے ہی نسبت ہے، متعینہ طور پر سب سے پہلے کس نے یہ اصطلاح استعمال کی، اس کا علم نہیں۔(فتح الباری 4/250، کتاب صلاۃ التراویح)  فقط واللہ اعلم</p></p>",144105200628,banuri,"('نماز', 'salat')","('تراویح', 'taraweeh')","('تراویح', 'taraweeh')"
13-01-2020,https://www.banuri.edu.pk/readquestion/اسلامی-بینک-سے-قسطوں-پر-گاڑی-لینا-/13-01-2020,اسلامی بینک سے قسطوں پر گاڑی لینا,کسی بھی اسلامی بینک (مثلاً میزان بینک،دبئی  اسلامک بینک،فیصل اسلامک بینک)  سے گاڑی قسطوں میں لے سکتے ہیں؟,"<p><p style=""text-align:justify;"">قسطوں پر خرید وفروخت فی نفسہ تو جائز ہے، لیکن ہماری تحقیق کے مطابق  بینک اس معاملے کی شرعی  شرائط کی پاس داری نہیں کرتے؛ لہٰذا کسی بینک سے قسطوں پر خرید وفروخت جائز نہیں ہے۔فقط واللہ اعلم</p></p>",144105200587,banuri,"('معاملات', 'muamlat')","('سود / بینکاری / انشورنس / شیئرز', 'sood-bankari-insurance-shares')","('اسلامی بینکاری', 'islami-bankari')"
13-01-2020,https://www.banuri.edu.pk/readquestion/تعبیر-الرؤیا-144105200569/13-01-2020,خواب میں طواف میں غلطی کی تعبیر,خواب میں کعبہ اللہ کی زیارت اور اس کے طواف کرنے میں غلطی ہوتی ہے۔  کیا تعبیر ہوتی ہے؟,"<p><p style=""text-align:justify;"">علمائے حق کے بارے میں اپنا ذہن صاف رکھیں، بدگمانی سے بچیں۔ فقط واللہ اعلم</p></p>",144105200569,banuri,"('علوم و فنون', 'uloom-funoon')","('تعبیر الرؤیا', 'mutafarriq-deeni-uloom')","('بعض خوابوں کی تعبیر', 'baaz-khuwabon-ki-taabeer')"
11-01-2020,https://www.banuri.edu.pk/readquestion/علم-نجوم-پر-یقین-رکھنا-144105200477/11-01-2020,علمِ نجوم پر یقین رکھنا اور مستقبل کے حالات جاننے کا حکم,یہ جو ستارے ہوتے ہیں، (مثلاً برج سنبلہ، ورگو وغیرہ) ان   کی چال سے مستقبل کے حالات کے حوالے سے جاننا سننا کیسا ہے؟,"<p><p style=""text-align:justify;"">ستاروں کی چال سے مستقبل کے حالات جاننے کی کوشش کرنا، اور ان باتوں پر یقین کرنا ناجائز و حرام ہے۔  ستاروں کا علم سیکھنے کو اللہ کے رسول صلی اللہ علیہ وسلم نے نا پسند فرمایا ہے۔  ستاروں کی تخلیق کے من جملہ فوائد میں سے اللہ رب العزت نے ان کے ذریعے سمت، راستے اور اوقات کا جاننا بیان فرمایا ہے۔ لہٰذ ا سمت، راستے، اوقات وغیرہ  جاننے کے لیے تو ستاروں کے علوم سیکھ  سکتے ہیں۔  نیز ان کی چال سے ظنی اور تخمینی طور پر موسم کے اندازا کیا جاسکتاہے، جیساکہ خاص اوقات اور کیفیات سے بادلوں کے جمع ہونے سے بارش برسنے پر ممکنہ استدلال کیا جاتاہے، لیکن قطعی اور یقینی طور پر دعویٰ نہیں کیا جاسکتا۔ </p><p style=""text-align:justify;""> سنن ابن ماجہ میں ہے:</p><p style=""text-align:justify;""><span class=""ar_writing"">""حَدَّثَنَا أَبُو بَكْرٍ قَالَ: حَدَّثَنَا يَحْيَى بْنُ سَعِيدٍ، عَنْ عُبَيْدِ اللَّهِ بْنِ الْأَخْنَسِ، عَنِ الْوَلِيدِ بْنِ عَبْدِ اللَّهِ، عَنْ يُوسُفَ بْنِ مَاهَكَ، عَنِ ابْنِ عَبَّاسٍ قَالَ: قَالَ رَسُولُ اللَّهِ صَلَّى اللَّهُ عَلَيْهِ وَسَلَّمَ: مَنِ اقْتَبَسَ عِلْمًا مِنَ النُّجُومِ، اقْتَبَسَ شُعْبَةً مِنَ السِّحْرِ زَادَ مَا زَادَ"". (سنن ابن ماجه، كِتَابُ الْأَدَبِ، بَابُ تَعَلُّمِ النُّجُومِ، رقم: ٣٧٤٩)</span></p><p style=""text-align:justify;"">ترجمہ: حضرت عبداللہ بن عباس رضی اللہ عنہما کہتے ہیں کہ رسول اللہ ﷺ نے فرمایا: ’’ جس نے علم نجوم میں سے کچھ حاصل کیا ، اس نے سحر (جادو ) کا ایک حصہ حاصل کرلیا ، اب جتنا زیادہ حاصل کرے گا گویا اُتنا ہی زیادہ جادو حاصل کرے گا‘‘۔ </p><p style=""text-align:justify;"">لہذا صورتِ مسئولہ میں ستاروں کی چال دیکھ کر مستقبل کے حوالے پیش گوئی کرنا، یا کسی کے دعوے کو تسلیم کرنا، یا ایسی باتوں میں دل چسپی لینے سب ناجائز ہوگا۔ فقط واللہ اعلم</p></p>",144105200477,banuri,"('ایمان و عقائد', 'aqaed')","('اسلامی عقائد', 'islami-aqaed')","('قضاء و قدر', 'qaza-o-qadr')"
10-01-2020,https://www.banuri.edu.pk/readquestion/چاند-گرہن-یا-سورج-گرہن-کے-دوران-حاملہ-عورت-کا-جاگنا-144105200475/10-01-2020,چاند گرہن یا سورج گرہن کے دوران حاملہ عورت کا جاگنا,چاند گرہن اور سورج گرہن میں حاملہ عورت کے لیے جاگنا طبی لحاظ سے کیسا ہے،  کیوں کہ شرعی اعتبار سے سونے میں کوئی حرج نہیں ہے?,"<p><p style=""text-align:justify;"">سورج اورچاند گرہن اللہ رب العزت کی قدرت کی نشانیوں میں سےایک نشانی ہے، جس سے اللہ پاک اپنے بندوں کوتنبیہ فرماتےہیں، باقی جیسے عام انسانی جسم پراس کے  اثرات ظاہرہونے کی شرعاً  کوئی حقیقت نہیں ہے، اسی طرح چاند گرہن یا سورج گرہن کے دوران حاملہ عورت کے لیے جاگنے میں بھی شرعاً کوئی حرج نہیں ہے۔</p><p style=""text-align:justify;"">باقی طبی اعتبار سے معلومات کے لیے کسی اچھے طبیب یا ڈاکٹر وغیرہ سے پوچھ لیجیے۔ فقط واللہ اعلم</p></p>",144105200475,banuri,"('متفرق کتب', 'mutafarriq-kutub')","('متفرق ابواب', 'mutafarriq-abwab')","('متفرق فصول', 'mutafarriq-fusool')"
09-01-2020,https://www.banuri.edu.pk/readquestion/کٹے-ہوئے-اعضاء-کا-حکم-144105200448/09-01-2020,کٹے ہوئے اعضاء  کا حکم,شوگر  کی وجہ سے جو ٹانگ کاٹ دی جاتی ہے،  اس کے دفنانے کا کیا حکم ہے؟,"<p><p style=""text-align:justify;"">کٹے ہوئے اعضاء کو کسی کپڑے میں لپیٹ کر دفن کردیا جائے۔</p><p style=""text-align:justify;""><span class=""ar_writing"">الفتاوى الهندية (1 / 159):<br/>
""وإن وجد نصفه من غير الرأس أو وجد نصفه مشقوقًا طولًا؛ فإنه لايغسل ولايصلى عليه، ويلف في خرقة ويدفن فيها، كذا في المضمرات"". </span>فقط واللہ اعلم</p></p>",144105200448,banuri,"('حقوق و آدابِ معاشرت', 'huqooq-muashret')","('اَخلاقیات', 'akhlaaqiyaat')","('حسن اخلاق', 'husn-e-akhlaq')"
04-01-2020,https://www.banuri.edu.pk/readquestion/سنت-مؤکدہ-بعدیہ-ادا-کرنے-سے-پہلے-وقت-ختم-ہوجانے-کا-حکم-144105200231/04-01-2020,سنتِ مؤکدہ (بعدیہ) ادا کرنے سے پہلے وقت ختم ہوجانے کا حکم,ایک شخص انفرادی طور پر نماز کے فرض ادا کر چکا ہوتا ہے، اس دوران اگلی نماز کا وقت داخل ہو جاتا ہے، ایسی صورت میں سنتِ مؤکدہ کا کیا حکم ہے؟,"<p><p style=""text-align:justify;"">اگر کسی نماز کے فرض ادا کرنے کے بعد سنتِ مؤکدہ ادا کرنے سے پہلے اس نماز کا وقت ختم ہو جائے تو پھر سنتِ مؤکدہ کے چھوٹنے پر توبہ و استغفار کرنا چاہیے، تاہم فجر  کی نماز  کی دو سنت کے علاوہ کسی دوسری نماز کی سنتوں کی قضا مشروع نہیں ہے، اور فجر کی نماز کی سنتیں بھی اسی دن زوال سے پہلے پہلے پڑھی جاسکتی ہیں، اس کے بعد ان کی بھی قضا نہیں ہے۔ فقط واللہ اعلم</p></p>",144105200231,banuri,"('نماز', 'salat')","('سنن و نوافل', 'nawafil')","('سنن و نوافل', 'sunan-o-nawafi')"
20-12-2019,https://www.banuri.edu.pk/readquestion/موسم-سرما-کی-دو-دن-چھٹیوں-کی-وجہ-سے-مکمل-چھٹیوں-کی-کٹوتی-144104200735/20-12-2019,موسمِ سرما  کی دو دن چھٹیوں کی وجہ سے مکمل چھٹیوں کی کٹوتی,ایک اسکول اپنے اساتذہ کو موسم سرما کی تعطیلات از خود دے رہا ہے، مگر ان تعطیلات کی تنخواہ اس شرط پر دے گا کہ پڑھائی شروع ہونے سے دو دن پہلے اساتذہ حاضر ہوں، اگر کوئی استاد ان دو دنوں میں سے کسی بھی ایک دن غیر حاضر ہوگا تو اس کی مکمل تعطیلات کی تنخواہ کاٹ لی جائے گی، کیا یہ کٹوتی جائز ہے،  جب کہ اسکول نے خود چھٹی دی ہو؟,"<p><p style=""margin-left:0;margin-right:0;text-align:justify;"">اگر اسکول انتظامیہ اساتذہ کو اس بات کا پابند کرتی ہے کہ وہ موسم سرما کی چھٹیاں ختم ہونے سے دو دن پہلے اسکول میں حاضری دیں تو اساتذہ کے ذمہ لازم ہوگا کہ وہ چھٹیاں ختم ہونے سے دو دن پہلے اسکول میں حاضری دیں، اگر وہ ان دو دنوں میں حاضر نہ ہوسکیں تو صرف دو دنوں کی تنخواہ کاٹی جاسکتی ہے، بشرطیکہ چھٹیوں  کی کٹوتی کے لیے کوئی  دوسرا معاہدہ  نہ کیا گیا ہو، لیکن یہ جائز نہیں کہ دو دن چھٹی کرنے کی وجہ سے پوری چھٹیوں کی تنخواہ کاٹی جائے۔</p><p style=""margin-left:0;margin-right:0;text-align:justify;""><span class=""ar_writing"">غمز عيون البصائر (2 / 135):</span></p><p style=""margin-left:0;margin-right:0;text-align:justify;""><span class=""ar_writing"">""ومنها البطالة في المدارس، كأيام الأعياد ويوم عاشوراء، وشهر رمضان في درس الفقه لم أرها صريحةً في كلامهم.</span></p><p style=""margin-left:0;margin-right:0;text-align:justify;""><span class=""ar_writing"">والمسألة على وجهين: فإن كانت مشروطةً لم يسقط من المعلوم شيء، وإلا فينبغي أن يلحق ببطالة القاضي، وقد اختلفوا في أخذ القاضي ما رتب له من بيت المال في يوم بطالته، فقال في المحيط: إنه يأخذ في يوم البطالة؛ لأنه يستريح لليوم الثاني، وقيل: لايأخذ. انتهى</span></p><p style=""margin-left:0;margin-right:0;text-align:justify;""><span class=""ar_writing"">وفي المنية: القاضي يستحق الكفاية من بيت المال في يوم البطالة في الأصح، واختاره في منظومة ابن وهبان، وقال: إنه الأظهر، فينبغي أن يكون كذلك في المدارس؛ لأن يوم البطالة للاستراحة، وفي الحقيقة يكون للمطالعة والتحرير عند ذي الهمة، ولكن تعارف الفقهاء في زماننا بطالة طويلة أدت إلى أن صار الغالب البطالة، وأيام التدريس قليلة، وبعض المدرسين يتقدم في أخذ المعلوم على غيره محتجًّا بأن المدرس من الشعائر مستدلًّا بما في الحاوي القدسي مع أن ما في الحاوي القدسي إنما هو في المدرس للمدرسة لا في كل مدرس، فخرج مدرس المسجد، كما هو في مصر.</span></p><p style=""margin-left:0;margin-right:0;text-align:justify;""><span class=""ar_writing"">والفرق بينهما أن المدرسة تتعطل إذا غاب المدرس بحيث تتعطل أصلًا بخلاف المسجد؛ فإنه لايتعطل؛ لغيبة المدرس"". </span>فقط واللہ اعلم</p></p>",144104200735,banuri,"('معاملات', 'muamlat')","('بیع / تجارت', 'bay-tijarat')","('اجارہ اور کرایہ کے احکام', 'ijara-or-kiraya-k-ahkam')"
15-01-2020,https://www.banuri.edu.pk/readquestion/ایزی-پیسہ-اور-فری-منٹس-144105200666/15-01-2020,ایزی پیسہ اور فری منٹس,ایزی پیسہ موبائل اکاؤنٹ میں پیسہ رکھ کر کمپنی سے جو فری منٹس یا میسج وغیرہ ملتے ہیں آیا ان کا استعمال صحیح ہے یا نہیں؟,"<p><p style=""text-align:justify;"">ایزی پیسہ موبائل اکاؤنٹ میں پیسے رکھ کر اس سے ملنے والے فری منٹس یا فری میسج کا استعمال ناجائز ہے۔ فقط واللہ اعلم</p><p style=""text-align:justify;"">درج ذیل لنک میں تفصیل ملاحظہ کریں :</p><p style=""text-align:justify;""><a href=""https://www.banuri.edu.pk/readquestion/%D8%A7%DB%8C%D8%B2%DB%8C-%D9%BE%DB%8C%D8%B3%DB%81-%D8%A7%DA%A9%D8%A7%D8%A4%D9%86%D9%B9-%D9%BE%D8%B1-%D9%81%D8%B1%DB%8C-%D9%85%D9%86%D9%B9-%D8%A7%D9%88%D8%B1-%D8%A7%D9%86%D9%B9%D8%B1%D9%86%DB%8C%D9%B9-%DA%A9%D8%A7-%DA%A9%DB%8C%D8%A7-%D8%AD%DA%A9%D9%85-%DB%81%DB%92/10-08-2019"">ایزی پیسہ اکاؤنٹ پر فری منٹ اور انٹرنیٹ کا کیا حکم ہے؟</a></p></p>",144105200666,banuri,"('معاملات', 'muamlat')","('سود / بینکاری / انشورنس / شیئرز', 'sood-bankari-insurance-shares')","('قرض کے احکام', 'qarz-k-ahkam')"
15-01-2020,https://www.banuri.edu.pk/readquestion/مائند-کیپیٹ-mind-capital-کمپنی-میں-سرمایہ-کاری-کرنا-144105200692/15-01-2020,مائنڈ کیپیٹل (mind.capital) کمپنی میں سرمایہ کاری کرنا,ایک کمپنی ہے آن لائن، اس کا نام ہے ’’مائنڈ کیپٹل‘‘ اس کا کام ہے ’’کرنسی ایکسچینج‘‘، پھر کرنسی ایکسچینج کے لیے تو پیسہ چاہیے بہت زیادہ،  اب وہ مختلف کرنسی ایکسچینج کا کاروبار کرتی ہے،  اب وہ کمپنی لوگوں سے انویسٹمنٹ چاہتی ہے کہ آپ بھی ہمارے ساتھ انویسٹمنٹ کرو،  جتنا بھی منافع آتا ہے اس کا 0.5 سے لے کر 1.5 پرسنٹ تک ہم آپ کو بھی ڈیلی دیں گے۔ اس کا کاروبار ہفتے میں 5 دن ہے۔ 5 دنوں میں جتنا ڈیلی آتا ہے ممبر کے ساتھ منافع شیئر کرتا ہے۔ اب جس کا زیادہ انویسٹمنٹ ہو، اس کو زیادہ منافع ملے گا، لیکن اس کا پرسینٹیج فکس نہیں، اور کمپنی میں اگر کوئی بھی 3 مہینےکے بعد پیکج ختم کرنا چاہتاہے تو پیسے واپس بھی لے سکتا ہے۔کیااسلام میں اس کے ساتھ کاروبار حرام ہےیا حلال؟ اور یہ کمپنی جرمنی میں ہے۔,"<p><p style=""text-align:justify;"">ہماری معلومات کے مطابق مذکورہ کمپنی (mind.capital) کے معاملات ڈیجیٹل کرنسی کے ذریعے کیے جاتے ہیں اور پھر لوگوں سے سرمایہ جمع کرکے اسے کس طرح کے کاروبار میں لگایا جاتا ہے، یہ بھی واضح نہیں اور نفع کی تقسیم کا طریقہ کار بھی شرعی اعتبار سے درست نہیں؛ لہذا مذکورہ کمپنی کے ساتھ کاروبار کرنے کے جواز کا فتوی نہیں دیا جاسکتا۔ فقط واللہ اعلم</p></p>",144105200692,banuri,"('معاملات', 'muamlat')","('بیع / تجارت', 'bay-tijarat')","('نقدی کی بیع کا بیان', 'naqdi-ki-bay-ka-bayan')"
29-12-2019,https://www.banuri.edu.pk/readquestion/مدت-مسسح-جورب-144105200066/29-12-2019,چمڑے کے موزوں پر مسح کی مدت,حالتِ اقامت میں وضو کرنے کے بعد چمڑے کے  موزہ پہنے ہوئے ہوں اور اسی حالت میں ایک دن اور ایک رات گزر چکی،  لیکن مجھے یاد نہ تھا کہ مدتِ مسح فوت ختم ہوگئی ہے، اس کے بعد بھی میں نے دوبارہ وضو کرنےمیں اسی موزے پر مسح کر لیا اور نمازِ عشاء پڑھ لی۔ تو میرے وضو اور نماز کا کیا حکم ہے؟,"<p><p style=""text-align:justify;"">حالتِ اقامت میں ایک دن اور ایک رات گزرنے کے بعد جو  وضو  آپ نے کیا، پاؤں نہ دھونے کی وجہ سے وہ ناقص رہا، لہٰذا نماز بھی ادا نہیں ہوئی۔ عشاء کے فرض اور وتر کا اعادہ واجب ہے۔</p><p style=""text-align:justify;""><span class=""ar_writing"">(الصحیح لمسلم، کتاب الطهارة، باب التوقيت في المسح علی الخفين، 1 : 232، رقم : 276)</span> فقط واللہ اعلم</p></p>",144105200066,banuri,"('طہارت', 'taharat')","('تیمم', 'tayammum')","('تیمم/موزوں پر مسح', 'tayammum')"
17-12-2019,https://www.banuri.edu.pk/readquestion/خاندانی-منصوبہ-بندی-کا-حکم-144104200665/17-12-2019,عزل کا حکم,ایک شخص کے 4 بیٹے ہیں اور وہ مزید اولاد کا خواہش مند نہیں ہے۔ کیا اس کے لیے یہ جائز ہے کہ وہ بیوی سے ہم بستری کرتے ہوئے بوقتِ انزال بیوی سے علیحدہ ہو جائے اور منی کو بچہ دانی میں نہ جانے دے؟ برائے مہربانی راہ نمائی فرمائیں!,"<p><p style=""text-align:justify;"">ضرورت کے وقت ایسی مانعِ حمل تدبیروں کو اپنانے کی گنجائش ہے جو  وقتی ہوں اور جب چاہیں اُنہیں ترک کرکے توالد وتناسل کا سلسلہ جاری کیا جاسکتا ہو ، جیسا کہ سوال میں مذکور صورت ہے، بشرطیکہ بیوی بھی اس پر راضی ہو۔ ایسی تدبیریں ’’عزل‘‘  کے حکم میں ہیں۔ چند اعذار ذیل میں لکھے جاتے ہیں جن کی موجودگی میں عارضی مانعِ حمل تدابیر  بلاکراہت جائز ہے:</p><p style=""text-align:justify;"">1۔ عورت اتنی کم زور ہو  کہ حمل کا بوجھ   اٹھانے کی استطاعت نہ ہو، حمل اور دردِ زہ کی تکالیف جھیلنے کی سکت نہ ہو  یا بچہ کی ولادت کے بعد   شدید کم زوری اور نقاہت لاحق ہونے کا اندیشہ ہو ۔</p><p style=""text-align:justify;"">2۔۔  دو بچوں کے درمیان اس غرض سے مناسب وقفہ کے لیے کہ بچے کو ماں کی صحیح نگہداشت مل سکے، اور دوسرے بچے کا حمل ٹھہرنے کی وجہ سے پہلے بچےکے لیے ماں کا دودھ مضر اور نقصان دہ نہ بنے۔</p><p style=""text-align:justify;"">3۔۔ ۔ عورت بد اخلاق  اور سخت مزاج ہو اور خاوند اسے طلاق دینے کا ارادہ رکھتا ہو، اور اندیشہ ہو کہ بچہ کی ولادت کے بعد اس کی بداخلاقی میں مزید اضافہ ہوجائے گا، ایسی صورت میں بلاکراہت عزل جائز ہے۔</p><p style=""text-align:justify;"">4۔۔۔۔  اسی طرح طویل سفر میں ہو، یا دارالحرب  میں ہونے کی وجہ سے بچے کے جانی یا ایمانی نقصان کا اندیشہ ہوتو اس صورت میں بھی عزل جائز ہے۔</p><p style=""text-align:justify;"">5۔۔۔ ۔۔  مسلسل ولادت کی صورت میں بچوں کی تربیت میں سخت حرج کا لاحق ہونا۔</p><p style=""text-align:justify;"">مذکورہ صورتوں میں عزل کرنے کا ایسا طریقہ اور تدبیر اختیار کرنا درست ہے کہ جس سے وقتی طور پر حمل روکا جاسکے ،اس طور پر کہ جب چاہیں دوبارہ توالد و تناسل کا سلسلہ جاری رکھا جاسکتا ہو۔ باقی آپریشن کرکے بچہ دانی  نکلوانا یا نس بندی کروانا یا کوئی ایسا طریقہ اپنانا جس سے توالد وتناسل   (بچہ پیدا کرنے) کی صلاحیت بالکل ختم ہوجائے ، شرعاً اس کی اجازت نہیں ہے۔</p><p style=""text-align:justify;""><span class=""ar_writing"">الفتاوى الهندية (1/ 335):</span></p><p style=""text-align:justify;""><span class=""ar_writing"">""العزل ليس بمكروه برضا امرأته الحرة"".<br/>
الدر المختار وحاشية ابن عابدين (رد المحتار) (3/ 175):</span></p><p style=""text-align:justify;""><span class=""ar_writing"">""(ويعزل عن الحرة بإذنها)"".</span></p><p style=""text-align:justify;""><span class=""ar_writing"">الدر المختار وحاشية ابن عابدين (رد المحتار) (3/ 176):<br/>
""أخذ في النهر من هذا ومما قدمه الشارح عن الخانية والكمال: أنه يجوز لها سد فم رحمها كما تفعله النساء"".</span></p><p style=""text-align:justify;""><span class=""ar_writing"">""عن عائشة عن جذامة بنت وهب أخت عکاشة، قالت: حضرت رسول الله ﷺ … ثم سألوه عن ""العزل""؟ فقال رسول الله ﷺ: ذلک الوأد الخفي"". وزاد عبید الله في حدیثه عن المقرئ: ﴿وَاِذَا الْمَوْؤدَةُ سُئِلَتْ﴾"". (صحیح مسلم، باب جواز الغیلة، وهي وطی المرضع وکراهة العزل، النسخة الهندیة ۱/۴۶۶،)</span></p><p style=""text-align:justify;""><span class=""ar_writing"">قال الملاعلي القاري:</span></p><p style=""text-align:justify;""><span class=""ar_writing"">""قیل: ذلک لایدل علی حرمة العزل، بل علی کراهته"". (مرقاة المصابیح، کتاب النکاح، باب المباشرة، الفصل الأول إمدادیه ملتان ۶/۲۳۸)</span></p><p style=""text-align:justify;""><span class=""ar_writing"">""(ويعزل عن الحرة) وكذا المكاتبة، نهر بحثاً، (بإذنها)، لكن في الخانية: أنه يباح في زماننا؛ لفساده، قال الكمال: فليعتبر عذراً مسقطاً لإذنها، وقالوا: يباح إسقاط الولد قبل أربعة أشهر ولو بلا إذن الزوج، (وعن أمته بغير إذنها) بلا كراهة.<br/>
(قوله: قال الكمال) عبارته: وفي الفتاوى إن خاف من الولد السوء في الحرة يسعه العزل بغير رضاها؛ لفساد الزمان، فليعتبر مثله من الأعذار مسقطاً لإذنها. اهـ. فقد علم مما في الخانية: أن منقول المذهب عدم الإباحة، وأن هذا تقييد من مشايخ المذهب؛ لتغير بعض الأحكام بتغير الزمان، وأقره في الفتح، وبه جزم القهستاني أيضاً حيث قال: وهذا إذا لم يخف على الولد السوء؛ لفساد الزمان، وإلا فيجوز بلا إذنها. اهـ. لكن قول الفتح: فليعتبر مثله إلخ يحتمل أن يريد بالمثل ذلك العذر، كقولهم: مثلك لايبخل. ويحتمل أنه أراد إلحاق مثل هذا العذر به كأن يكون في سفر بعيد، أو في دار الحرب فخاف على الولد، أو كانت الزوجة سيئة الخلق ويريد فراقها فخاف أن تحبل، وكذا ما يأتي في إسقاط الحمل عن ابن وهبان، فافهم"".  (فتاوی شامی(3/ 175) ط: سعید)</span></p><p style=""text-align:justify;""><span class=""ar_writing"">"" فإن الاختصاء في الاٰدمي حرام"". (عمدة القاري ۲۰؍۷۲)</span> فقط واللہ اعلم</p></p>",144104200665,banuri,"('متفرق کتب', 'mutafarriq-kutub')","('متفرق ابواب', 'mutafarriq-abwab')","('متفرق فصول', 'mutafarriq-fusool')"
30-12-2019,https://www.banuri.edu.pk/readquestion/فہد-نام-کا-معنی-144105200077/30-12-2019,’’فاہد‘‘ نام کا معنی اور حکم,’’فاہد‘‘  نام کے معنی کیا ہے?,"<p><p style=""text-align:justify;""><span class=""ar_writing"">’’فَاهِد‘‘ </span>کا معنیٰ ہے: زیادہ سونے والا، غافل۔ یہ نام درست نہیں ہے، اس کے بجائے  <span class=""ar_writing"">""فهد""</span> نام رکھ سکتے ہیں، اس کا معنیٰ چیتا ہے، یہ بہادر سے کنایہ ہے۔ </p><p style=""text-align:justify;""><span class=""ar_writing"">لسان العرب (3/ 339):<br/>
""فهد: الفهد: معروف سبع يصاد به"".</span></p><p style=""text-align:justify;""><span class=""ar_writing"">معجم اللغة العربية المعاصرة (3/ 1748):<br/>
""ف هـ د<br/>
فَهْد [مفرد]: ج أَفهُد وفُهود: (حن) سَبُع من فصيلة السِّنَّوريَّات مُرَقَّط بين النَّمر والكلب، مفترس، يمتاز بسرعته عَدْوًا وغَضَبًا، يُضرب به المثل في كثرة النوم والاستغراق فيه ""أنومُ من فَهْد [مثل] "".</span> فقط واللہ اعلم</p></p>",144105200077,banuri,"('حقوق و آدابِ معاشرت', 'huqooq-muashret')","('حقوق', 'bahmi-huqooq')","('اولاد کے حقوق', 'olad-ky-hoqoq')"
01-01-2020,https://www.banuri.edu.pk/readquestion/اٹیچڈ-باتھ-روم-attached-bathroom-144104201085/01-01-2020,اٹیچڈ باتھ روم (attached bathroom) کا حکم,گھر میں آج کل رواج کے مطابق کمرے کے ساتھ اٹیچڈ باتھ بن رہے ہیں۔ جن سے میاں بیوی کی پرائیویسی بھی رہتی ہے۔ چند دوست فرماتے ہیں کہ گھر میں اٹیچڈ باتھ شرعاً نہیں بنانا چاہیے؛ کیوں کہ باتھ روم اور واش روم جنات کی آماج گاہ ہوتے ہیں!,"<p><p style=""text-align:justify;"">نبی کریم ﷺ جب قضاءِ حاجت فرماتے تو دور تشریف لے جاتے تھے؛ اس لیے فطری حیا کے قریب اور بہتر  طریقہ یہ ہے کہ بیت الخلا رہائشی کمرے سے جدا اور فاصلے پر ہو کہ قضاءِ حاجت سے فراغت کی آواز اور بدبو کمرے میں محسوس نہ ہو، نیز بیت الخلا اور غسل خانہ بھی دونوں جدا جدا ہوں۔  تاہم جگہ  کی تنگی  یا سیورج کے مسائل کے باعث اٹیچڈ باتھ روم بنایا جائے تو شرعاً اس کی اجازت ہے۔ بوقتِ ضرورت (مثلاً رات کے وقت) رسول اللہ ﷺ کا گھر میں (لکڑی کے پیالے میں) قضاءِ حاجت سے فراغت حاصل کرنا بھی منقول ہے۔ (سنن ابی داؤد، نسائی)</p><p style=""text-align:justify;"">بہرحال اگر اٹیچڈ باتھ روم بنانا ہو تو اسے صاف ستھرا رکھا جائے، اور داخل ہوتے اور نکلتے وقت مسنون دعاؤں کا اہتمام کیا جائے تو ان شاء اللہ جنات کے شر سے حفاظت رہے گی۔فقط واللہ اعلم</p></p>",144104201085,banuri,"('متفرق کتب', 'mutafarriq-kutub')","('متفرق ابواب', 'mutafarriq-abwab')","('متفرق فصول', 'mutafarriq-fusool')"
01-01-2020,https://www.banuri.edu.pk/readquestion/فرض-کے-بعد-دعا-کا-حکم-144104201086/01-01-2020,فرض کے بعد دعا کا حکم,فرض نماز کے بعد سلام پھیر کر جو امام صاحب ہاتھ اٹھاکر دعا کرتے ہیں، کیا یہ سنت سے ثابت ہے؟ بعض لوگ اس پر اعتراض کرتے ہیں۔,"<p><p style=""text-align:justify;"">فرض نماز کے بعد دعا کرنا ثابت ہے، فرض نمازوں کے بعد کے اوقات حدیث شریف کے مطابق قبولیتِ دعاکے اوقات ہیں،  فرائض کے بعددعاکرنا نبی کریم صلی اللہ علیہ وسلم، صحابہ کرام رضوان اللہ علیہم اجمعین اورسلف صالحین سے ثابت ہےاور دعا کے آداب میں سے ہے کہ ہاتھ اٹھا کر دعا کی جائے  اور آں حضرت ﷺ سے بھی  دعا میں ہاتھ اٹھانا ثابت ہے۔</p><p style=""text-align:justify;"">’’المعجم الکبیر ‘‘  میں  علامہ طبرانی رحمہ اللہ نے حضرت عبد اللہ بن زبیر رضی اللہ عنہما سے ایک روایت ذکر کی ہے کہ  محمد بن یحیی اسلمی رحمہ اللہ فرماتے ہیں: میں نے عبد اللہ بن  زبیر  رضی اللہ تعالیٰ عنہما  کو دیکھا، انہوں نے ایک شخص کو دیکھا کہ  وہ نماز سے فارغ ہونے سے پہلے ہی ہاتھ اٹھا کر دعا کررہا تھا تو جب وہ نماز سے فارغ ہوا تو  حضرت عبد اللہ بن زبیر رضی اللہ تعالیٰ عنہما نے اس سے فرمایا: رسول اللہ ﷺ جب تک نماز سے فارغ نہ ہوتے  اس وقت تک (دعا کے لیے) ہاتھ نہیں اٹھاتے تھے ( لہذا تم بھی ایسا ہی کرو)۔</p><p style=""text-align:justify;""><span class=""ar_writing"">""حدثنا محمد بن أبي يحيى، قال: رأيت عبد الله بن الزبير ورأى رجلاً رافعاً يديه بدعوات قبل أن يفرغ من صلاته، فلما فرغ منها، قال: «إن رسول الله صلى الله عليه وسلم لم يكن يرفع يديه حتى يفرغ من صلاته»"". (المعجم الكبير للطبرانی 13/ 129، برقم: 324)</span></p><p style=""text-align:justify;""> اسی طرح ’’ کنزالعمال‘‘  میں حضرت انس رضی اللہ عنہ سے منقول ہے کہ نبی کریم صلی اللہ علیہ وسلم نے فرمایا: جوبندہ نمازکے بعدہاتھ اٹھاکراللہ تعالیٰ سے دعاکرتاہے اورکہتاہے کہ اے میرے معبود  ...اللہ تعالیٰ اس کی دعا کوضرورقبول فرماتے ہیں، اسے خالی ہاتھ واپس نہیں لوٹاتے۔</p><p style=""text-align:justify;"">حضرت سلمان فارسیؓ سے روایت ہے کہ رسول ﷲﷺنے ارشاد فرمایا: تمہارا رب حیا والا اور کریم ہے، اپنے بندے سے حیا کرتاہے ،جب وہ اپنے ہاتھوں  کو اس کے سامنے اٹھاتا ہے کہ ان کو خالی واپس لوٹا دے ۔</p><p style=""text-align:justify;"">حضرت مالک بن یسار رضی اللہ عنہ سے روایت ہے کہ رسول ﷲﷺنے ارشاد فرمایا : جب تم اللہ سے دعا کرو تو ہاتھوں  کی ہتھیلیوں  سے کرو، ہاتھوں  کی پشت سے نہ کرو ۔</p><p style=""text-align:justify;"">حضرت ابن عباس رضی اللہ عنہما کی روایت میں  ہے کہ رسول اللہ ﷺنے فرمایا اپنے ہاتھوں کی ہتھیلیوں  سے سوال کیا کرو اور ہاتھوں  کی پشت سے نہ کرو ،پس جب دعا سے فارغ ہوجاؤ تو  ہاتھوں  کو اپنے چہرے پر پھیر لو ۔</p><p style=""text-align:justify;"">دعا میں  ہاتھ اٹھانا حضور ﷺکی عادتِ شریفہ تھی ، حضرت سائب رضی اللہ عنہ اپنے والد سے نقل فرماتے ہیں  کہ رسول اللہ ﷺجب دعا فرماتے تھے تو اپنے دونوں  ہاتھ مبارک اٹھاتے اور فارغ ہوتے تو ان دونوں  کو اپنے چہرے پر پھیرتے۔</p><p style=""text-align:justify;"">اس طرح کی روایات فرض نمازوں کے بعدہاتھ اٹھاکراجتماعی دعاکے ثبوت واستحباب کے لیے کافی ہیں ؛ اس لیے نماز کے بعد دعاپر نکیر کرنا یا اسے بدعت کہنا درست نہیں۔ تاہم اسے سنتِ مستمرہ دائمہ کہنا مشکل ہے، اس بنا پراس کو ضروری اورلازم سمجھ کرکرنا،اورنہ کرنے والوں پرطعن وتشنیع کرنا بھی درست نہیں۔ اور یہ دعا سر اً افضل ہے، البتہ تعلیم کی غرض سے  کبھی کبھار امام  جہراً بھی دعا کرا سکتا ہے۔</p><p style=""text-align:justify;"">حضرت علامہ محمدانورشاہ کشمیری رحمہ اللہ نے ’’فیض الباری‘‘  میں اور محدث العصر حضرت مولانا محمد یوسف بنوری نوراللہ مرقدہ نے اپنے فتاویٰ میں لکھاہے کہ فرائض کے بعد موجودہ ہیئت کے مطابق اجتماعی دعا کرنا سنتِ مستمرہ تو نہیں ہے، لیکن اس کی اصل ثابت ہے؛ اس لیے یہ بدعت  نہیں ہے، اسے بدعت کہنا غلو ہے۔</p><p style=""text-align:justify;"">مزید دلائل کے لیے ”<span class=""ar_writing"">النفائس المرغوبة في الدعاء بعد المکتوبة</span> “ مؤلفہ حضرت مفتی اعظم ہند مفتی کفایت اللہ صاحب رحمہ اللہ کا مطالعہ فرمائیں۔فقط واللہ اعلم</p></p>",144104201086,banuri,"('نماز', 'salat')","('دعاء و اذکار', 'dua-o-azkaar')","('نماز کے بعد کی دعائیں اور اذکار', 'namaz-k-bad-ki-duayen-or-azkar')"
01-01-2020,https://www.banuri.edu.pk/readquestion/بینک-ملازم-کی-موت-پر-ملنے-والی-رقم-کا-حکم-2/01-01-2020,بینک ملازم کی موت پر ملنے والی رقم کا حکم,"میرے نانا مرحوم کا انتقال 1984 میں ہوا اور اس وقت وہ نیشنل بینک میں ملازم تھے,  بینک ہر ماہ تنخواہ سے جبری کٹوتی کرتا تھا جو کہ اس وقت کا قانون تھا, ان کے انتقال کے بعد بینک والوں نے مرحوم کی زوجہ (جس کا نام بطور وارث مرحوم نے لکھوایا ہوا تھا) کو کچھ رقم تقریباً 400000 دی، اب وہ رقم مرحوم کی وراثت بنے گی یا موہوبہ کے لیے عطیہ؟  براہِ مہربانی مدلل جواب عنایت فرمائیں! اور یہ بھی واضح کر دیں کس کس فنڈ کی مد میں رقم دی گئی ہو گی 1984 کے پاکستانی بینک رولز کے مطابق؟","<p><p style=""text-align:justify;"">صورتِ مسئولہ میں بینک  کی جانب سے ملنے والی مذکورہ رقم ثواب کی نیت کے بغیر صدقہ کرنا واجب ہے، نیز بینک سے ملنے والی کسی بھی قسم کی رقم خواہ وہ کسی بھی فنڈ کے نام سے موسوم ہو، لینا جائز نہیں، اور لینے کی صورت میں اس کا صدقہ کرنا واجب ہوگا۔</p><p style=""text-align:justify;"">فتاوی شامی میں ہے:</p><p style=""text-align:justify;""><span class=""ar_writing"">""مَطْلَبٌ فِيمَنْ وَرِثَ مَالًا حَرَامًا</span></p><p style=""text-align:justify;""><span class=""ar_writing"">(قَوْلُهُ: إلَّا فِي حَقِّ الْوَارِثِ إلَخْ) أَيْ فَإِنَّهُ إذَا عَلِمَ أَنَّ كَسْبَ مُوَرِّثِهِ حَرَامٌ يَحِلُّ لَهُ، لَكِنْ إذَا عَلِمَ الْمَالِكَ بِعَيْنِهِ؛ فَلَا شَكَّ فِي حُرْمَتِهِ وَوُجُوبِ رَدِّهِ عَلَيْهِ، وَهَذَا مَعْنَى قَوْلِهِ: وَقَيَّدَهُ فِي الظَّهِيرِيَّةِ إلَخْ، وَفِي مُنْيَةِ الْمُفْتِي: مَاتَ رَجُلٌ وَيَعْلَمُ الْوَارِثُ أَنَّ أَبَاهُ كَانَ يَكْسِبُ مِنْ حَيْثُ لَايَحِلُّ وَلَكِنْ لَايَعْلَمُ الطَّلَبَ بِعَيْنِهِ؛ لِيَرُدَّ عَلَيْهِ، حَلَّ لَهُ الْإِرْثُ، وَالْأَفْضَلُ أَنْ يَتَوَرَّعَ وَيَتَصَدَّقَ بِنِيَّةِ خُصَمَاءِ أَبِيهِ. اهـ وَكَذَا لَايَحِلُّ إذَا عَلِمَ عَيْنَ الْغَصْبِ مَثَلًا وَإِنْ لَمْ يَعْلَمْ مَالِكَهُ، لِمَا فِي الْبَزَّازِيَّةِ: أَخَذَهُ مُوَرِّثُهُ رِشْوَةً أَوْ ظُلْمًا، إنْ عَلِمَ ذَلِكَ بِعَيْنِهِ لَايَحِلُّ لَهُ أَخْذُهُ، وَإِلَّا فَلَهُ أَخْذُهُ حُكْمًا، أَمَّا فِي الدِّيَانَةِ فَيَتَصَدَّقُ بِهِ بِنِيَّةِ إرْضَاءِ الْخُصَمَاءِ اهـ.</span></p><p style=""text-align:justify;""><span class=""ar_writing"">وَالْحَاصِلُ أَنَّهُ إنْ عَلِمَ أَرْبَابَ الْأَمْوَالِ وَجَبَ رَدُّهُ عَلَيْهِمْ، وَإِلَّا فَإِنْ عَلِمَ عَيْنَ الْحَرَامِ لَايَحِلُّ لَهُ وَيَتَصَدَّقُ بِهِ بِنِيَّةِ صَاحِبِهِ، وَإِنْ كَانَ مَالًا مُخْتَلِطًا مُجْتَمِعًا مِنْ الْحَرَامِ وَلَايَعْلَمُ أَرْبَابَهُ وَلَا شَيْئًا مِنْهُ بِعَيْنِهِ حَلَّ لَهُ حُكْمًا، وَالْأَحْسَنُ دِيَانَةً التَّنَزُّهُ عَنْهُ؛ فَفِي الذَّخِيرَةِ: سُئِلَ الْفَقِيهُ أَبُو جَعْفَرٍ عَمَّنْ اكْتَسَبَ مَالَهُ مِنْ أُمَرَاءِ السُّلْطَانِ وَمِنْ الْغَرَامَاتِ الْمُحَرَّمَاتِ وَغَيْرِ ذَلِكَ، هَلْ يَحِلُّ لِمَنْ عَرَفَ ذَلِكَ أَنْ يَأْكُلَ مِنْ طَعَامِهِ؟ قَالَ: أَحَبُّ إلَيَّ فِي دِينِهِ أَنْ لَايَأْكُلَ، وَيَسَعُهُ حُكْمًا إنْ لَمْ يَكُنْ ذَلِكَ الطَّعَامُ غَصْبًا أَوْ رِشْوَةً"". ( ٥ / ٩٩) </span>فقط واللہ اعلم</p></p>",144105200158,banuri,"('معاملات', 'muamlat')","('سود / بینکاری / انشورنس / شیئرز', 'sood-bankari-insurance-shares')","('سودی پیسے کا مصرف', 'sodi-paisay-ka-masraf')"
01-01-2020,https://www.banuri.edu.pk/readquestion/سنن-قبلیہ-اور-بعدیہ-کا-فرائض-سے-متصل-ہونا-افضل-ہے-یا-منفصل-ہونا-144105200142/01-01-2020,سننِ قبلیہ اور بعدیہ کا فرائض سے متصل ہونا افضل ہے یا منفصل ہونا؟,نمازو ں کی سنتِ قبلیہ اور بعدیہ کا فرائض سے متصل ہونا ضروری ہے،جیسا کہ علماء سے سنتے ہیں،  لیکن مسلم شریف اور بعض دوسری کتبِ احادیث میں ہے کہ حضورﷺ فجر کی سنتیں پہلے ہی پڑھ لیتے تھے اور پھر آرام فرماتے، تو اس سے معلوم ہوا کہ اتصال ضروری نہیں ہے۔  اب سوال یہ ہے کہ اتصال اور انفصال میں سے کیا افضل ہے؟,"<p><p style=""text-align:justify;"">سنتوں اور فرض کے درمیان زیادہ فاصلہ نہ کرنا افضل ہے،  نماز سے پہلے بھی سنتِ مؤکدہ ادا کرکے نماز کے منافی عمل کیے بغیر فرض ادا کرنا افضل ہے، اور جن نمازوں  کے بعد  سنتِ مؤکدہ ہیں ، ان میں بھی مختصر اذکار کرکے سنتیں ادا کرنا افضل ہے،   طویل وظائف اور دعاؤں کا وقفہ نہ کرنا افضل ہے، لہٰذا عذر کے بغیر طویل وقفہ نہیں کرنا چاہیے۔</p><p style=""text-align:justify;"">رسول اللہ ﷺ کے  فجر  کی سنتوں کے بعد  یا فجر کی سنتوں سے پہلے آرام فرمانے سے متعلق دونوں قسم کی روایت ہیں، قاضی عیاض اور دیگر شراح  نے فجر کی سنتوں سے پہلے آرام فرماکر پھر سنتیں پڑھنے والی روایت کو راجح قراردیا ہے۔</p><p style=""text-align:justify;"">اور جن روایت میں فجرکی سنتوں کے بعد سونے کا ذکر ہے وہ عام معمول نہیں تھا،  بسا اوقات رات بھر نمازیں پڑھنے کی وجہ سے کچھ دیر استراحت فرمالیا کرتے تھے۔</p><p style=""text-align:justify;"">بعض شراح نے یہ تو جیہ کی ہے کہ  چوں  کہ آپ ﷺ رات کا اکثر حصہ تہجد اور نوافل میں مشغول رہتے تھے تو فجر کا وقت داخل ہونے کے بعد سنت پڑھ لینے کے بعد  کبھی استراحت کی غرض سے دائیں کروٹ پر لیٹ جاتے تھے، اگر کسی شخص کا اسی طرح معمول ہو تو وہ بھی اتباعِ سنت کی نیت سے ایسا کرلے تو ثواب کی امید  ہے۔</p><p style=""text-align:justify;"">لیکن فجر کی سنتوں کے بعد سونے کو لازم سمجھنا، یا رات بھر سوتے رہنا اور فجر کی سنت کے بعد دوبارہ سوجانا  یا گھر میں سنتیں پڑھ لینا اور  مسجد میں آکر سوجانا اور اسے ضروری سمجھنا درست نہیں ہے۔(مکمل تفصیل کے لیے بذل المجہود 5/466، (عربی)در المنضود2/517 (اردو) ملاحظہ فرمائیں) </p><p style=""text-align:justify;"">نیز  فقہائے احناف سے فجر کی سنتوں کے وقت سے متعلق دو قول ہیں: ایک یہ کہ اجالے میں پڑھی جائیں، یعنی فرض نماز سے کچھ پہلے۔  دوسرا یہ کہ صبح صادق کے بعد پہلے وقت میں پڑھی جائیں۔  البحر الرائق میں دوسرے قول کو مسنون کہا گیا ہے، اس لحاظ سے فجر کی سنتوں اور فرض میں انفصال سے کوئی حرج نہیں۔</p><p style=""text-align:justify;""><span class=""ar_writing"">صحيح البخاري (1 / 47):<br/>
""عن كريب، مولى ابن عباس أن عبد الله بن عباس أخبره أنه بات ليلة عند ميمونة زوج النبي صلى الله عليه وسلم وهي خالته فاضطجعت في عرض الوسادة "" واضطجع رسول الله صلى الله عليه وسلم وأهله في طولها، فنام رسول الله صلى الله عليه وسلم، حتى إذا انتصف الليل، أو قبله بقليل أو بعده بقليل، استيقظ رسول الله صلى الله عليه وسلم، فجلس يمسح النوم عن وجهه بيده، ثم قرأ العشر الآيات الخواتم من سورة آل عمران، ثم قام إلى شن معلقة، فتوضأ منها فأحسن وضوءه، ثم قام يصلي. قال ابن عباس: فقمت فصنعت مثل ما صنع، ثم ذهبت فقمت إلى جنبه، فوضع يده اليمنى على رأسي، وأخذ [ص:48] بأذني اليمنى يفتلها، فصلى ركعتين، ثم ركعتين، ثم ركعتين، ثم ركعتين، ثم ركعتين، ثم ركعتين، ثم أوتر، ثم اضطجع حتى أتاه المؤذن، فقام فصلى ركعتين خفيفتين، ثم خرج فصلى الصبح ""<br/>
بذل المجهود في حل سنن أبي داود (5 / 468):<br/>
ومن الأجوبة التي ذكروها أن أحاديث عائشة في بعضها الاضطجاع قبل ركعتي الفجر، وفي بعضها بعد ركعتي الفجر، وفي حديث ابن عباس قبل ركعتي الفجر، وقد أشار القاضي عياض إلى أنّ رواية الاضطجاع بعدهما مرجوحة، فتقدم رواية الاضطجاع قبلهما, ولم يقل أحد في الاضطجاع قبلهما أنه سنَّة فكذا بعدهما، انتهى ملخصًا (1).<br/>
قلت: وللشوكاني فيها كلام طويل، تركته للاختصار، وكذا بسطه العيني في شرحه على البخاري (2)، أما عند الحنفية فقال الشامي في حاشيته على ""الدر المختار"" (3): صرح الشافعية بسنية الفصل بين سنَّة الفجر وفرضه بهذه الضجعة أخذًا بهذ الحديث ونحوه، وظاهر كلام علمائنا خلافه حيث لم يذكروها، بل رأيت في ""موطأ الإِمام محمد"" (4) - رحمه الله - ما نصه: أخبرنا مالك عن نافع عن عبد الله بن عمر: ""أنه رأى رجلًا يركع ركعتي الفجر، ثم اضطجع، فقال ابن عمر: ما شأنه؟ فقال نافع: قلت: يفصل بين صلاته، فقال ابن عمر: وأي فصل أفضل من السلام، قال محمد: وبقول ابن عمر نأخذ، وهو قول أبي حنيفة - رحمه الله تعالى-، ثم قال في آخر البحث: وحاصله أن اضطجاعه عليه الصلاة والسلام إنما كان في بيته للاستراحة لا للتشريع، وإن صح حديث الأمر بها الدال على أنها للتشريع يحمل على طلب ذلك في البيت فقط.<br/>
الدر المختار وحاشية ابن عابدين (رد المحتار) (2 / 19):</span></p><p style=""text-align:justify;""><span class=""ar_writing""> (ولو تكلم بين السنة والفرض لا يسقطها ولكن ينقص ثوابها)  وقيل تسقط (وكذا كل عمل ينافي التحريمة على الأصح) قنية. وفي الخلاصة: لو اشتغل ببيع أو شراء أو أكل أعادها وبلقمة أو شربة لا تبطل؛ ولو جيء بطعام، إن خاف ذهاب حلاوته أو بعضها تناوله ثم سنن إلا إذا خاف فوت الوقت؛ ولو أخرها لآخر الوقت لا تكون سنة وقيل تكون.<br/>
(قوله: ولو تكلم إلخ) وكذا لو فصل بقراءة الأوراد لأن السنة الفصل بقدر "" اللهم أنت السلام إلخ "" حتى  لو زاد تقع سنة لا في محلها المسنون كما مر قبيل فصل الجهر بالقراءة.(قوله: وقيل: تسقط) أي فيعيدها لو قبلية، ولو كانت بعدية فالظاهر أنها تكون تطوعا، وأنه لايؤمر بها على هذا القول، تأمل. (قوله: وفي الخلاصة إلخ) الظاهر أنه استدراك على ما صححه في المتن تبعًا للقنية؛ لأن جزم الخلاصة بقوله أعادها يفيد أنها تسقط بقرينة قوله بعده لاتبطل: أي لايبطل كونها سنة فإنه يفيد أن الإعادة لبطلان كونه سنة وإلا لم تصح المقابلة تأمل. (قوله: ولو جيء بطعام إلخ) أفاد أن العمل المنافي إنما ينقص ثوابها أو يسقطها لو كان بلا عذر، أما لو حضر الطعام وخاف ذهاب لذته لو اشتغل بالسنة البعدية فإنه يتناوله ثم يصليها لأن ذلك عذر في ترك الجماعة، ففي تأخير السنة أولى إلا إذا خاف فوتها بخروج الوقت فإنه يصليها ثم يأكل، هذا ما ظهر لي"".<br/>
وفيه أيضًا(1/ 530):<br/>
""ويكره تأخير السنة إلا بقدر اللهم أنت السلام إلخ. قال الحلواني: لا بأس بالفصل بالأوراد واختاره الكمال. قال الحلبي: إن أريد بالكراهة التنزيهية ارتفع الخلاف، قلت: وفي حفظي حمله على القليلة؛ ويستحب أن يستغفر ثلاثاً ويقرأ آية الكرسي والمعوذات ويسبح ويحمد ويكبر ثلاثاً وثلاثين؛ ويهلل تمام المائة ويدعو ويختم بسبحان ربك.<br/>
(قوله: إلا بقدر اللهم إلخ) لما رواه مسلم والترمذي عن عائشة قالت «كان رسول الله صلى الله عليه وسلم لايقعد إلا بمقدار ما يقول: اللهم أنت السلام ومنك السلام تباركت يا ذا الجلال والإكرام» وأما ما ورد من الأحاديث في الأذكار عقيب الصلاة فلا دلالة فيه على الإتيان بها قبل السنة، بل يحمل على الإتيان بها بعدها؛ لأن السنة من لواحق الفريضة وتوابعها ومكملاتها فلم تكن أجنبية عنها، فما يفعل بعدها يطلق عليه أنه عقيب الفريضة.<br/>
وقول عائشة بمقدار لايفيد أنه كان يقول ذلك بعينه، بل كان يقعد بقدر ما يسعه ونحوه من القول تقريباً، فلاينافي ما في الصحيحين من «أنه صلى الله عليه وسلم كان يقول في دبر كل صلاة مكتوبة: لا إله إلا الله وحده لا شريك له، له الملك وله الحمد وهو على كل شيء قدير، اللهم لا مانع لما أعطيت ولا معطي لما منعت ولاينفع ذا الجد منك الجد» وتمامه في شرح المنية، وكذا في الفتح من باب الوتر والنوافل (قوله: واختاره الكمال) فيه أن الذي اختاره الكمال هو الأول، وهو قول البقالي. ورد ما في شرح الشهيد من أن القيام إلى السنة متصلا بالفرض مسنون، ثم قال: وعندي أن قول الحلواني لا بأس لا يعارض القولين لأن المشهور في هذه العبارة كون خلافه أولى، فكان معناها أن الأولى أن لايقرأ قبل السنة، ولو فعل لا بأس، فأفاد عدم سقوط السنة بذلك، حتى إذا صلى بعد الأوراد تقع سنة لا على وجه السنة، ولذا قالوا: لو تكلم بعد الفرض لاتسقط لكن ثوابها أقل، فلا أقل من كون قراءة الأوراد لا تسقطها اهـ.<br/>
وتبعه على ذلك تلميذه في الحلية، وقال: فتحمل الكراهة في قول البقالي على التنزيهية لعدم دليل التحريمية، حتى لو صلاها بعد الأوراد تقع سنة مؤداة، لكن لا في وقتها المسنون، ثم قال: وأفاد شيخنا أن الكلام فيما إذا صلى السنة في محل الفرض لاتفاق كلمة المشايخ على أن الأفضل في السنن حتى سنة المغرب المنزل أي فلا يكره الفصل بمسافة الطريق (قوله قال الحلبي إلخ) هو عين ما قاله الكمال في كلام الحلواني من عدم المعارضة ط (قوله: ارتفع الخلاف) لأنه إذا كانت الزيادة مكروهة تنزيهاً كانت خلاف الأولى الذي هو معنى لا بأس (قوله: وفي حفظي إلخ) توفيق آخر بين القولين، المذكورين، وذلك بأن المراد في قول الحلواني لا بأس بالفصل بالأوراد: أي القليلة التي بمقدار "" اللهم أنت السلام إلخ "" لما علمت من أنه ليس المراد خصوص ذلك، بل هو أو ما قاربه في المقدار بلا زيادة كثيرة فتأمل. وعليه فالكراهة على الزيادة تنزيهية لما علمت من عدم دليل التحريمية فافهم وسيأتي في باب الوتر والنوافل ما لو تكلم بين السنة والفرض أو أكل أو شرب، وأنه لا يسن عندنا الفصل بين سنة الفجر وفرضه بالضجعة التي يفعلها الشافعية"". </span> فقط واللہ اعلم</p></p>",144105200142,banuri,"('نماز', 'salat')","('سنن و نوافل', 'nawafil')","('سنن و نوافل', 'sunan-o-nawafi')"
01-01-2020,https://www.banuri.edu.pk/readquestion/حافظہ-قوی-کرنے-کا-وظیفہ-144105200150/01-01-2020,حافظہ قوی کرنے کا وظیفہ,میرا حافظہ بہت کم زور ہے،  میں یونیورسٹی میں تعلیم حاصل کررہا ہوں،  جب امتحان ہوتے ہیں کافی محنت کرتا ہوں۔ جب پیپر دینے جاتا ہوں جو یاد کیا ہے،  وہ سب کچھ بھول جاتا ہوں، کوئی وظیفہ یا دعا بتائیں!,"<p><p style=""text-align:justify;"">ہر فرض نماز کے بعد دایاں ہاتھ پیشانی پر رکھ کر گیارہ مرتبہ <span class=""ar_writing"">""یَاقَوِيُّ""</span> پڑھیں، نیز ہر فرض نماز کے بعد دایاں ہاتھ دل کی طرف رکھ کر سورہ طہ پارہ نمبر  16 کی آیت 25 تا 28،سات مرتبہ پڑھ لیا کریں۔</p><p style=""text-align:justify;"">واضح رہے کہ حافظہ کی تیزی میں وظائف سے زیادہ ذہنی یک سوئی اور گناہوں سے اجتناب کا کردار ہے، گناہوں سے حافظہ کم زور ہوتا ہے،  اور جوعمل علمی یک سوئی کو متاثر کرے اس سے بھی حافظہ متاثر ہوتاہے، تعلیم کے دوران ایسی کوئی بھی مشغولیت جو  توجہ تقسیم یا منتشر کردے وہ نقصان دہ ہے، خصوصاً موبائل اور انٹرنیٹ وغیرہ کا بے جا استعمال ۔ </p><p style=""text-align:justify;"">نیز  نہار منہ کشمش اور بادام کااستعمال تقویتِ حافظہ کے لیے مفید ہے، مسواک کا پنج گانہ نماز سے پہلے وضو میں استعمال اور کثرتِ تلاوتِ قرآن مجید  و استغفار سے باطن روشن ہوتا ہے، جو قوتِ حافظہ کا باعث ہے۔حصولِ علم میں مسلسل محنت ، بلاعذر ناغہ نہ کرنا قوتِ حافظہ کے لیے اچھے اعمال ہیں۔</p><p style=""text-align:justify;"">کم خوابی بھی حافظہ اور ذہانت پر زہر کا اثر کرتی ہے، اس سے ذہنی الجھن پیدا ہوتی ہے، لہٰذا نیند پوری کرنے کے اہتمام کے ساتھ دوپہر کے اوقات میں قیلولہ کی عادت ڈالیں، اس سے ذہن بیدار رہنے کے ساتھ حافظہ بھی اچھا ہوتاہے۔ فقط واللہ اعلم</p></p>",144105200150,banuri,"('علوم و فنون', 'uloom-funoon')","('دعائیں، اوراد اور وظائف', 'adeya-azkar')","('اوراد ووظائف', 'aurad-o-wzaif')"
02-01-2020,https://www.banuri.edu.pk/readquestion/مذی-کا-حکم-144105200173/02-01-2020,مذی کا حکم,بیوی کے ساتھ ملاعبت (ہم بستری نہیں ) کے دوران شلوار پر قطرے لگتے ہیں ؟ کیا اس صورت میں غسل واجب ہوتا ہے یا نہیں؟,"<p><p style=""margin-left:0;margin-right:0;text-align:justify;"">میاں بیوی کے درمیان ملاعبت کے وقت  پہلے پہل جو  کچھ  پانی کی طرح مادہ نکلتا ہے،  جس سے شہوت مزیدبڑھتی ہے، اسے ’’مذی‘‘ کہتے ہیں،اور مذی کے نکلنے سے غسل واجب نہیں ہوتا، صرف وضو کرنا کافی ہے، البتہ چوں کہ مذی نجاستِ غلیظہ ہے؛  اس لیے  نماز کی ادائیگی سے پہلے جسم اور کپڑے پر جہاں مذی کے قطرے لگے ہوں  انہیں دھوکرپاک کرنالازم ہے۔</p><p style=""margin-left:0;margin-right:0;text-align:justify;"">اور اگر ملاعبت کے دوران منی کا خروج ہوجائے (جس کے بعد شہوت ختم یا کم ہوجاتی ہے) تو اس سے غسل واجب ہوجائے گا۔  البحرالرائق میں ہے :</p><p style=""margin-left:0;margin-right:0;text-align:justify;""><span class=""ar_writing"">""وهو ماء أبيض رقيق يخرج عند شهوة لا بشهوة ولا دفق ولايعقبه فتور، وربما لايحس بخروجه، وهو أغلب في النساء من الرجال. وفي بعض الشروح: أن ما يخرج من المرأة عند الشهوة يسمى القذى بمفتوحتين، والودي بإسكان الدال المهملة وتخفيف الياء، ولايجوز عند جمهور أهل اللغة غير هذا، وحكى الجوهري في الصحاح عن الأموي أنه قال: بتشديد الياء، وحكى صاحب مطالع الأنوار لغةً أنه بالذال المعجمة، وهذان شاذان، يقال: ودى بتخفيف الدال، وأودى وودى بالتشديد، والأول أفصح، وهو ماء أبيض كدر ثخين يشبه المني في الثخانة ويخالفه في الكدورة ولا رائحة له، ويخرج عقيب البول إذا كانت الطبيعة مستمسكةً وعند حمل شيء ثقيل ويخرج قطرة أو قطرتين ونحوهما، وأجمع العلماء أنه لايجب الغسل بخروج المذي والودي، كذا في شرح المهذب"". (1/235)</span>فقط واللہ اعلم</p></p>",144105200173,banuri,"('طہارت', 'taharat')","('نجاست اور اس سے پاکی', 'najasat-aur-us-ki-paki')","('نجاست سے پاکی', 'nijasat-aur-us-ki-paki')"
06-01-2020,https://www.banuri.edu.pk/readquestion/دکان-پر-پگڑی-وصول-کرنا-144105200308/06-01-2020,دکان پر پگڑی وصول کرنا,آج کل دکان پر جو پگڑی لی جاتی ہے، چاہے کم ہو یا زیادہ، یہ جائز ہے یا ناجائز؟,"<p><p style=""text-align:justify;"">مروجہ پگڑی سسٹم شرعی اعتبارسے جائزنہیں ہے، اس لیے کہ پگڑی سسٹم نہ مکمل کرایہ داری کاحکم رکھتاہے اورنہ ہی ملکیت کا؛ اس لیےپگڑی پرلی گئی دکان کو آگے فروخت کرنااور زائدرقم لینا درست نہیں ہے۔</p><p style=""text-align:justify;"">متبادل صورت یہ ہے کہ پگڑی سسٹم ختم کرکے آپ مالک سے مالکانہ حقوق کے ساتھ دکان خریدلیں، اورپھرآگے فروخت کردیں۔ اگر دوکان خریدنے کے وسائل نہ ہوں،  یا وسائل ہوں  مگر دوکان کی خریداری مناسب نہ ہو یا مالک فروخت نہ کررہا ہو تو آپ پگڑی پر دی ہوئی رقم وصول کرکے علیحدہ ہوسکتے ہیں۔</p><p style=""text-align:justify;"">اور اگر دوکان میں کوئی پائیدار اور مستقل قسم کا اضافہ کیا ہے (مثلاً کچھ تعمیر وغیرہ کروائی ہے) تو  اپنی دی ہوئی رقم سے زائد بھی وصول کرسکتے ہیں۔فقط  واللہ اعلم</p></p>",144105200308,banuri,"('معاملات', 'muamlat')","('بیع / تجارت', 'bay-tijarat')","('اجارہ اور کرایہ کے احکام', 'ijara-or-kiraya-k-ahkam')"
07-01-2020,https://www.banuri.edu.pk/readquestion/وتر-کی-نماز-میں-دعائے-قنوت-کی-تکبیر-بھول-جانے-اور-سجدہ-سہو-نہ-کرنے-کی-صورت-میں-نماز-کا-حکم-144105200352/07-01-2020,وتر کی نماز میں دعائے قنوت کی تکبیر بھول جانے اور سجدہ سہو نہ کرنے کی صورت میں نماز کا حکم,اگر نمازِ  وتر میں دعائے قنوت کی تکبیریاد نہ رہے اور سجدہ سہوبھی نہ کرے تو کیا نماز ہو جائے گی؟,"<p><p style=""text-align:justify;"">وتر  کی نماز میں دعاءِ  قنوت سے پہلے تکبیر کہنا واجب ہے، اگر کوئی شخص دعائے قنوت والی تکبیر کہنا بھول جائے تو اس پر سجدہ سہو لازم ہوگا، سجدہ سہو نہ کرنے کی صورت میں وقت کے اندر وہ نماز واجب الاعادہ ہوگی۔ وقت گزرنے کے بعد اعادہ مستحب ہوگا۔ فقط واللہ اعلم</p></p>",144105200352,banuri,"('نماز', 'salat')","('سجدہ سہو', 'sajda-sahv')","('سجدہ تلاوت / سجدہ سہو', 'sajda-tilawat-sajda-sahw')"
07-01-2020,https://www.banuri.edu.pk/readquestion/غلطی-سے-قرآن-پاک-نیچے-گرجانے-پر-کفارہ-لازم-ہے-یا-نہیں-144105200353/07-01-2020,غلطی سے قرآنِ پاک نیچے گرجانے پر کفارہ لازم ہے یا نہیں؟,اگر کسی کے ہاتھ  سے غلطی سے قرآنِ پاک نیچے گرجائے تو اس کا کیا کفارہ ہے؟,"<p><p style=""text-align:justify;"">اگر کسی کے ہاتھ سے غلطی سے قرآنِ پاک کا نسخہ نیچے گرجائے تو اسے توبہ و استغفار کرنا چاہیے، اس وجہ سے الگ سے کوئی کفارہ ادا کرنا اس پر لازم نہیں ہوگا، البتہ حسبِ توفیق کچھ صدقہ بھی کردے تو بہتر ہے۔ فقط واللہ اعلم</p></p>",144105200353,banuri,"('ایمان و عقائد', 'aqaed')","('اسلامی عقائد', 'islami-aqaed')","('آسمانی کتابیں', 'aasmani-kitabayn')"
11-01-2020,https://www.banuri.edu.pk/readquestion/عکراش-نام-رکھنے-کا-حکم-144105200521/11-01-2020,’’عکراش‘‘ نام رکھنے کا حکم,’’اکراش‘‘  نام رکھنا کیسا ہے ؟,"<p><p style=""text-align:justify;"">اس نام کا درست تلفظ اور لکھنے کا صحیح طریقہ <span class=""ar_writing"">’’عِکْرَاش‘‘ </span>ہے، یعنی شروع میں الف نہیں ہے،  بلکہ عین ہے، جس کے نیچے زیر ہے. ’’عکراش‘‘  رسول اللہ ﷺ کے ایک صحابی رضی اللہ عنہ کا نام ہے، اس لیے  یہ نام رکھنا درست، بلکہ باعثِ برکت ہے۔ </p><p style=""text-align:justify;""><span class=""ar_writing"">تقريب التهذيب (ص: 396):</span></p><p style=""text-align:justify;""><span class=""ar_writing"">"" عكراش بكسر أوله وسكون الكاف وآخره معجمة ابن ذؤيب السعدي أبو الصهباء صحابي قليل الحديث عاش مائة سنة ت ق"".</span></p><p style=""text-align:justify;""><span class=""ar_writing"">تهذيب التهذيب (7/ 257):</span></p><p style=""text-align:justify;""><span class=""ar_writing"">""من اسمه عكراش وعكرمة""</span></p><p style=""text-align:justify;""><span class=""ar_writing"">469- ""ت ق - عكراش1"" بن ذويب بن حرقوص بن جعدة بن عمرو بن النزال بن مرة بن عبيد بن مقاعس بن عمرو بن كعب بن سعد بن زيد مناة بن تميم التميمي أبو الصهباء روى عن النبي صلى الله عليه وسلم حديثين وعنه ابنه عبيد الله قال بن سعد صحب النبي صلى الله عليه وسلم وسمع منه قلت وقال بن حبان في كتاب الصحابة له صحبة غير إني لست بالمعتمد على إسناد خبره وذكر بن قتيبة في المعارف وابن دريد في الاشتقاق أن عكراش بن ذويب شهد الجمل مع عائشة فقال الأحنف كأنكم به وقد أتى به قتيلا أو به جراحة ولا تفارقه حتى يموت قال فضرب ضربة على أنفه عاش بعدها مائة سنة وأثر الضربة به انتهى والمراد من هذا إن صحت هذه الحكاية مع انقطاعها أنه أكمل مائة سنة من عمره لا أنه عاش بعد الضربة مائة سنة لأن ذلك مستحيل إذ المحدثون قد اتفقوا على أن آخر الصحابة موتا أبو الطفيل عامر بن واثلة ومات سنة 11 على الصحيح وظهر به مصداق قوله صلى الله عليه وسلم فيما أخرجه أصحاب الصحيح أنه قال في آخر عمره على رأس مائة سنة من هذه الليلة لا يبقى على وجه الأرض ممن هو اليوم عليها أحد فكان كذلك"".</span></p><p style=""text-align:justify;""><span class=""ar_writing"">تاج العروس (17/ 272):</span></p><p style=""text-align:justify;""><span class=""ar_writing"">""العكرش، بالكسر: نبات من الحمض، يشبه الثيل، ولكنه أشد خشونة، قال أبو نصر: وأخبرني بعض البصريين أنه آفة للنخل، ينبت في أصله فيهلكه، أو هو الثيل بعينه، كما نقله أبو حنيفة عن بعض الأعراب، ويسمى نجمة، بارد يابس، وقيل: معتدل، وأصله وبزره يقطعان القيء، وطبيخه يمنع من قروح المثانة، أو هو نوع من الحرشف، أو هي العشبة المقدسة، أو هو البلسكي، أو نبات منبسط على وجه الأرض، له زهر دقيق، وبزر كالجاورس، وطعم كالبقل، قال الأزهري: العكرش منبته نزوز الأرضين الرقيقة، في أطراف ورقه شوك إذا توطأه الإنسان بقدميه شاكهما حتى أدماهم"".</span></p><p style=""text-align:justify;""><span class=""ar_writing"">لسان العرب (6/ 319):</span></p><p style=""text-align:justify;""><span class=""ar_writing"">""عكرش: العكرش نبات شبه الثيل خشن أشد خشونة من الثيل تأكله الأرانب: والعكرشة: الأرنب الضخمة؛ قال ابن سيده: هي الأرنب الأنثى، سميت بذلك لأنها تأكل هذه البقلة؛ قال الأزهري: هذا غلط، الأرانب تسكن عذوات البلاد النائية عن الريف والماء ولا تشرب الماء، ومراعيها الحلمة والنصي وقميم الرطب إذا هاج؛ والخزز الذكر من الأرانب، قال: وسميت أنثى الأرانب عكرشة لكثرة وبرها والتفافه، شبه  بالعكرش لالتفافه في منابته. وفي حديث عمر: قال له رجل: عنت لي عكرشة فشنقتها بجبوبة، فقال: فيها جفرة ؛ العكرشة أنثى الأرانب، والجفرة: العناق من المعز. الأزهري: العكرش منبته نزوز الأرض الدقيقة وفي أطراف ورقه شوك إذا توطأه الإنسان بقدميه أدماهما؛ وأنشد أعرابي من بني سعد يكنى أبا صبرة:</span></p><p style=""text-align:justify;""><span class=""ar_writing"">اعلف حمارك عكرشا، ... حتى يجد ويكمشا</span></p><p style=""text-align:justify;""><span class=""ar_writing"">والعكرشة: التقبض. وعكراش رجل كان أرمى أهل زمانه، قال الأزهري: هو عكراش بن ذؤيب كان قدم على النبي، صلى الله عليه وسلم، وله رواية إن صحت"". </span>فقط واللہ اعلم</p></p>",144105200521,banuri,"('حقوق و آدابِ معاشرت', 'huqooq-muashret')","('حقوق', 'bahmi-huqooq')","('اولاد کے حقوق', 'olad-ky-hoqoq')"
15-01-2020,https://www.banuri.edu.pk/readquestion/بچوں-کو-ڈائیپرز-پہنانا-144105200697/15-01-2020,بچوں کو ڈائیپرز پہنانا,بچوں کو پیمپرز پہنانے کا کیا حکم ہے؟  کیوں کہ اگر بچے کو پیمپر نہ پہنایا جائے تو بہت سے مسائل جنم لیتے ہیں، مثلاً بچے بستر  پر پیشاب کردیتے ہیں جس کی وجہ سے بستر ناپاک ہوجاتے ہیں اور اسی طرح والدین کی گود میں پیشاب پاخانہ کردیتے ہیں، جس کی وجہ سے نماز اور قرآن پڑھنے پڑھانے میں مشکلات پیش آتی ہیں، اور خاص کر سردیوں میں بچوں کو مسلسل پانی سے دھویا جائے تو ٹھنڈ لگنے کا خطرہ ہے، ان تمام صورتوں کے پیشِ نظر بچوں کو پیمپرز پہنانا کیسا ہے؟,"<p><p style=""text-align:justify;"">بچوں کو  ڈائپرز پہنانا جائز ہے، شرعاً ممانعت نہیں۔ فقط واللہ اعلم</p></p>",144105200697,banuri,"('طہارت', 'taharat')","('نجاست اور اس سے پاکی', 'najasat-aur-us-ki-paki')","('نجاست سے پاکی', 'nijasat-aur-us-ki-paki')"
15-01-2020,https://www.banuri.edu.pk/readquestion/شادی-کی-حس-بذریعہ-آپریشن-ختم-کروانا-144105200698/15-01-2020,شادی کی صلاحیت بذریعہ آپریشن ختم کروانا,ہماری ایک بھتیجی ہے جو سنِ بلوغت کو پہونچ چکی ہے، مگر وہ معذور ہے بچپن سے، اور اس کی شادی بھی نہیں کرا سکتے؛ کیوں کہ ایک طرف بالکل کام نہیں کرتی، اور وہ نہ ہی  صحیح طرح سے بول سکتی ہے، ڈاکٹر کے مشورے سے کیا ہم اس کا آپریشن کروا سکتے ہیں کہ اس میں شادی والی حس ہی ختم کرا دی جائے؟,"<p><p style=""text-align:justify;"">شادی کی حس ختم کرانا عضوِ انسانی تلف کرنے  کے زمرے میں داخل ہے، جس کی شرعاً اجازت نہیں، لہذا ایسا نہ کیا جائے۔ فقط واللہ اعلم</p></p>",144105200698,banuri,"('حظر و اباحت', 'mamnooaat-mubahat')","('علاج / معالجہ', 'ilaj-mualaja')","('انسانی اعضاء کا وقف / ڈونیشن', 'insani-aaza-ka-waqf-donation')"
27-10-2018,https://www.banuri.edu.pk/readquestion/دائن-سے-مقروض-کے-امانت-رکھوائے-ہوئے-پیسے-خرچ-ہونے-کا-حکم/27-10-2018,دائن سے مقروض کے امانت رکھوائے ہوئے پیسے خرچ ہونے کا حکم,میں آپ سے ایک خاندان کی خاتون کے ایک مسئلے کے بارے میں جاننا چاہتا ہوں، جو کافی کشمکش میں ہیں، اس خاتون کی ساس 15 سال تک ان کی تنخواہ پہ قابض رہیں، انہیں ایک ٹکا تک نہیں دیا، بالآخر وہ لوگ دوسرے شہر منتقل ہو گئے، 2،3 سال پہلے ان کی ساس ان کے پاس آئیں تو اس خاتون کو  50 ہزار بطورِ امانت دیے  کہ میرے مرنے پر یہ میری تدفین پہ خرچ ہوں، اس خاتون نے وہ رقم بطورِ امانت رکھ لی، کچھ عرصے بعد ضرورت کے تحت خرچ کرتی گئیں کہ واپس جمع کرکے رکھ لوں گی، اس طرح ساری رقم خرچ ہو گئی، اب وہ خاتون پریشان ہیں کہ کیا کریں؟  آپ شرعی لحاظ سے راہ نمائی فرمائیں کہ وہ کیا کریں؟  دوبارہ رقم جمع کریں یا پھر جو 15 سال کی محنت تھی اسی کا سوچ کے چھوڑ دیں؟,"<p><p style=""margin-left:0;margin-right:0;text-align:justify;""><span style=""background-color:#fff;"">اگر مذکورہ خاتون کی ساس نے ان کی تنخواہ پر ناحق قبضہ کیا ہوا تھا، اور وہ خاتون اس تمام عرصہ میں ساس کو اپنی تنخواہ دینے پر دل سے رضامند نہیں تھیں، یعنی انہوں</span> نے ساس کو اپنی تنخواہ کا مالک نہیں بنایا تھا، بلکہ وہ مجبوراً  خاموش رہی تھیں تو اس صورت میں پندرہ سال کی جتنی بھی تنخواہ تھی وہ سب مذکورہ خاتون ہی کی ملکیت تھی اور ان کو اپنی ساس سے  اپنی تنخواہ کے پیسے واپس لینے کا پورا حق تھا، اور ان کی ساس پر لازم تھا کہ وہ ان کی تنخواہ ان کو واپس لوٹادیں،  لیکن چوں کہ ساس نے ان کو ان کے پیسے واپس نہیں لوٹائے جو  کہ ان کا حق تھا؛ اس لیے ا گر مذکورہ خاتون سے اپنی ساس کے امانت رکھوائے ہوئے پیسے خرچ ہوگئے ہیں تو اس پر وہ پیسے دوبارہ جمع کر کے  اپنی ساس کو واپس کرنا ضروری نہیں ہے، بلکہ ان کی ساس نے  جتنے پیسے ناحق قبضہ کیے تھے ان میں سے یہ امانت والے پیسے منہا کردیے جائیں گے، پھر جتنے پیسے باقی رہ جائیں گے وہ مذکورہ خاتون کو واپس کرنا ساس کے ذمہ لازم رہے گا۔فقط واللہ اعلم</p></p>",144001200733,banuri,"('متفرق کتب', 'mutafarriq-kutub')","('متفرق ابواب', 'mutafarriq-abwab')","('متفرق فصول', 'mutafarriq-fusool')"
27-12-2019,https://www.banuri.edu.pk/readquestion/رکوع-اور-سجدہ-میں-تین-سے-کم-تسبیحات-پڑھنے-کا-حکم-144104201038/27-12-2019,رکوع اور سجدہ میں تین سے کم تسبیحات پڑھنے کا حکم,سجدے یا رکوع میں تسبیحات تین سے کم پڑھیں، یعنی ایک یا دو مرتبہ پڑھا تو کیا حکم ہے؟,"<p><p style=""text-align:justify;"">نماز کے رکوع اور سجدہ میں تین مرتبہ تسبیحات کہنا سنت ہے،  تین مرتبہ سے کم کہنا مکروہِ تنزیہی ہے، البتہ نماز ادا ہوجائے گی اور سجدہ سہو  بھی لازم نہیں ہوگا۔</p><p style=""text-align:justify;""><span class=""ar_writing"">الدر المختار وحاشية ابن عابدين (رد المحتار) (1/ 476):<br/>
""(وتكبير الركوع و) كذا (الرفع منه) بحيث يستوي قائمًا (والتسبيح فيه ثلاثًا) وإلصاق كعبيه ...  (وتكبير السجود و) كذا نفس (الرفع منه) بحيث يستوي جالسًا (و) كذا (تكبيره، والتسبيح فيه ثلاثًا ... (قوله: ثلاثًا) فلو تركه أو نقصه كره تنزيهًا"". </span>فقط واللہ اعلم</p></p>",144104201038,banuri,"('نماز', 'salat')","('نماز کی شرائط', 'namaz-ki-sharait')","('نماز اور اس کی شرائط و ارکان ، سنن و آداب', 'namaz-or-us-ki-sharait-o-arkaan-sunan-o-aadab')"
16-01-2020,https://www.banuri.edu.pk/readquestion/بالوں-کو-کالا-کرنے-کا-حکم-144105200706/16-01-2020,بالوں کو کالا کرنے کا حکم,کیا اسلام میں بال کالے کرنا جائز ہے؟ اگر جائز ہےتو بھی تفصیل سے جواب دیں اور اگر ناجائز ہے تو پھر بھی تفصیل سے جواب دیں!,"<p><p style=""text-align:justify;"">خالص سیاہ خضاب یا سیاہ رنگ لگا کر بالوں کو کالا کرنے کی ممانعت چوں کہ احادیثِ صحیحہ میں وارد ہوئی ہے، اس وجہ سے بالوں کو کالا کرنا جائز نہیں ہے، البتہ میدانِ جہاد میں دشمن کو مرعوب رکھنے کے لیے اس کی اجازت ہے؛ لہٰذا خالص سیاہ خضاب استعمال نہ کیا جائے۔</p><p style=""text-align:justify;""><span class=""ar_writing"">""عن جابر قال: أتي النبي ﷺ بأبي قحافة یوم فتح مکة ورأسه ولحیته کالثغامة بیاضاً، فقال النبي ﷺ: غیروا هذا بشيء، و اجتنبوا السواد"". (الصحيح لمسلم، کتاب اللباس والزینة، باب استحباب خضاب الشیب بصفرة أو حمرة وتحریمه بالسواد، النسخة الهندیة ۲/ ۱۹۹، بیت الأفکار رقم: ۲۱۰۲)</span></p><p style=""text-align:justify;"">ترجمہ: حضرت جابر رضی اللہ عنہ سے روایت ہے کہ  فتحِ مکہ کے دن حضرت ابوبکر رضی اللہ عنہ کے والد ""ابوقحافہ""  رضی اللہ عنہ نبی کریم ﷺ کی خدمت میں لائے گئے، ان کے سر اور داڑھی کا بال بالکل سفید ہوچکے تھے، نبی ﷺ نے فرمایا: اس (سفید رنگ) کو کسی خضاب سے بدل (کر رنگ) دو، لیکن کالے رنگ سے اجتناب کیجیو!</p><p style=""text-align:justify;""><span class=""ar_writing"">""والأمر للوجوب، وترك الواجب یوجب الوعید. وروی أبو داؤد، والنسائي عن ابن عباس عن النبي ﷺ قال:« یکون قوم في آخر الزمان یخضبون بهذا السواد کحواصل الحمام لایریحون رائحة الجنة»"".(سنن النسائي، کتاب الزینة من السنن، النهي عن الخضاب بالسواد، النسخة الهندیة ۲/ ۲۳۶، دارالسلام رقم: ۵۰۷۸)</span></p><p style=""text-align:justify;"">ترجمہ: مذکورہ حدیث (صحیح مسلم کی روایت میں) رسول اللہ ﷺ کا حکم وجوب کے لیے ہے، اور واجب کو چھوڑنا وعید کا سبب ہوتاہے؛ اسی وجہ سے رسول اللہ ﷺ نے اس (بال سیاہ کرنے) پر وعید بھی بیان فرمائی ہے، چناں چہ ابوداؤد اور نسائی رحمہما اللہ نے حضرت عبداللہ بن عباس رضی اللہ عنہما سے روایت کیا ہے کہ نبی کریم ﷺ نے فرمایا: آخری زمانے میں کچھ لوگ ایسے ہوں گے جو سیاہ خضاب استعمال کریں گے جیسے کبوتر کے پوٹے، وہ (لوگ) جنت کی خوش بو بھی نہیں سونگھ سکیں گے۔</p><p style=""text-align:justify;""><span class=""ar_writing"">""وأما الخضاب بالسواد فمن فعل ذلك من الغزاة؛ لیکون أهیب في عین العدو فهو محمود منه، اتفق علیه المشائخ. ومن فعل ذلك لیزید نفسه للنساء أو لحبب نفسه إلیهن فذلك مکروه، و علیه عامة المشائخ. وبعضهم جوز ذلك من غیر کراهة"". (الفتاوى الهندية ۵/۳۵۹)</span>فقط واللہ اعلم</p></p>",144105200706,banuri,"('حقوق و آدابِ معاشرت', 'huqooq-muashret')","('لباس / وضع قطع', 'libass-waza-qata')","('بالوں کے احکام و آداب', 'baloon-k-ahkam-o-aadab')"
24-11-2019,https://www.banuri.edu.pk/readquestion/جی-پی-فنڈ-پر-ملنے-والے-اضافے-کا-شرعی-حکم-144103200647/24-11-2019,جی پی فنڈ پر ملنے والے اضافے کا شرعی حکم,گورنمنٹ سروینٹ کا جی پی فنڈ اس کی مقررہ تنخواہ میں سے گورنمنٹ کاٹتی ہے اور اس کا سالانہ انٹریسٹ بھی ملتا ہے اور میں نے جی پی فنڈ ختم کروانے کی بہت کوشش کی ہے؛ تاکہ مجھے ہر ماہ تنخواہ میں وہ رقم ملتی رہے،  لیکن یہ کلوز نہیں ہوتا تو اس کی شرعی حیثیت کیا ہے؟  اور اگر بہ یک وقت لیا جائے تو گورنمنٹ قسطوں  میں  ڈبل  کاٹ کر اسی بیلنس پر پہنچاتی ہے؟,"<p><p style=""text-align:justify;"">’’جی پی‘‘  فنڈ جس  کی کٹوتی ملازمین کی مرضی سے نہ ہوتی ہو  اس کی اصل رقم بمع اضافی رقم کے لینا جائز ہے۔  اور اس کی وجہ سے تنخواہ پر اثرنہیں  پڑتا۔البتہ جہاں کٹوتی اختیاری ہو ، وہاں  اضافی رقم لینا درست نہیں ہے۔ اگر آپ کے سوال کے آخری جملے سے مراد یہ ہے کہ مذکورہ فنڈ ریٹائر منٹ سے پہلے دورانِ ملازمت وصول کیا جائے تو گورنمنٹ ملازم سے وہ رقم واپس لیتی ہے، اور واپسی پر اضافی کٹوتی کرکے وصول کرتی ہے تو اس طرح کا معاملہ شرعاً درست نہیں ہے، آپ ریٹائر منٹ کے وقت ہی وصول کرلیجیے گا۔ اور اگر آپ کے آخری جملے کی مراد کچھ اور ہے تو دوبارہ وضاحت کرکے سوال کرلیجیے۔  فقط واللہ اعلم</p><p style=""text-align:justify;"">ہماری ویب سائٹ پر اس حوالے سے تفصیلی فتویٰ کے لیے درج ذیل لنک ملاحظہ کیجیے:</p><p style=""text-align:justify;""><a href=""https://www.banuri.edu.pk/readquestion/%D8%AC%DB%8C-%D9%BE%DB%8C-%D9%81%D9%86%DA%88-gp-fund-%D9%BE%D8%B1-%D8%A7%D8%AF%D8%A7%D8%B1%DB%92-%DA%A9%DB%8C-%D8%B7%D8%B1%D9%81-%D8%B3%DB%92-%D9%85%D9%84%D9%86%DB%92-%D9%88%D8%A7%D9%84%DB%92-%D9%85%D9%86%D8%A7%D9%81%D8%B9-%DA%A9%D8%A7-%D8%AD%DA%A9%D9%85/15-10-2018"">جی پی فنڈ (GP Fund) پر ادارے کی طرف سے ملنے والے منافع کا حکم</a></p></p>",144103200647,banuri,"('معاملات', 'muamlat')","('بیع / تجارت', 'bay-tijarat')","('اجارہ اور کرایہ کے احکام', 'ijara-or-kiraya-k-ahkam')"
13-01-2020,https://www.banuri.edu.pk/readquestion/نماز-میں-استغفراللہ-کہہ-دیا-تو-نماز-کا-حکم-144105200571/13-01-2020,نماز میں استغفراللہ کہہ دیا تو نماز کا حکم,اگر کوئی شخص نماز میں کچھ غلط خیالات آنے کی وجہ سے نماز کے اندر ہی استغفار پڑھ لیتا ہے تو کیا اس کا یہ عمل درست ہے، اور نماز میں کوئی خرابی واقع نہیں ہوگی؟,"<p><p style=""text-align:justify;"">اگر نماز میں کسی بھی رکن میں  ’’استغفر اللہ‘‘  کہہ دیا تو اس سے نماز فاسد تو نہیں ہوگی، البتہ نماز کے دوران (دعا کے مواقع کے علاوہ کسی رکن میں) زبان سے یہ کہنا بھی درست نہیں ہے، بلکہ غلط خیال جھٹک کر نماز  کی طرف متوجہ ہوجائے۔</p><p style=""text-align:justify;""><span class=""ar_writing"">الدر المختار وحاشية ابن عابدين (رد المحتار) (1/ 621):<br/>
""(بالاسترجاع على المذهب)؛ لأنه بقصد الجواب صار ككلام الناس (وكذا) يفسدها (كل ما قصد به الجواب)، كأن قيل: أمع الله إله؟ فقال: لا إله إلا الله، أو ما مالك؟ فقال:  {الخيل والبغال والحمير}،  أو من أين جئت؟ فقال: {وبئر معطلة وقصر مشيد} -[الحج: 45]- (أو الخطاب ك) قوله لمن اسمه ""يحيى"" أو ""موسى"": {يا يحيى خذ الكتاب بقوة} -[مريم: 12]- أو {وما تلك بيمينك يا موسى} -[طه: 17]- (مخاطبًا لمن اسمه ذلك) أو لمن بالباب {ومن دخله كان آمنًا} -[آل عمران: 97]- .</span></p><p style=""text-align:justify;""><span class=""ar_writing"">[فروع] سمع اسم الله تعالى، فقال: جل جلاله، أو النبي صلى الله عليه وسلم، فصلى عليه، أو قراءة الإمام، فقال: صدق الله ورسوله، تفسد إن قصد جوابه، لو سمع ذكر الشيطان فلعنه تفسد. وقيل: لا، ولو حوقل؛ لدفع الوسوسة إن لأمور الدنيا تفسد لا لأمور الآخرة"".</span></p><p style=""text-align:justify;""><span class=""ar_writing"">الدر المختار وحاشية ابن عابدين (رد المحتار) (1/ 621):<br/>
""(قوله: لأنه إلخ) بيان لوجه الفساد عندهما، فإن المناط كونه لفظًا أفيد به معنى ليس من أعمال الصلاة لا كونه وضع لإفادة ذلك، فتح (قوله: كل ما قصد به الجواب) أي عندهما؛ لصيرورة الثناء كلام الناس بالقصد، كخروج القراءة بقصد الخطاب، والجواب بما ليس بثناء مفسد اتفاقًا، كذا في غرر الأفكار، ومثله في الدرر حيث قال: قيد بالتحميد ونحوه؛ لأن الجواب بما ليس بثناء مفسد اتفاقًا. اهـ"".</span></p><p style=""text-align:justify;""><span class=""ar_writing"">الدر المختار وحاشية ابن عابدين (رد المحتار) (1/ 621):<br/>
""وكذلك إذا سمع اسم النبي صلى الله عليه وسلم فصلى عليه فهذا إجابة. اهـ. ويشكل على هذا كله ما مر من التفصيل فيمن سمع العاطس فقال: ""الحمد لله""، تأمل! واستفيد أنه لو لم يقصد الجواب، بل قصد الثناء والتعظيم لاتفسد؛ لأن نفس تعظيم الله تعالى والصلاة على نبيه صلى الله عليه وسلم لاينافى الصلاة، كما في شرح المنية (قوله: وقيل: لا) جزم به في البحر، والظاهر أنه مبني على ما إذا لم يقصد الجواب"". </span> فقط واللہ اعلم</p></p>",144105200571,banuri,"('نماز', 'salat')","('مکروہاتِ نماز', 'makrohat-e-namaz')","('مکروہات نماز', 'makrohat-e-namaz')"
11-01-2020,https://www.banuri.edu.pk/readquestion/بینک-سے-پرائز-بانڈ-لینے-کا-حکم-144105200526/11-01-2020,بینک سے پرائز بانڈ لینے کا حکم,بینک سے بانڈ لینا کیسے ہے? کیا یہ جائز ہے? اگر ناجائز ہے تو نا جائز کیوں ہے ؟,"<p><p style=""text-align:justify;"">پرائز بانڈ کی خرید وفروخت اور اس پر ملنے والا انعام ناجائزا ور حرام ہے،  اس میں ’’سود‘‘ اور ’’جوا‘‘ پایا جاتا ہے۔  پرائز بانڈز میں ’’سود‘‘ کا وجود تو بالکل ظاہر ہے؛  کیوں کہ سود کی حقیقت یہ  ہے کہ مال کا مال کے بدلے معاملہ کرتے وقت ایک طرف ایسی زیادتی مشروط ہو جس کے مقابلے میں دوسری طرف کچھ نہ ہو ۔ بعینہ یہی حقیقت بانڈز کے انعام میں بھی موجود ہے، کیوں کہ ہر آدمی مقررہ رقم دے کر پرائزبانڈز اس لیے حاصل کرتا ہے کہ اس سے قرعہ اندازی میں نام آنے پر اپنی رقم کے علاوہ  زیادہ رقم مل جائے، اور یہ زائد اور اضافی رقم سود ہے، کیوں کہ شر یعت میں ایک جنس کی رقم  کاتبادلہ اگر  آپس میں  کیا جائے تو برابری کے ساتھ لین دین کرنا ضروری ہوتا ہے، کمی بیشی کے ساتھ لین دین کرنا سود ہے،اسی طرح سود کی ایک اور حقیقت جو قرآنِ  کریم کے نازل ہونے سے پہلے بھی سمجھی جاتی تھی  وہ یہ تھی کہ قرض دے کر اس پر نفع لیاجائے ،سود کی یہ حقیقت ایک حدیث میں ان الفاظ کے ساتھ آئی ہے <span class=""ar_writing"">”کل قرض جر منفعةً فهو ربوا“ </span> یعنی ہر وہ قرض جو نفع کمائے وہ سود ہے،  لہٰذا اس سے ثابت ہوا کہ جو زیادتی قرض کی وجہ سے حاصل ہوئی ہو، وہ بھی سود میں داخل ہے، اور سود کی یہ حقیقت بانڈز کے انعام پر بھی صادق آتی ہے؛  کیوں کہ  بانڈز کی حیثیت قرض کی ہوتی ہے،  حکومت اس قرضہ کو استعمال میں لاتی ہے اور قرضہ کے عوض لوگوں سے ایک مقررہ مقدار میں انعام کا وعدہ کرتی ہے اور پھر قرعہ اندازی کے ذریعے انعامی رقم  کے نام سے سود کی رقم لوگوں میں تقسیم کردی جاتی ہے، جو ناجائز اور حرام ہے۔</p><p style=""text-align:justify;"">اسی طرح پرائزبانڈ ز  میں ’’جوا‘‘ اور ’’غرر‘‘بھی شامل ہے اور ’’جوا‘‘ ہر وہ معاملہ ہے جو نفع و ضرر کے درمیان دائر ہو، یعنی یہ احتمال بھی ہو کہ معمولی رقم کے عوض میں بہت سارا مال مل جائے اور یہ بھی احتمال ہو کہ کچھ نہ ملے، اور یہ ہی صورتِ حال پرائز بانڈ کی خرید و فروخت میں پائی جاتی ہے، کیوں کہ پرائز بانڈ خریدنے والے کی یہ طمع ہوتی ہے کہ اس کے بدلے ایک خطیر رقم وصول ہو جائے اب اس میں یہ احتمال بھی ہوتا ہے کہ واقعۃً بڑی رقم حاصل ہو جائے اور یہ بھی احتمال ہوتا ہے کہ اس کے بدلے کوئی اضافی رقم وصول نہ ہو، اس اعتبار سے اس میں ’’غرر‘‘ کا پہلو پایا گیا، لہذا جب یہ معاملہ ابتدا میں خطرے میں رہا، اس لیے اس میں ’’جوا‘‘ پایا گیا جو شرعاً حرام ہے۔ </p><p style=""text-align:justify;""><span class=""ar_writing"">أحكام القرآن للجصاص ط العلمية (2/ 582):</span></p><p style=""text-align:justify;""><span class=""ar_writing"">""وحقيقته تمليك المال على المخاطرة"".</span></p><p style=""text-align:justify;"">خلاصہ یہ ہوا کہ پرائز بانڈز جوئے اور سود کا مجموعہ ہے، لہذا پرائز بانڈ ز کی خریدوفروخت کرنااور اس سے ملنے والا انعام حاصل کرنا شریعت کی رو سے  ناجائز اور حرام ہے۔ اگر لاعلمی میں لے لیے ہوں تو اصل رقم وصول کرنا جائز ہوگا، اگر انعام نکل آیا تو اسے ثواب کی نیت کے بغیر صدقہ کرنا ضروری ہوگا۔ فقط واللہ اعلم</p></p>",144105200526,banuri,"('معاملات', 'muamlat')","('سود / بینکاری / انشورنس / شیئرز', 'sood-bankari-insurance-shares')","('متفرقات سود', 'mutafarriqat-e-sood')"
