link,title,question_html,answer_html,issued_at,html_container,dar_ul_ifta
https://www.usmanidarulifta.in/2019/03/blog-post_26.html,سجدہ میں پہلے پیشانی رکھی جائے یا ناک؟,,,منگل، 26 مارچ، 2019,"<div class=""date-outer"">
<h2 class=""date-header""><span>منگل، 26 مارچ، 2019</span></h2>
<div class=""date-posts"">
<div class=""post-outer"">
<div class=""post hentry uncustomized-post-template"" itemprop=""blogPost"" itemscope=""itemscope"" itemtype=""http://schema.org/BlogPosting"">
<meta content=""6140543398167395599"" itemprop=""blogId""/>
<meta content=""8702827680204699913"" itemprop=""postId""/>
<a name=""8702827680204699913""></a>
<h3 class=""post-title entry-title"" itemprop=""name"">
<a href=""https://www.usmanidarulifta.in/2019/03/blog-post_26.html"">سجدہ میں پہلے پیشانی رکھی جائے یا ناک؟</a>
</h3>
<div class=""post-header"">
<div class=""post-header-line-1""></div>
</div>
<div class=""post-body entry-content"" id=""post-body-8702827680204699913"" itemprop=""articleBody"">
<p dir=""rtl"">*سجدہ میں پہلے پیشانی رکھی جائے یا ناک؟*</p>
<p dir=""rtl"">سوال :</p>
<p dir=""rtl"">مفتی صاحب ایک سوال یہ کرنا تھا کہ سجدہ کرتے وقت پہلے پیشانی زمین پر رکھنا چاہیے یا ناک؟ بعض لوگوں سے سنا ہے پہلے ناک رکھنا چاہیے۔<br/>
آپ رہبری فرمادیں۔<br/>
(المستفتی : محمد افضل، مالیگاؤں)<br/>
---------------------------------<br/>
بسم اللہ الرحمن الرحیم<br/>
الجواب وباللہ التوفيق : سجدہ میں جاتے وقت اصل ان اعضاء کو پہلے زمین پر رکھنا مستحب ہے جو زمین سے زیادہ قریب ہوں، لہٰذا سجدہ کرتے وقت سب سے پہلے دونوں گھٹنے، پھر ناک پھر پیشانی زمین پر رکھی جائے گی، اسی طرح سجدے سے اٹھتے وقت بھی اسی ترتیب کا خیال رکھا جائے گا، پہلے پیشانی پھر ناک وغیرہ زمین سے اٹھائی جائے گی، فتاوی ہندیہ میں یہی ترتیب مذکور ہے۔</p>
<p dir=""rtl"">ملحوظ رہے سجدہ کرتے وقت پیشانی اور ناک زمین پر رکھنے میں مذکورہ ترتیب کا خیال رکھنا مستحب ہے، فرض یا واجب نہیں۔ لہٰذا اس مسئلے میں سختی کا مظاہرہ کرنا درست نہیں، جیسا کہ سوال سے گمان ہوتا ہے کہ اسے بہت اہمیت دی جارہی ہے یا اسے فرض اور واجب سمجھا جارہا ہے۔</p>
<p dir=""rtl"">قالوا إذا أراد السجود يضع أولا ما كان أقرب إلی الأرض فيضع ركبتيه أولا ثم يديه ثم أنفه ثم جبهته. ۔۔۔۔۔۔ وإذا أراد الرفع يرفع أولا جبهته ثم أنفه ثم يديه ثم ركبتيه قالوا هذا إذا كان حافيا أما إذا كان متخففا فلا يمكنه وضع الركبتين أولا فيضع اليدين قبل الركبتين ويقدم اليمنى على اليسرى كذا في التبيين .(الفتاوی الھندیۃ : ۱/۷۵، الباب الرابع في صفۃ الصلاۃ، الفصل الثالث في سنن الصلاة وآدابها وكيفيتها)</p>
<p dir=""rtl"">قال الطیبی رحمہ اللہ من أصر علیٰ أمر مندوب وجعلہ عزما ولم یعمل بالرخصۃ فقد أصاب منہ الشیطان من الإضلال ۔ (مرقاۃ، باب الدعاء فی التشہد، الفصل الأول، ۲/۳۴۸)فقط<br/>
واللہ تعالٰی اعلم<br/>
محمد عامر عثمانی ملی<br/>
18 رجب المرجب 1440</p>
<div style=""clear: both;""></div>
</div>
<div class=""post-footer"">
<div class=""post-footer-line post-footer-line-1"">
<span class=""post-author vcard"">
</span>
<span class=""post-timestamp"">
-
<meta content=""https://www.usmanidarulifta.in/2019/03/blog-post_26.html"" itemprop=""url""/>
<a class=""timestamp-link"" href=""https://www.usmanidarulifta.in/2019/03/blog-post_26.html"" rel=""bookmark"" title=""permanent link""><abbr class=""published"" itemprop=""datePublished"" title=""2019-03-26T16:08:00+05:30"">مارچ 26, 2019</abbr></a>
</span>
<span class=""post-comment-link"">
<a class=""comment-link"" href=""https://www.usmanidarulifta.in/2019/03/blog-post_26.html#comment-form"" onclick="""">
کوئی تبصرے نہیں:
  </a>
</span>
<span class=""post-icons"">
</span>
<div class=""post-share-buttons goog-inline-block"">
</div>
</div>
<div class=""post-footer-line post-footer-line-2"">
<span class=""post-labels"">
Labels:
<a href=""https://www.usmanidarulifta.in/search/label/%D9%86%D9%85%D8%A7%D8%B2"" rel=""tag"">نماز</a>
</span>
</div>
<div class=""post-footer-line post-footer-line-3"">
<span class=""post-location"">
</span>
</div>
</div>
</div>
</div>
</div></div>",usmanidarulifta.in
https://www.usmanidarulifta.in/2019/03/blog-post_24.html,تیرہ سال کے بچے کی امامت کا حکم,,,اتوار، 24 مارچ، 2019,"<div class=""date-outer"">
<h2 class=""date-header""><span>اتوار، 24 مارچ، 2019</span></h2>
<div class=""date-posts"">
<div class=""post-outer"">
<div class=""post hentry uncustomized-post-template"" itemprop=""blogPost"" itemscope=""itemscope"" itemtype=""http://schema.org/BlogPosting"">
<meta content=""6140543398167395599"" itemprop=""blogId""/>
<meta content=""913171172328694846"" itemprop=""postId""/>
<a name=""913171172328694846""></a>
<h3 class=""post-title entry-title"" itemprop=""name"">
<a href=""https://www.usmanidarulifta.in/2019/03/blog-post_24.html"">تیرہ سال کے بچے کی امامت کا حکم</a>
</h3>
<div class=""post-header"">
<div class=""post-header-line-1""></div>
</div>
<div class=""post-body entry-content"" id=""post-body-913171172328694846"" itemprop=""articleBody"">
<p dir=""rtl"">*تیرہ سال کے بچے کی امامت کا حکم*</p>
<p dir=""rtl"">سوال :</p>
<p dir=""rtl"">کیا فرماتے ہیں علماء دین ومفتیان شرع متین درمیان مسئلہ ھذا کے کیا تیرہ سال کا لڑکا تراویح پڑھا سکتا ہے؟ تراویح پڑھانے کے لئے کتنے سال کا ہونا ضروری ہے؟ مدلل جواب عنایت فرماکر عنداللہ ماجور ہوں۔<br/>
(المستفتی : دین محمد، مالیگاؤں)<br/>
------------------------------------------<br/>
بسم اللہ الرحمن الرحیم<br/>
الجواب وباللہ التوفيق : احناف کے نزدیک بالغ حضرات کی امامت کے لئے امام کا بالغ ہونا شرط ہے، نابالغ کی امامت بالغ مرد و عورت کے حق میں درست نہیں ہے، خواہ فرض نماز ہو یا نفل، البتہ نابالغ بچوں کے حق میں نابالغ کی امامت درست ہے۔</p>
<p dir=""rtl"">لڑکا بارہ سال میں بالغ ہوسکتا ہے، بشرطیکہ بلوغت کی علامتوں میں سے کوئی علامت ظاہر ہوجائے اور وہ یہ ہے کہ لڑکے کو احتلام ہوجائے یا اس کی  وطی سے بیوی حاملہ ہوجائے، یا اس سے منی کا خروج ہوجائے۔ اگر ان میں سے کوئی بھی نہ پائی جائے تو لڑکے کی عمر پندرہ سال مکمل ہونے پر بلوغت  کا حکم لگ جائے گا۔</p>
<p dir=""rtl"">صورتِ مسئولہ میں تیرہ سال کے لڑکے میں بلوغ کی کوئی علامت احتلام وغیرہ پائی جائے تو وہ بالغ شمار ہوگا اور تراويح سمیت فرض نمازوں میں بالغ مرد و عورت کی امامت کرسکتا ہے، ورنہ نہیں۔</p>
<p dir=""rtl"">فلا یصح اقتداء بالغ بصبی مطلقاً سواء کان فی فرض لأن صلاۃ الصبی ولو نوی الفرض نفل، أو فی نفل لأن نفلہ لا یلزمہ أی ونفل المقتدی لازم مضمون علیہ فیلزم بناء القوی علی الضعیف۔ (طحطاوی : ۱۵۷)</p>
<p dir=""rtl"">أما غیر البالغ فإن کان ذکراً تصح إمامتہ لمثلہ۔ (شامی : ۲؍۳۲۱) </p>
<p dir=""rtl"">یحکم ببلوغ الغلام بالاحتلام أو الإنزال أو الإحبال … وببلوغ الجاریۃ بالحیض أو الاحتلام أو الحبل۔۔ فإن لم یوجد شيء من ذٰلک فإذا تم لہ ثماني عشرۃ سنۃً، ولہا سبع عشرۃ سنۃً عندہ، وعندہما إذا تم خمسۃ عشر سنۃً فیہما، وہو روایۃ الإمام، وبہ قالت الأئمۃ الثلا ثۃ، وبہ یفتی … وأدنی مدتہ لہ ثنتا عشرۃ سنۃ، ولہا تسع سنین، الخ۔ (البحر الرائق، کتاب الإکراہ، باب الحجر، فصل في حد البلوغ، ۸؍۱۵۳)فقط <br/>
واللہ تعالٰی اعلم <br/>
محمد عامر عثمانی ملی <br/>
16 رجب المرجب 1440</p>
<div style=""clear: both;""></div>
</div>
<div class=""post-footer"">
<div class=""post-footer-line post-footer-line-1"">
<span class=""post-author vcard"">
</span>
<span class=""post-timestamp"">
-
<meta content=""https://www.usmanidarulifta.in/2019/03/blog-post_24.html"" itemprop=""url""/>
<a class=""timestamp-link"" href=""https://www.usmanidarulifta.in/2019/03/blog-post_24.html"" rel=""bookmark"" title=""permanent link""><abbr class=""published"" itemprop=""datePublished"" title=""2019-03-24T16:27:00+05:30"">مارچ 24, 2019</abbr></a>
</span>
<span class=""post-comment-link"">
<a class=""comment-link"" href=""https://www.usmanidarulifta.in/2019/03/blog-post_24.html#comment-form"" onclick="""">
کوئی تبصرے نہیں:
  </a>
</span>
<span class=""post-icons"">
</span>
<div class=""post-share-buttons goog-inline-block"">
</div>
</div>
<div class=""post-footer-line post-footer-line-2"">
<span class=""post-labels"">
Labels:
<a href=""https://www.usmanidarulifta.in/search/label/%D9%86%D9%85%D8%A7%D8%B2"" rel=""tag"">نماز</a>
</span>
</div>
<div class=""post-footer-line post-footer-line-3"">
<span class=""post-location"">
</span>
</div>
</div>
</div>
</div>
</div></div>",usmanidarulifta.in
https://www.usmanidarulifta.in/2019/03/blog-post_14.html,بے وضو نماز پڑھنا کب کُفر ہے؟,,,جمعرات، 14 مارچ، 2019,"<div class=""date-outer"">
<h2 class=""date-header""><span>جمعرات، 14 مارچ، 2019</span></h2>
<div class=""date-posts"">
<div class=""post-outer"">
<div class=""post hentry uncustomized-post-template"" itemprop=""blogPost"" itemscope=""itemscope"" itemtype=""http://schema.org/BlogPosting"">
<meta content=""6140543398167395599"" itemprop=""blogId""/>
<meta content=""8439501319768666356"" itemprop=""postId""/>
<a name=""8439501319768666356""></a>
<h3 class=""post-title entry-title"" itemprop=""name"">
<a href=""https://www.usmanidarulifta.in/2019/03/blog-post_14.html"">بے وضو نماز پڑھنا کب کُفر ہے؟</a>
</h3>
<div class=""post-header"">
<div class=""post-header-line-1""></div>
</div>
<div class=""post-body entry-content"" id=""post-body-8439501319768666356"" itemprop=""articleBody"">
<p dir=""rtl"">*بے وضو نماز پڑھنا کب کُفر ہے؟* </p>
<p dir=""rtl"">سوال :</p>
<p dir=""rtl"">مفتی صاحب ! نماز کے دوران اگر کسی کا وضو ٹوٹ جائے اور اس کی ہمت نہیں ہے کہ جماعت کے دوران نماز توڑ کر جائے اور اسی بے وضو کی حالت میں نماز پڑھ لے تو کیا اس پر کفر کا حکم ہے؟ مکمل رہنمائی فرمائیں نوازش ہوگی۔<br/>
(المستفتی : محمد ریحان، مالیگاؤں) <br/>
------------------------------------------<br/>
بسم اللہ الرحمن الرحیم <br/>
الجواب وباللہ التوفيق : احادیثِ مبارکہ میں آتا ہے کہ اگر کسی شخص کا نماز میں حدث لاحق ہونے کی وجہ سے وضو ٹوٹ جائے تو اسے چاہیے کہ وہ لوٹ جائے اور وضو کرکے واپس آئے اور نماز کو مکمل کرے۔</p>
<p dir=""rtl"">لہٰذا صورت مسئولہ میں بہتر یہی ہے کہ باہر نکل جائے اور وضو کرکے آئے اور نماز مکمل کرے۔ لیکن اگر ڈر و خوف اور کم ہمتی کی وجہ سے صف سے نہ نکل سکتا ہوتو اسی جگہ بیٹھ جائے یا پھر بقیہ نماز میں نماز کی نیت سے رکوع سجدہ نہ کرے۔ اخیر کی دونوں صورتیں اگرچہ بہتر نہیں ہیں، لیکن ان دونوں صورتوں میں کوئی گناہ بھی نہیں ہے۔</p>
<p dir=""rtl"">ملحوظ رہے کہ سُستی یا جہالت سے یا فرضیت کا اقرار کرتے ہوئے بغیر وضو کے نماز پڑھی تو نماز نہیں ہوگی اور ایسا شخص سخت گناہ گار ہوگا، تاہم ایسے شخص پر کُفر کا فتوی نہیں ہے۔ البتہ اگر وضو کی فرضیت کا کوئی انکار کرتا ہے یا نماز کے ساتھ استہزاء کرتا ہے، یا نماز کو حقیر سمجھتے ہوئے بغیر وضو کے پڑھتا ہے تو مفتی بہ قول کے مطابق ایسے شخص پر کُفر کا حکم ہے۔</p>
<p dir=""rtl"">عَنْ عَائِشَةَ ، قَالَتْ : قَالَ رَسُولُ اللَّهِ صَلَّى اللَّهُ عَلَيْهِ وَسَلَّمَ : "" مَنْ أَصَابَهُ قَيْءٌ، أَوْ رُعَافٌ، أَوْ قَلَسٌ ، أَوْ مَذْيٌ، فَلْيَنْصَرِفْ فَلْيَتَوَضَّأْ، ثُمَّ لِيَبْنِ عَلَى صَلَاتِهِ، وَهُوَ فِي ذَلِكَ لَا يَتَكَلَّمُ۔ (سنن ابن ماجہ، رقم : ۱۲۲۱)</p>
<p dir=""rtl"">وَبِهِ ظَهَرَ أَنَّ تَعَمُّدَ الصَّلَاةِ بِلَا طُهْرٍ غَيْرُ مُكَفِّرٍ كَصَلَاتِهِ لِغَيْرِ الْقِبْلَةِ أَوْ مَعَ ثَوْبٍ نَجَسٍ، وَهُوَ ظَاهِرُ الْمَذْهَبِ كَمَا فِي الْخَانِيَّةِ، وَفِي سِيَرِ الْوَهْبَانِيَّةِ.(الدرالمختار) و قال ابن عابدین الشامي (قَوْلُهُ: كَمَا فِي الْخَانِيَّةِ) حَيْثُ قَالَ بَعْدَ ذِكْرِهِ الْخِلَافَ فِي مَسْأَلَةِ الصَّلَاةِ بِلَا طَهَارَةٍ وَأَنَّ الْإِكْفَارَ رِوَايَةُ النَّوَادِرِ. وَفِي ظَاهِرِ الرِّوَايَةِ لَا يَكُونُ كُفْرًا، وَإِنَّمَا اخْتَلَفُوا إذَا صَلَّى لَا عَلَى وَجْهِ الِاسْتِخْفَافِ بِالدِّينِ، فَإِنْ كَانَ وَجْهُ الِاسْتِخْفَافِ يَنْبَغِي أَنْ يَكُونَ كُفْرًا عِنْدَ الْكُلِّ۔ (شامی : ١/٨١)فقط<br/>
واللہ تعالٰی اعلم<br/>
محمد عامر عثمانی ملی<br/>
06 رجب المرجب 1440</p>
<div style=""clear: both;""></div>
</div>
<div class=""post-footer"">
<div class=""post-footer-line post-footer-line-1"">
<span class=""post-author vcard"">
</span>
<span class=""post-timestamp"">
-
<meta content=""https://www.usmanidarulifta.in/2019/03/blog-post_14.html"" itemprop=""url""/>
<a class=""timestamp-link"" href=""https://www.usmanidarulifta.in/2019/03/blog-post_14.html"" rel=""bookmark"" title=""permanent link""><abbr class=""published"" itemprop=""datePublished"" title=""2019-03-14T15:52:00+05:30"">مارچ 14, 2019</abbr></a>
</span>
<span class=""post-comment-link"">
<a class=""comment-link"" href=""https://www.usmanidarulifta.in/2019/03/blog-post_14.html#comment-form"" onclick="""">
کوئی تبصرے نہیں:
  </a>
</span>
<span class=""post-icons"">
</span>
<div class=""post-share-buttons goog-inline-block"">
</div>
</div>
<div class=""post-footer-line post-footer-line-2"">
<span class=""post-labels"">
Labels:
<a href=""https://www.usmanidarulifta.in/search/label/%D9%86%D9%85%D8%A7%D8%B2"" rel=""tag"">نماز</a>
</span>
</div>
<div class=""post-footer-line post-footer-line-3"">
<span class=""post-location"">
</span>
</div>
</div>
</div>
</div>
</div></div>",usmanidarulifta.in
https://www.usmanidarulifta.in/2019/03/blog-post_64.html,سورہ فاتحہ کی جگہ تشہد پڑھ دینا یا اس کے برعکس کرنا,,,منگل، 5 مارچ، 2019,"<div class=""date-outer"">
<h2 class=""date-header""><span>منگل، 5 مارچ، 2019</span></h2>
<div class=""date-posts"">
<div class=""post-outer"">
<div class=""post hentry uncustomized-post-template"" itemprop=""blogPost"" itemscope=""itemscope"" itemtype=""http://schema.org/BlogPosting"">
<meta content=""6140543398167395599"" itemprop=""blogId""/>
<meta content=""1320067101811916275"" itemprop=""postId""/>
<a name=""1320067101811916275""></a>
<h3 class=""post-title entry-title"" itemprop=""name"">
<a href=""https://www.usmanidarulifta.in/2019/03/blog-post_64.html"">سورہ فاتحہ کی جگہ تشہد پڑھ دینا یا اس کے برعکس کرنا</a>
</h3>
<div class=""post-header"">
<div class=""post-header-line-1""></div>
</div>
<div class=""post-body entry-content"" id=""post-body-1320067101811916275"" itemprop=""articleBody"">
<p dir=""rtl"">*سورہ فاتحہ کی جگہ تشہد پڑھ دینا یا اس کے برعکس کرنا*</p>
<p dir=""rtl"">سوال :</p>
<p dir=""rtl"">1) نماز میں ثناء و تعوذ و تسمیہ کے بعد سورہ فاتحہ پڑھنے کے بجائے بھول کر التحيات پڑھ دے اور یاد آنے پر سورہ فاتحہ اور کوئی سورت پڑھ کر نماز مکمل کرلے تو کیا نماز ہوجائے گی؟</p>
<p dir=""rtl"">2) اسی طرح قعدہ اخیرہ  میں بجائے التحیات پڑھنے کے  بھول کر سورہ فاتحہ پڑھ دے اور یاد آنے پر التحیات پڑھ کر نماز پوری کر لے تو کیا نماز ہو جائے گی؟<br/>
(المستفتی : انصاری سفیان ملی، مالیگاؤں) <br/>
----------------------------------<br/>
بسم اللہ الرحمن الرحیم<br/>
الجواب وباللہ التوفيق : اگر پہلی رکعت میں ثناء کی جگہ التحیات پڑھ لے تو سجدہ سہو واجب نہیں، اس لئے کہ یہاں تشہد ثناء کے قائم مقام سمجھا جائیگا۔<br/>
لیکن اگر ثناء اورتعوذ تسمیہ کے بعد سورہ فاتحہ کی جگہ التحیات کی اتنی مقدار پڑھ لی جو تین مرتبہ سبحان ربی الاعلی یا سبحان ربی العظيم کے بقدر ہوتو تاخیرِ واجب کی وجہ سے سجدۂ سہو واجب ہوجائے گا۔</p>
<p dir=""rtl"">٢) قعدہ اخیرہ میں سجدہ سے اٹھنے کے فوراً بعد تشہد پڑھنا واجب ہے، چنانچہ اگر کوئی التحیات کی جگہ سورہ فاتحہ کی اتنی مقدار پڑھ لے جو مذکورہ تین تسبیحات کے بقدر ہوتو سجدۂ سہو واجب ہوگا، اگر اس سے کم مقدار میں پڑھے تو سجدۂ سہو واجب نہیں۔</p>
<p dir=""rtl"">ولو تشہد فی قیامہ قبل قراءۃ الفاتحۃ فلا سہو علیہ وبعدہا یلزم سجود السہو وہو الاصح لان بعد الفاتحۃ محل قراءۃ السورۃ فاذا تشہد فیہ فقد اخر الواجب وقبلہا محل الثناء کذا فی التبیین (وفی الشلبی علی ہامش التبیین، ٢١/١٩٣،بحوالہ کتاب النوازل) </p>
<p dir=""rtl"">إن طال تفکرہ…قدر أداء رکن وجب علیہ سجود السہو لتأخیرہٖ واجب القیام، وفي حاشیۃ الطحطاوي: ولم یبینوا قدر الرکن وعلی قیاس ما تقدم أن یعتبر الرکن مع سنتہٖ وہو مقدر بثلاث تسبیحات۔ (حاشیۃ الطحطاوي، کتاب الصلاۃ، قبیل فصل في الشک، ۴۷۴)فقط<br/>
واللہ تعالٰی اعلم<br/>
محمد عامر عثمانی ملی<br/>
28 جمادی الآخر 1440</p>
<div style=""clear: both;""></div>
</div>
<div class=""post-footer"">
<div class=""post-footer-line post-footer-line-1"">
<span class=""post-author vcard"">
</span>
<span class=""post-timestamp"">
-
<meta content=""https://www.usmanidarulifta.in/2019/03/blog-post_64.html"" itemprop=""url""/>
<a class=""timestamp-link"" href=""https://www.usmanidarulifta.in/2019/03/blog-post_64.html"" rel=""bookmark"" title=""permanent link""><abbr class=""published"" itemprop=""datePublished"" title=""2019-03-05T21:18:00+05:30"">مارچ 05, 2019</abbr></a>
</span>
<span class=""post-comment-link"">
<a class=""comment-link"" href=""https://www.usmanidarulifta.in/2019/03/blog-post_64.html#comment-form"" onclick="""">
4 تبصرے:
  </a>
</span>
<span class=""post-icons"">
</span>
<div class=""post-share-buttons goog-inline-block"">
</div>
</div>
<div class=""post-footer-line post-footer-line-2"">
<span class=""post-labels"">
Labels:
<a href=""https://www.usmanidarulifta.in/search/label/%D9%86%D9%85%D8%A7%D8%B2"" rel=""tag"">نماز</a>
</span>
</div>
<div class=""post-footer-line post-footer-line-3"">
<span class=""post-location"">
</span>
</div>
</div>
</div>
</div>
</div></div>",usmanidarulifta.in
https://www.usmanidarulifta.in/2019/03/blog-post_73.html,امام کا آنے والے کے لئے قرأت یا رکوع لمبا کرنا,,,پیر، 4 مارچ، 2019,"<div class=""date-outer"">
<h2 class=""date-header""><span>پیر، 4 مارچ، 2019</span></h2>
<div class=""date-posts"">
<div class=""post-outer"">
<div class=""post hentry uncustomized-post-template"" itemprop=""blogPost"" itemscope=""itemscope"" itemtype=""http://schema.org/BlogPosting"">
<meta content=""6140543398167395599"" itemprop=""blogId""/>
<meta content=""5766138398940556343"" itemprop=""postId""/>
<a name=""5766138398940556343""></a>
<h3 class=""post-title entry-title"" itemprop=""name"">
<a href=""https://www.usmanidarulifta.in/2019/03/blog-post_73.html"">امام کا آنے والے کے لئے قرأت یا رکوع لمبا کرنا</a>
</h3>
<div class=""post-header"">
<div class=""post-header-line-1""></div>
</div>
<div class=""post-body entry-content"" id=""post-body-5766138398940556343"" itemprop=""articleBody"">
<p dir=""rtl"">*امام کا آنے والے کے لئے قرأت یا رکوع لمبا کرنا*</p>
<p dir=""rtl"">سوال :</p>
<p dir=""rtl"">کوئی صاحب امامت کرتے ہوئے رکوع کی حالت میں کس شخص کو صف میں لگتا ہوا محسوس کرے اور پھر امام صاحب اس شخص کے لئے اپنے رکوع کو لمبا کردے اس ارادے سے کہ ان صف میں لگنے والے شخص کو بھی رکوع مل جائے تو ایسا کرنے سے نماز کا کیا حکم ہے؟؟؟<br/>
(المستفتی : محمد شجاع الدین تکمیلی، مالیگاؤں)<br/>
----------------------------------<br/>
بسم اللہ الرحمن الرحیم<br/>
الجواب وباللہ التوفيق : صورت مسئولہ میں اگر امام نے آنے والے نمازی کو پہچان لیا ہے اور اس کی رعایت میں قرأت یا رکوع وغیرہ لمبا کرے تو یہ مکروہ تحریمی ہے، اور اگر پہچانے بغیر طویل کرے تو کوئی قباحت نہیں، لیکن اتنا زیادہ لمبا نہ کرے کہ نمازی اُکتا جائیں اور لوگوں کو پریشانی ہو۔ <br/></p>
<p dir=""rtl"">وکرہ تحریما إطالۃ رکوع أو قرأۃ لإدراک الجائی أی إن عرفہ وإلا فلا بأس بہ، وقال الشامی : لکن یطول مقدار ما لا یثقل علی القوم بأن یزید تسبیحۃ أو تسبیحتین علی المعتاد۔ (در مختار مع شامی زکریا ۲؍ ۱۹۸، شامی بیروت ۲؍ ۱۷۵)<br/>
مستفاد : کتاب المسائل)فقط <br/>
واللہ تعالٰی اعلم <br/>
محمد عامر عثمانی ملی <br/>
27 جمادی الآخر 1440</p>
<div style=""clear: both;""></div>
</div>
<div class=""post-footer"">
<div class=""post-footer-line post-footer-line-1"">
<span class=""post-author vcard"">
</span>
<span class=""post-timestamp"">
-
<meta content=""https://www.usmanidarulifta.in/2019/03/blog-post_73.html"" itemprop=""url""/>
<a class=""timestamp-link"" href=""https://www.usmanidarulifta.in/2019/03/blog-post_73.html"" rel=""bookmark"" title=""permanent link""><abbr class=""published"" itemprop=""datePublished"" title=""2019-03-04T23:02:00+05:30"">مارچ 04, 2019</abbr></a>
</span>
<span class=""post-comment-link"">
<a class=""comment-link"" href=""https://www.usmanidarulifta.in/2019/03/blog-post_73.html#comment-form"" onclick="""">
1 تبصرہ:
  </a>
</span>
<span class=""post-icons"">
</span>
<div class=""post-share-buttons goog-inline-block"">
</div>
</div>
<div class=""post-footer-line post-footer-line-2"">
<span class=""post-labels"">
Labels:
<a href=""https://www.usmanidarulifta.in/search/label/%D9%86%D9%85%D8%A7%D8%B2"" rel=""tag"">نماز</a>
</span>
</div>
<div class=""post-footer-line post-footer-line-3"">
<span class=""post-location"">
</span>
</div>
</div>
</div>
</div>
<div class=""post-outer"">
<div class=""post hentry uncustomized-post-template"" itemprop=""blogPost"" itemscope=""itemscope"" itemtype=""http://schema.org/BlogPosting"">
<meta content=""6140543398167395599"" itemprop=""blogId""/>
<meta content=""5742391480076692162"" itemprop=""postId""/>
<a name=""5742391480076692162""></a>
<h3 class=""post-title entry-title"" itemprop=""name"">
<a href=""https://www.usmanidarulifta.in/2019/03/blog-post_4.html"">وتر میں دعائے قنوت پڑھنا بھول جائے تو کیا کرے؟</a>
</h3>
<div class=""post-header"">
<div class=""post-header-line-1""></div>
</div>
<div class=""post-body entry-content"" id=""post-body-5742391480076692162"" itemprop=""articleBody"">
<p dir=""rtl"">*وتر میں دعائے قنوت پڑھنا بھول جائے تو کیا کرے؟*</p>
<p dir=""rtl"">سوال :</p>
<p dir=""rtl"">عود من الفرض الی الوجوب فی الصلوٰۃ کے متعلق کیا اصول ہے؟ مثلاً مصلی نے وتر کی تیسری رکعت میں دعائے قنوت پڑھے بغیر رکوع کرلیا یاد آنے پر دوبارہ قیام کیا اور دعائے قنوت پڑھ کر نماز مکمل کی۔ ایسی تمام صورتوں میں کیا اصول ہے صرف سجدہ سہو کافی ہے یا اعادہ لازم ہے؟متن کی  کوئی عبارت مطلوب ہے۔<br/>
(المستفتی : محمد معاذ، مالیگاؤں)<br/>
----------------------------------<br/>
بسم اللہ الرحمن الرحیم<br/>
الجواب وباللہ التوفيق : صورت مسئولہ میں مصلی وتر میں دعائے قنوت بھول کر رکوع میں چلا جائے، تو اس کے لیے بہتر یہ ہے کہ دعائے قنوت ترک کردے اور اخیر میں سجدۂ سہو کرکے نماز مکمل کرلے، اس لئے کہ دعائے قنوت کا پڑھنا واجب ہے اور ترکِ واجب سے سجدۂ سہو واجب ہوتا ہے، سجدۂ سہو کرلینے سے نماز درست ہوجاتی ہے۔</p>
<p dir=""rtl"">لیکن اگر رکوع میں یاد آنے کے بعد قیام کی طرف لوٹ گیا، تو اب دعائے قنوت پڑھ کر سیدھا سجدہ میں چلا جائے دوبارہ رکوع نہ کرے کیونکہ رکوع پہلے ہوچکا ہے، اب یہ رکوع لغو ہوگا، اور اگر کوئی اس رکوع میں اس کی اقتداء کرلے تو اس کی یہ رکعت شمار نہ ہوگی، اخیر میں سجدۂ سہو بہرحال ضروری ہے کیونکہ قنوت کو اصل محل میں پڑھنا ترک کردیا ہے۔ </p>
<p dir=""rtl"">فرض سے واجب کی طرف لوٹنے سے نماز فاسد ہوجائے گی یہ قول محقق نہیں ہے، صحیح اور مفتی بہ قول یہی ہے کہ اس طرح کی صورتوں میں سجدۂ سہو کرلینے سے نماز صحیح ہوجاتی ہے۔</p>
<p dir=""rtl""> <br/>
ولو نسیہ أی القنوت ثم تذکرہ فی الرکوع لایقنت فیہ لفوات محلہ ولایعود إلی القیام فی الأصح؛ لأن فیہ رفض الفرض للواجب، فإن عاد إلیہ وقنت ولم یعد الرکوع لم تفسد صلا تہ لکون رکوعہ بعد قراء ۃٍ تامۃٍ وسجد للسہو قنت أولا لزوالہ عن محلہٖ۔ (درمختارمع الشامی زکریا ۲؍ ۴۴۶-۴۴۷) </p>
<p dir=""rtl"">بخلاف العود إلی القنوت حتی لو عاد وقنت ثم رکع فاقتدیٰ بہ رجل ولم یدرک الرکعۃ لأن ہذا الرکوع لغو۔ (شامی زکریا ۲؍۴۴۷)</p>
<p dir=""rtl"">وإلا أي وإن استقام قائما لا یعود لاشتغالہ بفرض القیام وسجد للسہو لترک الواجب فلو عاد إلی القعود بعد ذلک تفسد صلاتہ لرفض الفرض مما لیس بفرض وصححہ الزیلعي۔ وقیل: لا تفسد لکنہ یکون مسیئا ویسجد لتاخیر الواجب وہو الأشبہ کما حققہ الکمال وہو الحق بحر إھ․وانظر الرد أیضًا۔ (الدر مع الرد کتاب الصلاة باب سجود السہو: ۲/۵۴۸،۵۴۹ ط مکتبة زکریا دیوبند)فقط <br/>
واللہ تعالٰی اعلم <br/>
محمد عامر عثمانی ملی <br/>
27 جمادی الآخر 1440</p>
<div style=""clear: both;""></div>
</div>
<div class=""post-footer"">
<div class=""post-footer-line post-footer-line-1"">
<span class=""post-author vcard"">
</span>
<span class=""post-timestamp"">
-
<meta content=""https://www.usmanidarulifta.in/2019/03/blog-post_4.html"" itemprop=""url""/>
<a class=""timestamp-link"" href=""https://www.usmanidarulifta.in/2019/03/blog-post_4.html"" rel=""bookmark"" title=""permanent link""><abbr class=""published"" itemprop=""datePublished"" title=""2019-03-04T20:01:00+05:30"">مارچ 04, 2019</abbr></a>
</span>
<span class=""post-comment-link"">
<a class=""comment-link"" href=""https://www.usmanidarulifta.in/2019/03/blog-post_4.html#comment-form"" onclick="""">
1 تبصرہ:
  </a>
</span>
<span class=""post-icons"">
</span>
<div class=""post-share-buttons goog-inline-block"">
</div>
</div>
<div class=""post-footer-line post-footer-line-2"">
<span class=""post-labels"">
Labels:
<a href=""https://www.usmanidarulifta.in/search/label/%D9%86%D9%85%D8%A7%D8%B2"" rel=""tag"">نماز</a>
</span>
</div>
<div class=""post-footer-line post-footer-line-3"">
<span class=""post-location"">
</span>
</div>
</div>
</div>
</div>
</div></div>",usmanidarulifta.in
https://www.usmanidarulifta.in/2019/02/blog-post_99.html,آخری رکعت میں قعدہ چھوٹ جائے تو کیا کرے؟,,,بدھ، 27 فروری، 2019,"<div class=""date-outer"">
<h2 class=""date-header""><span>بدھ، 27 فروری، 2019</span></h2>
<div class=""date-posts"">
<div class=""post-outer"">
<div class=""post hentry uncustomized-post-template"" itemprop=""blogPost"" itemscope=""itemscope"" itemtype=""http://schema.org/BlogPosting"">
<meta content=""6140543398167395599"" itemprop=""blogId""/>
<meta content=""2868855701481859015"" itemprop=""postId""/>
<a name=""2868855701481859015""></a>
<h3 class=""post-title entry-title"" itemprop=""name"">
<a href=""https://www.usmanidarulifta.in/2019/02/blog-post_99.html"">آخری رکعت میں قعدہ چھوٹ جائے تو کیا کرے؟</a>
</h3>
<div class=""post-header"">
<div class=""post-header-line-1""></div>
</div>
<div class=""post-body entry-content"" id=""post-body-2868855701481859015"" itemprop=""articleBody"">
<p dir=""rtl""></p>
<p dir=""rtl"">سوال :</p>
<p dir=""rtl"">کیا فرماتے ہیں مفتیان کرام کہ امام صاحب نے عصر کی نماز میں چوتھی رکعت میں بیٹھنے کی بجائے کھڑے ہوگئے اور پانچویں رکعت میں بھی بیٹھے نہیں بلکہ چھٹی رکعت مکمل کرکے سجدہ سہو کیا اور پھر نماز کو سلام کے ذریعے پورا کرلیے، اس طرح چھ رکعت اور دو قعدہ بشمول سجدہ سہو ہوئی تو کیا ایسی شکل میں نماز ہوجائے گی یا پھر اعادہ کرنا ہوگا؟ جبکہ مصلیان کا کہنا ہے کہ چھ رکعت ہوئی ہے اس لئے نماز دوہرائی جائے۔ تو بتلائیں عصر کی نماز ہوگئی یا پھر اعادہ ضروری ہے؟ مفصل جواب مطلوب ہے۔<br/>
(المستفتی : محمد شرجیل، مالیگاؤں)<br/>
----------------------------------<br/>
بسم اللہ الرحمن الرحیم<br/>
الجواب وباللہ التوفيق : صورتِ مسئولہ میں امام صاحب عصر کی نماز میں قعدۂ اخیرہ میں بیٹھے بغیر  پانچویں رکعت کے لئے کھڑے ہوگئے تھے تو ان پر ضروری تھا کہ پانچویں رکعت کے سجدے سے پہلے پہلے انہیں یاد آجاتا تو وہ فوراً قعدہ کی طرف لوٹ آتے اور اخیر میں سجدۂ سہو کرکے نماز درست ہوجاتی۔ لیکن اگر انہوں نے پانچویں رکعت کا سجدہ کرلیا تو فرض باطل ہوگیا، اس صورت میں بہتر یہ ہوتا ہے  کہ چھٹی رکعت بھی ساتھ ملالی جائے، لیکن بطور خاص ملحوظ رہے کہ اس صورت میں فرض ادا نہیں ہوگا، بس اخیر کی دو رکعتیں نفل ہوجائیں گی، البتہ سجدۂ سہو کرنا بہر صورت ضروری ہوگا، لہٰذا صورتِ مسئولہ میں عصر کی نماز نہیں ہوئی، اعادہ ضروری ہے۔</p>
<p dir=""rtl"">نوٹ : قعدۂ اخیرہ فرض ہے۔ لہٰذا جب یہ چھوٹ جائے اور نماز دو رکعت والی ہوتو تیسری رکعت اور چار رکعت والی ہوتو پانچویں رکعت کے سجدہ سے پہلے پہلے یاد آجائے اور قعدہ کرکے اخیر میں سجدۂ سہو کرلیا جائے تو اس غلطی کی تلافی ہوکر نماز درست ہوجائے گی، لیکن اگر سجدہ کرلیا گیا تو پھر تلافی کی کوئی صورت نہیں ہے، فرض نماز کا اعادہ ضروری ہوگا۔<br/></p>
<p dir=""rtl"">(ولو سھا عن القعود الأخیر) کلہ أو بعضہ (عاد) ویکفی کون کلا الجلستین قدر التشھد (مالم یقیدھا بسجدۃ) لان مادون الرکعۃ محل الرفض وسجد للسھو لتأخیر القعود، (وإن قیدھا) بسجدۃ عامدا أو ناسیا أو ساھیا او مخطئا (تحول فرضہ نفلاً برفعہ) الجبھۃ عند محمد، وبہ یفتی، لأن تمام الشیٔ بآخرہ، فلو سبقہ الحدث قبل رفعہ توضأ وبنی خلافاً لأبی یوسف، حتی قال: صلاۃ فسدت أصلحھا الحدث والعبرۃ للإمام، حتی لو عاد ولم یعلم بہ القوم حتی سجدوا لم تفسد صلاتھم مالم یتعمدوا السجود۔ وفیہ یلغز: أیّ مصلّ ترک القعود الأخیر وقید الخامسۃ بسجدۃ ولم یبطل فرضہ، (وضم سادسۃ) ولو فی العصر والفجر (إن شاء) لاختصاص الکراھۃ والإتمام بالقصد (ولا یسجد للسھو علی الأصح) لأن النقصان بالفساد لا ینجبر (وإن قعد فی الرابعۃ) مثلاً قدر التشھد (ثم قام عاد وسلم) ولو سلم قائما صح، ثم الاصح أن القوم ینتظرونہ، فإن عاد تبعوہ (وإن سجد للخامسۃ سلموا) لأنہ تم فرضہ، إذ لم یبق علیہ إلا السلام (وضم إلیھا سادسۃ) لو فی العصر، وخامسۃ فی المغرب: ورابعۃ فی الفجر، بہ یفتی (لتصیر الرکعتان لہ نفلا) والضم ھنا آکد، ولا عھدۃ لوقطع، ولا بأس بإتمامہ فی وقت کراھۃ علی المعتمد (وسجد للسھو) فی الصورتین لنقصان فرضہ بتاخیر السلام فی الأولی وترکہ فی الثانیۃ۔ (الدرالمختار، ۸۵تا۸۸/ ۲)فقط <br/>
واللہ تعالٰی اعلم<br/>
محمد عامر عثمانی ملی<br/>
20 جمادی الآخر 1440</p>
<div style=""clear: both;""></div>
</div>
<div class=""post-footer"">
<div class=""post-footer-line post-footer-line-1"">
<span class=""post-author vcard"">
</span>
<span class=""post-timestamp"">
-
<meta content=""https://www.usmanidarulifta.in/2019/02/blog-post_99.html"" itemprop=""url""/>
<a class=""timestamp-link"" href=""https://www.usmanidarulifta.in/2019/02/blog-post_99.html"" rel=""bookmark"" title=""permanent link""><abbr class=""published"" itemprop=""datePublished"" title=""2019-02-27T10:03:00+05:30"">فروری 27, 2019</abbr></a>
</span>
<span class=""post-comment-link"">
<a class=""comment-link"" href=""https://www.usmanidarulifta.in/2019/02/blog-post_99.html#comment-form"" onclick="""">
کوئی تبصرے نہیں:
  </a>
</span>
<span class=""post-icons"">
</span>
<div class=""post-share-buttons goog-inline-block"">
</div>
</div>
<div class=""post-footer-line post-footer-line-2"">
<span class=""post-labels"">
Labels:
<a href=""https://www.usmanidarulifta.in/search/label/%D9%86%D9%85%D8%A7%D8%B2"" rel=""tag"">نماز</a>
</span>
</div>
<div class=""post-footer-line post-footer-line-3"">
<span class=""post-location"">
</span>
</div>
</div>
</div>
</div>
</div></div>",usmanidarulifta.in
https://www.usmanidarulifta.in/2019/02/blog-post_23.html,رکوع پالینے کی کم از کم مقدار,,,ہفتہ، 23 فروری، 2019,"<div class=""date-outer"">
<h2 class=""date-header""><span>ہفتہ، 23 فروری، 2019</span></h2>
<div class=""date-posts"">
<div class=""post-outer"">
<div class=""post hentry uncustomized-post-template"" itemprop=""blogPost"" itemscope=""itemscope"" itemtype=""http://schema.org/BlogPosting"">
<meta content=""6140543398167395599"" itemprop=""blogId""/>
<meta content=""8091968359994687255"" itemprop=""postId""/>
<a name=""8091968359994687255""></a>
<h3 class=""post-title entry-title"" itemprop=""name"">
<a href=""https://www.usmanidarulifta.in/2019/02/blog-post_23.html"">رکوع پالینے کی کم از کم مقدار</a>
</h3>
<div class=""post-header"">
<div class=""post-header-line-1""></div>
</div>
<div class=""post-body entry-content"" id=""post-body-8091968359994687255"" itemprop=""articleBody"">
<p dir=""rtl"">*رکوع پالینے کی کم از کم مقدار*</p>
<p dir=""rtl"">سوال :</p>
<p dir=""rtl"">کیا فرماتے ھیں علماء دین و مفتیان شرع متین درمیان مسئلہ ھذا کے کے ایک شخص نماز میں اس حال میں شامل ہوا کہ امام رکوع میں تھا اس نے تکبیر تحریمہ کہہ کر جیسے ہی رکوع میں شامل ہوا تو امام نے رکوع سے سر اٹھا لیا اب اس کا رکوع ہوا یا نہیں؟ <br/>
(المستفتی : محمد اسعد، مالیگاؤں) <br/>
----------------------------------<br/>
بسم اللہ الرحمن الرحیم <br/>
الجواب وباللہ التوفيق : صورتِ مسئولہ میں اگر امام کے رکوع سے سر اُٹھانے سے پہلے پہلے مقتدی نے ایک لمحہ بھی امام کو رکوع میں پالیا، خواہ ایک تسبیح سے کم ہوتو وہ اس رکعت کو پانے والا سمجھا جائے گا۔ البتہ اگر امام رکوع سے اٹھنے کی حالت میں ہو اور مقتدی جانے کی حالت میں ہوتو رکوع نہیں ہوا، لہٰذا یہ رکعت شمار نہیں کی جائے گی۔</p>
<p dir=""rtl"">ولکنہ لم یدرک الرکعۃ حیث لم یدرک في جزء من الرکوع قبل رفع رأسہ منہ۔(مراقي الفلاح : ۲۴۷)فقط<br/>
واللہ تعالٰی اعلم<br/>
محمد عامر عثمانی ملی<br/>
17 جمادی الآخر 1440</p>
<div style=""clear: both;""></div>
</div>
<div class=""post-footer"">
<div class=""post-footer-line post-footer-line-1"">
<span class=""post-author vcard"">
</span>
<span class=""post-timestamp"">
-
<meta content=""https://www.usmanidarulifta.in/2019/02/blog-post_23.html"" itemprop=""url""/>
<a class=""timestamp-link"" href=""https://www.usmanidarulifta.in/2019/02/blog-post_23.html"" rel=""bookmark"" title=""permanent link""><abbr class=""published"" itemprop=""datePublished"" title=""2019-02-23T15:58:00+05:30"">فروری 23, 2019</abbr></a>
</span>
<span class=""post-comment-link"">
<a class=""comment-link"" href=""https://www.usmanidarulifta.in/2019/02/blog-post_23.html#comment-form"" onclick="""">
2 تبصرے:
  </a>
</span>
<span class=""post-icons"">
</span>
<div class=""post-share-buttons goog-inline-block"">
</div>
</div>
<div class=""post-footer-line post-footer-line-2"">
<span class=""post-labels"">
Labels:
<a href=""https://www.usmanidarulifta.in/search/label/%D9%86%D9%85%D8%A7%D8%B2"" rel=""tag"">نماز</a>
</span>
</div>
<div class=""post-footer-line post-footer-line-3"">
<span class=""post-location"">
</span>
</div>
</div>
</div>
</div>
<div class=""post-outer"">
<div class=""post hentry uncustomized-post-template"" itemprop=""blogPost"" itemscope=""itemscope"" itemtype=""http://schema.org/BlogPosting"">
<meta content=""6140543398167395599"" itemprop=""blogId""/>
<meta content=""9185861314494904032"" itemprop=""postId""/>
<a name=""9185861314494904032""></a>
<h3 class=""post-title entry-title"" itemprop=""name"">
<a href=""https://www.usmanidarulifta.in/2019/02/blog-post_97.html"">جمعہ کی فجر میں سورہ سجدہ و دھر کا معمول بنالینا</a>
</h3>
<div class=""post-header"">
<div class=""post-header-line-1""></div>
</div>
<div class=""post-body entry-content"" id=""post-body-9185861314494904032"" itemprop=""articleBody"">
<p dir=""rtl"">*جمعہ کی فجر میں سورہ سجدہ و دھر کا معمول بنالینا*</p>
<p dir=""rtl"">سوال :</p>
<p dir=""rtl"">جمعہ کے دن فجر کی قرأت الم سجدہ اور سورہ دھر مسنون ہے اگر کوئی شخص دونوں رکعات میں صرف الم سجدہ کا ہی معمول بنا لے تو کیسا ہے؟<br/>
اور کبھی کبھی اس کے بجائے سورہ انشقاق پڑھا کرے تو کیا سنت ادا ہوجائے گی؟<br/>
(المستفتی : محمد شاہد، مالیگاؤں) <br/>
-----------------------------<br/>
بسم اللہ الرحمن الرحیم <br/>
الجواب وباللہ التوفيق : جمعہ کے دن فجر کی پہلی رکعت میں الم سجدہ اور دوسری رکعت میں سورہ دہر پڑھنا مسنون اور مستحب ہے، لیکن اس کا معمول بنالینا کہ اس کے علاوہ اور کوئی سورۃ نہ پڑھی جائے مکروہ ہے، اس لیے کہ نبی کریم صلی اللہ علیہ و سلم سے اس پر دوام ثابت نہیں ہے۔ </p>
<p dir=""rtl"">صورت مسئولہ میں ایک ہی سورۃ کے دونوں رکعت میں پڑھنے سے مذکورہ سنت ادا نہیں ہوگی، تاہم ایسا کرنے میں کوئی حرج بھی نہیں ہے، لہٰذا ایسا کرنے والے پر نکیر نہیں کی جائے گی۔</p>
<p dir=""rtl"">ویکرہ التعیین کا لسجدۃ وھل اتی بفجر کل جمعۃ بل یندب قرأ تھما احیاناً (درمختار مع الشامی : ۱/ ۵۰۸، فصل فی القرأۃ)فقط<br/>
واللہ تعالٰی اعلم<br/>
محمد عامر عثمانی ملی<br/>
18 رجب المرجب 1439</p>
<div style=""clear: both;""></div>
</div>
<div class=""post-footer"">
<div class=""post-footer-line post-footer-line-1"">
<span class=""post-author vcard"">
</span>
<span class=""post-timestamp"">
-
<meta content=""https://www.usmanidarulifta.in/2019/02/blog-post_97.html"" itemprop=""url""/>
<a class=""timestamp-link"" href=""https://www.usmanidarulifta.in/2019/02/blog-post_97.html"" rel=""bookmark"" title=""permanent link""><abbr class=""published"" itemprop=""datePublished"" title=""2019-02-23T08:27:00+05:30"">فروری 23, 2019</abbr></a>
</span>
<span class=""post-comment-link"">
<a class=""comment-link"" href=""https://www.usmanidarulifta.in/2019/02/blog-post_97.html#comment-form"" onclick="""">
2 تبصرے:
  </a>
</span>
<span class=""post-icons"">
</span>
<div class=""post-share-buttons goog-inline-block"">
</div>
</div>
<div class=""post-footer-line post-footer-line-2"">
<span class=""post-labels"">
Labels:
<a href=""https://www.usmanidarulifta.in/search/label/%D9%86%D9%85%D8%A7%D8%B2"" rel=""tag"">نماز</a>
</span>
</div>
<div class=""post-footer-line post-footer-line-3"">
<span class=""post-location"">
</span>
</div>
</div>
</div>
</div>
</div></div>",usmanidarulifta.in
https://www.usmanidarulifta.in/2019/02/blog-post_8.html,سجدہ میں زمین کی سختی کا احساس ہونا ضروری ہے,,,جمعہ، 8 فروری، 2019,"<div class=""date-outer"">
<h2 class=""date-header""><span>جمعہ، 8 فروری، 2019</span></h2>
<div class=""date-posts"">
<div class=""post-outer"">
<div class=""post hentry uncustomized-post-template"" itemprop=""blogPost"" itemscope=""itemscope"" itemtype=""http://schema.org/BlogPosting"">
<meta content=""6140543398167395599"" itemprop=""blogId""/>
<meta content=""7230390355848768774"" itemprop=""postId""/>
<a name=""7230390355848768774""></a>
<h3 class=""post-title entry-title"" itemprop=""name"">
<a href=""https://www.usmanidarulifta.in/2019/02/blog-post_8.html"">سجدہ میں زمین کی سختی کا احساس ہونا ضروری ہے</a>
</h3>
<div class=""post-header"">
<div class=""post-header-line-1""></div>
</div>
<div class=""post-body entry-content"" id=""post-body-7230390355848768774"" itemprop=""articleBody"">
<p dir=""rtl"">*سجدہ میں زمین کی سختی کا احساس ہونا ضروری ہے*</p>
<p dir=""rtl"">سوال :</p>
<p dir=""rtl"">مفتی صاحب ایک مسجد مین غالیچہ اس ترتیب سےبچھا ہے پہلے اسفنج پھر مسجد کا پرانا غالیچہ پھر اس پر نیا غالیچہ تو ایسی صورت میں نماز کا کیا حکم ہے؟<br/>
(المستفتی : محمد عظیم اللہ، پونے)<br/>
-----------------------------<br/>
بسم اللہ الرحمن الرحیم<br/>
الجواب وباللہ التوفيق : صورت مسئولہ میں ایک سے زائد قالین بچھانے میں اس بات کا خیال رہے کہ قالین کی زیادتی کی وجہ سے سجدہ کی جگہ ایسی موٹی اور لچکدار نہ ہوجائے کہ سجدہ کے وقت پیشانی کو زمین کی سختی محسوس نہ ہو، اس لئے کہ نماز میں زمین  پر  سجدہ کرنا ضروری ہے، یعنی زمین کی صلابت اورسختی کا احساس ہونا ضروری ہے، اگر زمین کی سختی  کا ادراک نہ ہوتو سجدہ صحیح نہ ہونے کی وجہ سے نماز نہیں ہوگی۔</p>
<p dir=""rtl"">ولو سجد علی الحشیش أو علی التبن أو علی القطن أو الطنفسۃ أو الثلج إن استقرت جبھتہ وأنفہ ویجد حجمہ یجوز‘‘ (الفتاوی الھندیۃ : ۱/۷۰)فقط<br/>
واللہ تعالٰی اعلم<br/>
محمد عامر عثمانی ملی<br/>
03 جمادی الآخر 1440</p>
<div style=""clear: both;""></div>
</div>
<div class=""post-footer"">
<div class=""post-footer-line post-footer-line-1"">
<span class=""post-author vcard"">
</span>
<span class=""post-timestamp"">
-
<meta content=""https://www.usmanidarulifta.in/2019/02/blog-post_8.html"" itemprop=""url""/>
<a class=""timestamp-link"" href=""https://www.usmanidarulifta.in/2019/02/blog-post_8.html"" rel=""bookmark"" title=""permanent link""><abbr class=""published"" itemprop=""datePublished"" title=""2019-02-08T21:31:00+05:30"">فروری 08, 2019</abbr></a>
</span>
<span class=""post-comment-link"">
<a class=""comment-link"" href=""https://www.usmanidarulifta.in/2019/02/blog-post_8.html#comment-form"" onclick="""">
کوئی تبصرے نہیں:
  </a>
</span>
<span class=""post-icons"">
</span>
<div class=""post-share-buttons goog-inline-block"">
</div>
</div>
<div class=""post-footer-line post-footer-line-2"">
<span class=""post-labels"">
Labels:
<a href=""https://www.usmanidarulifta.in/search/label/%D9%86%D9%85%D8%A7%D8%B2"" rel=""tag"">نماز</a>
</span>
</div>
<div class=""post-footer-line post-footer-line-3"">
<span class=""post-location"">
</span>
</div>
</div>
</div>
</div>
</div></div>",usmanidarulifta.in
https://www.usmanidarulifta.in/2019/02/blog-post_7.html,آئینے کے سامنے نماز پڑھنے کا حکم,,,جمعرات، 7 فروری، 2019,"<div class=""date-outer"">
<h2 class=""date-header""><span>جمعرات، 7 فروری، 2019</span></h2>
<div class=""date-posts"">
<div class=""post-outer"">
<div class=""post hentry uncustomized-post-template"" itemprop=""blogPost"" itemscope=""itemscope"" itemtype=""http://schema.org/BlogPosting"">
<meta content=""6140543398167395599"" itemprop=""blogId""/>
<meta content=""5680102644908004320"" itemprop=""postId""/>
<a name=""5680102644908004320""></a>
<h3 class=""post-title entry-title"" itemprop=""name"">
<a href=""https://www.usmanidarulifta.in/2019/02/blog-post_7.html"">آئینے کے سامنے نماز پڑھنے کا حکم</a>
</h3>
<div class=""post-header"">
<div class=""post-header-line-1""></div>
</div>
<div class=""post-body entry-content"" id=""post-body-5680102644908004320"" itemprop=""articleBody"">
<p dir=""rtl"">*آئینے کے سامنے نماز پڑھنے کا حکم*</p>
<p dir=""rtl"">سوال :</p>
<p dir=""rtl"">بعض مسجدوں میں ایلومینیم اور کانچ کی الماری وغیرہ رکھی ہوتی ہے، جس میں نمازی کو اپنا عکس بھی نظر آتا ہے(آئینہ کی طرح)  تو اس طرح کانچ کے سامنے نماز پڑھنے کا کیا حکم ہے؟<br/>
(المستفتی : حبیب ندوی، مالیگاؤں)<br/>
------------------------------<br/>
بسم اللہ الرحمن الرحیم<br/>
الجواب وباللہ التوفيق : تصویر کے سامنے پڑھنا مکروہ تحریمی ہے، لیکن شیشے اور آئینے میں جو چیز نظر آتی ہے وہ تصویر نہیں، بلکہ عکس ہے۔ اس لئے یہ تصویر کے حکم میں نہیں ہے، لہٰذا صورتِ مسئولہ میں ایلومینیم اور کانچ کی الماری کے سامنے نماز پڑھنا بلاکراہت درست ہے، یہ ایسا ہی جیسے مصلی کا سایہ  نماز کی حالت میں سامنے پڑتا ہو۔<br/>
البتہ آئینہ اور اس جیسی چیزیں جن سے نمازی کے خشوع وخضوع میں خلل آتا ہو سامنے کرکے نماز پڑھنا مکروہ ہے۔<br/></p>
<p dir=""rtl"">ولو نظر فی مرأۃ ورأی فیھا فرج امرأۃ فنظر عن شھوۃ لا یحرم علیہ أمھا وابنتھا لانہ لم یرفرجھا وإنما رأی عکسھا۔ ولو کانت المرأۃ علی شط حوض او علی قنطرۃ فنظر الرجل فی الماء فرأی الرجل فرجھا فنظر عن شھوۃ لا یثبت الحرمۃ۔ (خانیہ ۱۶۸/۱)</p>
<p dir=""rtl"">قولہ لانہ یلھی المصلی : أی فیخل بخشوعہ من النظر الی موضع سجودہ ونحوہ، وقد صرح فی البدائع فی مستحبات الصلوۃ أنہ ینبغی الخشوع فیھا ویکون منتھی بصرہ إلیٰ موضع سجودہ الخ وکذا صرح فی الاشباہ أن الخشوع فی الصلوۃ مستحب والظاھر من ھذا ان الکراھۃ ھنا تنزیھیۃ فافھم۔ (شامی ۶۵۸/۱)</p>
<p dir=""rtl"">وفی القنیۃ : لو صلّی علی زجاج یصف ماتحتہ قالوا جمیعا یجوز۔ (۱/۴۰٣، شامی)</p>
<p dir=""rtl"">وفی المفصل فی احکام المرأۃ والبیت المسلم(۱/۲۲۹): مایکرہ فی الصلاۃ: یکرہ للمصلی فی صلوتہ العبث بثوبہ او بدنہ او… یرفع بصرہ الی السماء أو… إلی ما یشغلہ عن الصلوۃ أو… ان یصلی بحضرۃ الطعام أو… ان یترک شیأً من سنن الصلوۃ۔۔<br/>
مستفاد : نجم الفتاوی)فقط<br/>
واللہ تعالٰی اعلم<br/>
محمد عامر عثمانی ملی<br/>
02 جمادی الآخر 1440</p>
<div style=""clear: both;""></div>
</div>
<div class=""post-footer"">
<div class=""post-footer-line post-footer-line-1"">
<span class=""post-author vcard"">
</span>
<span class=""post-timestamp"">
-
<meta content=""https://www.usmanidarulifta.in/2019/02/blog-post_7.html"" itemprop=""url""/>
<a class=""timestamp-link"" href=""https://www.usmanidarulifta.in/2019/02/blog-post_7.html"" rel=""bookmark"" title=""permanent link""><abbr class=""published"" itemprop=""datePublished"" title=""2019-02-07T19:17:00+05:30"">فروری 07, 2019</abbr></a>
</span>
<span class=""post-comment-link"">
<a class=""comment-link"" href=""https://www.usmanidarulifta.in/2019/02/blog-post_7.html#comment-form"" onclick="""">
5 تبصرے:
  </a>
</span>
<span class=""post-icons"">
</span>
<div class=""post-share-buttons goog-inline-block"">
</div>
</div>
<div class=""post-footer-line post-footer-line-2"">
<span class=""post-labels"">
Labels:
<a href=""https://www.usmanidarulifta.in/search/label/%D9%86%D9%85%D8%A7%D8%B2"" rel=""tag"">نماز</a>
</span>
</div>
<div class=""post-footer-line post-footer-line-3"">
<span class=""post-location"">
</span>
</div>
</div>
</div>
</div>
<div class=""post-outer"">
<div class=""post hentry uncustomized-post-template"" itemprop=""blogPost"" itemscope=""itemscope"" itemtype=""http://schema.org/BlogPosting"">
<meta content=""6140543398167395599"" itemprop=""blogId""/>
<meta content=""7535661667699356538"" itemprop=""postId""/>
<a name=""7535661667699356538""></a>
<h3 class=""post-title entry-title"" itemprop=""name"">
<a href=""https://www.usmanidarulifta.in/2019/02/blog-post_43.html"">پہلی یا تیسری رکعت میں بیٹھ جائے تو سجدۂ سہو کا حکم</a>
</h3>
<div class=""post-header"">
<div class=""post-header-line-1""></div>
</div>
<div class=""post-body entry-content"" id=""post-body-7535661667699356538"" itemprop=""articleBody"">
<p dir=""rtl"">*پہلی یا تیسری رکعت میں بیٹھ جائے تو سجدۂ سہو کا حکم*</p>
<p dir=""rtl"">سوال :</p>
<p dir=""rtl"">فرض نماز کی تیسری رکعت میں سجدہ کے بعد فوراً قیام کرنا چاہیے لیکن امام صاحب غلطی سے بیٹھ گئے اور اتنے میں مقتدی حضرات کے لقمہ دینے پر فوراً کھڑے بھی ہوگئے تو کیا سجدہ سہو کرنا چاہیے یا نہیں؟<br/>
(المستفتی : فضل الرحمن، مالیگاؤں)<br/>
-----------------------------<br/>
بسم اللہ الرحمن الرحیم <br/>
الجواب وباللہ التوفيق : پہلی یا تیسری رکعت میں اگر کوئی غلطی سے بیٹھ جائے تو سجدہ سہو کے واجب ہونے میں علماء کے درمیان اختلاف ہے۔</p>
<p dir=""rtl"">علامہ شامی رحمہ اللہ نے لکھا ہے کہ اگر زیادہ دیر تک بیٹھ جائے، اور وہ التحیات پڑھ لینے کی مقدار ہے تو سجدہ سہو واجب ہوگا،اور اگر تھوڑی دیر بیٹھ جائے اور وہ التحیات سے کم مقدار ہے تو سجدہ سہو واجب نہ ہوگا۔(١)</p>
<p dir=""rtl"">فتاوی دارالعلوم میں ہے :</p>
<p dir=""rtl"">طویل قعدہ سے سجدہ سہو لازم آتا ہے، جیسے بہ قدر التحیات پڑھنے کے مثلاً، یا اس سے قریب ہو، باقی جلسہ خفیفہ سے سجدۂ سہو لازم نہیں آتا۔(فتاویٰ دار العلوم مکمل و مدلل: ۴؍۲۷۷)</p>
<p dir=""rtl"">جب کہ بعض علماء نے تین تسبیح کے بقدر بیٹھے رہ جانے سے سجدہ سہو کے واجب ہونے کا قول کیا ہے۔(٢)</p>
<p dir=""rtl"">لہٰذا احتیاط اسی میں ہے کہ اگر کوئی شخص تین تسبیحات کے بقدر قعدہ کرلے تو اسے چاہیے کہ سجدہ سہو کرلے، لیکن اگر سجدہ سہو نہیں کیا تب بھی نماز واجب الاعادہ نہ ہوگی۔</p>
<p dir=""rtl"">١) وكذا القعدة في آخر الركعة الأولى أو الثالثة فيجب تركها، ويلزم من فعلها أيضا تأخير القيام إلى الثانية أو الرابعة عن محله، وهذا إذا كانت القعدة طويلة، أما الجلسة الخفيفة التي استحبها الشافعي فتركها غير واجب عندنا، بل هو الأفضل كما سيأتي وهكذا كل زيادة بين فرضين يكون فيها ترك واجب بسبب تلك الزيادة؛ ويلزم منها ترك واجب آخر وهو تأخير الفرض الثاني عن محله.(رد المحتار علی الدر المختار:۱؍۴۵۹،کتاب الصلاۃ، باب صفۃ الصلاۃ)</p>
<p dir=""rtl"">٢) ولم یبینوا قدر الرکن وعلی قیاس ما تقدم ان یعتبر الرکن مع سنتہ وھو مقدر بثلاث تسبیحات ۔ (طحطاوی علی مراقی الفلاح،ص ۲۵۸)فقط<br/>
واللہ تعالٰی اعلم<br/>
محمد عامر عثمانی ملی<br/>
24 رجب المرجب 1439</p>
<div style=""clear: both;""></div>
</div>
<div class=""post-footer"">
<div class=""post-footer-line post-footer-line-1"">
<span class=""post-author vcard"">
</span>
<span class=""post-timestamp"">
-
<meta content=""https://www.usmanidarulifta.in/2019/02/blog-post_43.html"" itemprop=""url""/>
<a class=""timestamp-link"" href=""https://www.usmanidarulifta.in/2019/02/blog-post_43.html"" rel=""bookmark"" title=""permanent link""><abbr class=""published"" itemprop=""datePublished"" title=""2019-02-07T11:41:00+05:30"">فروری 07, 2019</abbr></a>
</span>
<span class=""post-comment-link"">
<a class=""comment-link"" href=""https://www.usmanidarulifta.in/2019/02/blog-post_43.html#comment-form"" onclick="""">
3 تبصرے:
  </a>
</span>
<span class=""post-icons"">
</span>
<div class=""post-share-buttons goog-inline-block"">
</div>
</div>
<div class=""post-footer-line post-footer-line-2"">
<span class=""post-labels"">
Labels:
<a href=""https://www.usmanidarulifta.in/search/label/%D9%86%D9%85%D8%A7%D8%B2"" rel=""tag"">نماز</a>
</span>
</div>
<div class=""post-footer-line post-footer-line-3"">
<span class=""post-location"">
</span>
</div>
</div>
</div>
</div>
</div></div>",usmanidarulifta.in
