link,title,fatwa_number,question_html,answer_html,html_container,dar_ul_ifta
https://www.farooqia.com/course/%d9%85%d8%af%d8%a7%d8%b1%d8%b3-%d9%85%db%8c%da%ba-%d8%b2%da%a9%d9%88%d9%b0%db%83-%da%a9%db%8c-%d8%aa%d9%85%d9%84%db%8c%da%a9-%da%a9%d8%a7-%d8%b7%d8%b1%db%8c%d9%82%db%81/,مدارس میں زکوٰۃ کی تملیک کا طریقہ,177/126,"<p style=""text-align: justify;"">کیا فرماتے ہیں مفتیان کرام اس مسئلہ کے بارے میں کہ مدارس مىں زكوة كى رقم تملىك كرنے كے بعد استعمال كى جاتى ہے، اسی طرح کھانے پینے کا نظم بھی تملیک کے بعد بنایا جاتا ہے، یا کوئی چیز  زکوۃ کی مد میں طلبہ کے درمیان تقسیم کرنے کے لیے دی گئی، اسے بھی بعد از تملیک تقسیم کیا جاتا ہے۔ سوال یہ ہے کہ اس تملیک کرنے کا درست طریقہ ازروئے شریعت کیا ہونا چاہیے؟</p>","<p style=""text-align: justify;""><strong>الف:</strong> حیلہ تملیک کا ایک طریقہ یہ ہے کہ مدرسے کامنتظم اصحابِ اموال سے ان کی زکوۃ وصول کر کے مستحق طلباء کے حوالے کردے، اور پھر طلباء اپنی مرضی سے منتظم مدرسہ کو وہ اموال دے کر مدرسے کے مصالح میں اسے استعمال کرنے کا وکیل بنا دیں۔<br/><strong>ب:</strong> دوسری بہتر صورت یہ ہے کہ مدرسے کا منتظم کسی مستحق طالب علم کو اس بات پر تیار کرے ،کہ وہ کسی سے قرض لے کر منتظم مدرسہ  کو مدرسے کے مصالح میں استعمال کرنے کے لیے دیدے، تاکہ وہ اس سے اپنا قرض ادا کرے۔<br/><strong><code>لما في الهندية:</code></strong><br/><code>’’وكذلك في جميع أبواب البر التي لا يقع بها التمليك كعمارة المساجد وبناء القناطر والرباطات، لا يجوز صرف الزكاة إلى هذه الوجوه، والحيلة: أن يتصدق بمقدار زكوتہ على فقير، ثم يأمره بعد ذلك بالصرف إلى هذه الوجوه، فيكون للمتصدق ثواب الصدقة ولذالك الفقير ثواب بناء المسجد والقنطرة‘‘.(كتاب الحىيل، الفصل الرابع في الزكاة: 359/6:دار الفكر)</code><br/><strong><code>وفي البحر الرائق:</code></strong><br/><code>’’والحيلة في الجواز في هذه الأربعة أن يتصدق بمقدار زكاته على فقير ثم يأمره بعد ذلك بالصرف إلى هذه الوجوه، فيكون لصاحب المال ثواب الزكاة وللفقير ثواب هذه القرب‘‘. (كتاب الزكاة، باب المصرف: 424/2: رشيدية)</code><br/><strong><code>وفي المحيط:</code></strong><br/><code>’’فنقول مذهب علماؤنا.... أن كل حيلة يحتال بها الرجل، ليتخلص بها عن الحرام أو ليتوصل بها إلى حلال، فهي حسنة‘‘. (كتاب الحيل، جواز الحيل وعدمها: 68/21، مكتبة إدارة القرأن).</code><br/><strong><code>وفي الدر المختار:</code></strong><br/><code>’’ويشترط أن يكون الصرف (تمليكا) لا إباحة كمامر (لا) يصرف (إلى بناء) نحو (مسجدو) لا إلى (كفن ميت وقضاء دينه).... وقدمنا أن الحيلة أن يتصدق على الفقير ثم يأمره بفعل هذه الأشياء، وهل له أن يخالف أمره؟ لم أره، والظاهر نعم‘‘.(كتاب الزكاة، باب المصرف: 3/ 341-344:رشيدية).</code>فقط.واللہ تعالیٰ اعلم بالصواب.<br/><strong>دارالافتاء جامعہ فاروقیہ کراچی</strong><br/><strong>فتویٰ نمبر:177/126</strong></p>","<div class=""gdlr-core-text-box-item-content"" style=""text-transform: none ;""><h3 style=""text-align: right;"">مدارس میں زکوٰۃ کی تملیک کا طریقہ</h3>
<h4 style=""text-align: right;"">سوال</h4>
<p style=""text-align: justify;"">کیا فرماتے ہیں مفتیان کرام اس مسئلہ کے بارے میں کہ مدارس مىں زكوة كى رقم تملىك كرنے كے بعد استعمال كى جاتى ہے، اسی طرح کھانے پینے کا نظم بھی تملیک کے بعد بنایا جاتا ہے، یا کوئی چیز  زکوۃ کی مد میں طلبہ کے درمیان تقسیم کرنے کے لیے دی گئی، اسے بھی بعد از تملیک تقسیم کیا جاتا ہے۔ سوال یہ ہے کہ اس تملیک کرنے کا درست طریقہ ازروئے شریعت کیا ہونا چاہیے؟</p>
<h4 style=""text-align: right;"">جواب</h4>
<p style=""text-align: justify;""><strong>الف:</strong> حیلہ تملیک کا ایک طریقہ یہ ہے کہ مدرسے کامنتظم اصحابِ اموال سے ان کی زکوۃ وصول کر کے مستحق طلباء کے حوالے کردے، اور پھر طلباء اپنی مرضی سے منتظم مدرسہ کو وہ اموال دے کر مدرسے کے مصالح میں اسے استعمال کرنے کا وکیل بنا دیں۔<br/><strong>ب:</strong> دوسری بہتر صورت یہ ہے کہ مدرسے کا منتظم کسی مستحق طالب علم کو اس بات پر تیار کرے ،کہ وہ کسی سے قرض لے کر منتظم مدرسہ  کو مدرسے کے مصالح میں استعمال کرنے کے لیے دیدے، تاکہ وہ اس سے اپنا قرض ادا کرے۔<br/><strong><code>لما في الهندية:</code></strong><br/><code>’’وكذلك في جميع أبواب البر التي لا يقع بها التمليك كعمارة المساجد وبناء القناطر والرباطات، لا يجوز صرف الزكاة إلى هذه الوجوه، والحيلة: أن يتصدق بمقدار زكوتہ على فقير، ثم يأمره بعد ذلك بالصرف إلى هذه الوجوه، فيكون للمتصدق ثواب الصدقة ولذالك الفقير ثواب بناء المسجد والقنطرة‘‘.(كتاب الحىيل، الفصل الرابع في الزكاة: 359/6:دار الفكر)</code><br/><strong><code>وفي البحر الرائق:</code></strong><br/><code>’’والحيلة في الجواز في هذه الأربعة أن يتصدق بمقدار زكاته على فقير ثم يأمره بعد ذلك بالصرف إلى هذه الوجوه، فيكون لصاحب المال ثواب الزكاة وللفقير ثواب هذه القرب‘‘. (كتاب الزكاة، باب المصرف: 424/2: رشيدية)</code><br/><strong><code>وفي المحيط:</code></strong><br/><code>’’فنقول مذهب علماؤنا.... أن كل حيلة يحتال بها الرجل، ليتخلص بها عن الحرام أو ليتوصل بها إلى حلال، فهي حسنة‘‘. (كتاب الحيل، جواز الحيل وعدمها: 68/21، مكتبة إدارة القرأن).</code><br/><strong><code>وفي الدر المختار:</code></strong><br/><code>’’ويشترط أن يكون الصرف (تمليكا) لا إباحة كمامر (لا) يصرف (إلى بناء) نحو (مسجدو) لا إلى (كفن ميت وقضاء دينه).... وقدمنا أن الحيلة أن يتصدق على الفقير ثم يأمره بفعل هذه الأشياء، وهل له أن يخالف أمره؟ لم أره، والظاهر نعم‘‘.(كتاب الزكاة، باب المصرف: 3/ 341-344:رشيدية).</code>فقط.واللہ تعالیٰ اعلم بالصواب.<br/><strong>دارالافتاء جامعہ فاروقیہ کراچی</strong><br/><strong>فتویٰ نمبر:177/126</strong></p>
</div>",farooqia.com
https://www.farooqia.com/course/%d9%88%d8%a7%d9%84%d8%af%db%81-%d8%a7%d9%be%d9%86%db%8c-%d8%a8%db%8c%d9%b9%db%8c-%da%a9%d9%88-%d8%b3%d9%88%d9%86%d8%a7-%da%af%d9%81%d9%b9-%da%a9%d8%b1%db%92-%d8%aa%d9%88-%d8%b2%da%a9%d9%88%d9%b0%db%83/,والدہ اپنی بیٹی کو سونا گفٹ کرے تو زکوٰۃ کس پر لازم ہوگی؟,177/40,"<p style=""text-align: justify;"">کیا فرماتے ہیں مفتیان کرام اس مسئلہ کے بارے میں کہ والدہ اگر شادی سے پہلے اپنی بیٹی کو سونے کا کوئی سیٹ گفٹ کردے، تو اس کی زکوٰۃ والدہ کو دینا ہوگی یا بیٹی کو؟</p>","<p style=""text-align: justify;"">صورت مسئولہ میں والدہ اگر شادی سے پہلے اپنی بیٹی کو سونے کا کوئی سیٹ گفٹ کردے  اور بیٹی بالغہ ہو،وہ اس پر قبضہ بھی کرلے تو وہ سونا بیٹی کی ملکیت بن جائے گا،لہٰذا زکوٰۃ بیٹی ہی پر لازم ہوگی۔<br/><strong><code>لما في التنویر مع الدر:</code></strong><br/><code>’’(وشرط افتراضھا: عقل، وبلوغ، وإسلام، وحریۃ) والعلم بہ ولو حکما ککونہ في دارنا (وسببہ) أي: سبب افتراضھا (ملک نصاب حولي)‘‘. (کتاب الزکاۃ: مطلب في أحکام المعتوہ: 207/3،رشیدیۃ).</code><span style=""text-align: justify;"">فقط.واللہ تعالٰی اعلم بالصواب.</span><br/><strong>دارالافتاء جامعہ فاروقیہ کراچی</strong><br/><strong>فتویٰ نمبر:40/ 177</strong></p>","<div class=""gdlr-core-text-box-item-content"" style=""text-transform: none ;""><h3 style=""text-align: right;""><strong>والدہ اپنی بیٹی کو سونا گفٹ کرے تو زکوۃ کس پر لازم ہوگی؟</strong></h3>
<h4 style=""text-align: right;"">سوال</h4>
<p style=""text-align: justify;"">کیا فرماتے ہیں مفتیان کرام اس مسئلہ کے بارے میں کہ والدہ اگر شادی سے پہلے اپنی بیٹی کو سونے کا کوئی سیٹ گفٹ کردے، تو اس کی زکوٰۃ والدہ کو دینا ہوگی یا بیٹی کو؟</p>
<h4 style=""text-align: right;"">جواب</h4>
<p style=""text-align: justify;"">صورت مسئولہ میں والدہ اگر شادی سے پہلے اپنی بیٹی کو سونے کا کوئی سیٹ گفٹ کردے  اور بیٹی بالغہ ہو،وہ اس پر قبضہ بھی کرلے تو وہ سونا بیٹی کی ملکیت بن جائے گا،لہٰذا زکوٰۃ بیٹی ہی پر لازم ہوگی۔<br/><strong><code>لما في التنویر مع الدر:</code></strong><br/><code>’’(وشرط افتراضھا: عقل، وبلوغ، وإسلام، وحریۃ) والعلم بہ ولو حکما ککونہ في دارنا (وسببہ) أي: سبب افتراضھا (ملک نصاب حولي)‘‘. (کتاب الزکاۃ: مطلب في أحکام المعتوہ: 207/3،رشیدیۃ).</code><span style=""text-align: justify;"">فقط.واللہ تعالٰی اعلم بالصواب.</span><br/><strong>دارالافتاء جامعہ فاروقیہ کراچی</strong><br/><strong>فتویٰ نمبر:40/ 177</strong></p>
</div>",farooqia.com
https://www.farooqia.com/course/%d8%b4%d9%88%db%81%d8%b1-%d9%85%d9%82%d8%b1%d9%88%d8%b6-%db%81%d9%88-%d8%aa%d9%88-%d8%a8%db%8c%d9%88%db%8c-%d9%be%d8%b1-%d8%b2%da%a9%d9%88%d9%b0%db%83-%da%a9%d8%a7-%d8%ad%da%a9%d9%85/,شوہر مقروض ہو تو بیوی پر زکوٰۃ کا حکم,177/31,"<p style=""text-align: justify;"">کیا فرماتے ہیں مفتیان کرام اس مسئلہ کے بارے میں کہ میرے پاس گولڈ سیٹ ہے تقریباً 5تولہ اور میرے میاں کی تنخواہ اٹھائیس ہزار ہے، اسکول ٹیوشن کی فیس کے بعد بچت نہیں ہوتی اور میرے شوہر قرض دار بھی ہیں، تو کیا مجھ پر زکوٰۃ فرض ہے؟ کچھ لوگ کہتے ہیں کہ سیٹ بیچ کر زکوٰۃ دو!</p>","<p style=""text-align: justify;"">شرعی اعتبار سے میاں بیوی دونوں کی ملکیت الگ الگ شمار ہوتی ہے، لہٰذا صورت مسئولہ میں چونکہ قرض دار آپ کا شوہر ہے، آپ نہیں اور آپ کے پاس 5 تولہ سونے کا سیٹ اور کچھ نقدی رقم ہے، تو آپ پر زکوٰۃ فرض ہے۔<br/><strong><code>لما في أحکام القرآن للجصاص:</code></strong><br/><code>’’وأیضا لم یختلفوا أن الحلي إذا کان في ملک الرجل تجب فیہ الزکاۃ فکذلک إذا کان في ملک المرأۃ کالدراھم والدنانیر، وأیضا لایختلف حکم الرجل والمرأۃ فیما یلزمھما من الزکاۃ، فوجب أن لایختلفا في الحلي‘‘. (سورۃ براءۃ، مطلب في زکاۃ الحلي:158/3،بیروت)</code><br/><strong><code>وفي الصحیح لمسلم:</code></strong><br/><code>’’قال رسول اللہ صلی اللہ علیہ وسلم: ما من صاحب ذھب ولا فضۃ، لایؤدي منھا حقھا إلا إذا کان یوم القیامۃ، صفحت لہ صفائح من نار، فأحمي علیھا في نار جھنم، فیکوی بھا جنبہ وجبینہ وظھرہ‘‘. (کتاب الزکاۃ: باب إثم مانع الزکاۃ، ص:397، دارالسلام).</code><span style=""text-align: justify;"">فقط.واللہ تعالٰی اعلم بالصواب.</span><br/><strong>دارالافتاء جامعہ فاروقیہ کراچی</strong><br/><strong>فتویٰ نمبر:31/ 177</strong></p>","<div class=""gdlr-core-text-box-item-content"" style=""text-transform: none ;""><h3 style=""text-align: right;""><strong>شوہر مقروض ہو تو بیوی پر زکوٰۃ کا حکم</strong></h3>
<h4 style=""text-align: right;"">سوال</h4>
<p style=""text-align: justify;"">کیا فرماتے ہیں مفتیان کرام اس مسئلہ کے بارے میں کہ میرے پاس گولڈ سیٹ ہے تقریباً 5تولہ اور میرے میاں کی تنخواہ اٹھائیس ہزار ہے، اسکول ٹیوشن کی فیس کے بعد بچت نہیں ہوتی اور میرے شوہر قرض دار بھی ہیں، تو کیا مجھ پر زکوٰۃ فرض ہے؟ کچھ لوگ کہتے ہیں کہ سیٹ بیچ کر زکوٰۃ دو!</p>
<h4 style=""text-align: right;"">جواب</h4>
<p style=""text-align: justify;"">شرعی اعتبار سے میاں بیوی دونوں کی ملکیت الگ الگ شمار ہوتی ہے، لہٰذا صورت مسئولہ میں چونکہ قرض دار آپ کا شوہر ہے، آپ نہیں اور آپ کے پاس 5 تولہ سونے کا سیٹ اور کچھ نقدی رقم ہے، تو آپ پر زکوٰۃ فرض ہے۔<br/><strong><code>لما في أحکام القرآن للجصاص:</code></strong><br/><code>’’وأیضا لم یختلفوا أن الحلي إذا کان في ملک الرجل تجب فیہ الزکاۃ فکذلک إذا کان في ملک المرأۃ کالدراھم والدنانیر، وأیضا لایختلف حکم الرجل والمرأۃ فیما یلزمھما من الزکاۃ، فوجب أن لایختلفا في الحلي‘‘. (سورۃ براءۃ، مطلب في زکاۃ الحلي:158/3،بیروت)</code><br/><strong><code>وفي الصحیح لمسلم:</code></strong><br/><code>’’قال رسول اللہ صلی اللہ علیہ وسلم: ما من صاحب ذھب ولا فضۃ، لایؤدي منھا حقھا إلا إذا کان یوم القیامۃ، صفحت لہ صفائح من نار، فأحمي علیھا في نار جھنم، فیکوی بھا جنبہ وجبینہ وظھرہ‘‘. (کتاب الزکاۃ: باب إثم مانع الزکاۃ، ص:397، دارالسلام).</code><span style=""text-align: justify;"">فقط.واللہ تعالٰی اعلم بالصواب.</span><br/><strong>دارالافتاء جامعہ فاروقیہ کراچی</strong><br/><strong>فتویٰ نمبر:31/ 177</strong></p>
</div>",farooqia.com
https://www.farooqia.com/course/%da%a9%db%8c%d8%a7-%d8%b9%d9%88%d8%b1%d8%aa-%d8%a7%d9%85%d8%a7%d9%85-%da%a9%db%8c-%d8%a7%d9%82%d8%aa%d8%af%d8%a7%d8%a1-%d9%85%db%8c%da%ba-%d9%86%d9%85%d8%a7%d8%b2-%d9%be%da%91%da%be-%d8%b3%da%a9%d8%aa/,کیا عورت امام کی اقتداء میں نماز پڑھ سکتی ہے؟,183/201,"<p style=""text-align: justify;"">کیا فرماتے ہیں مفتیان کرام اس مسئلہ کے بارے میں کہ کیا عورت امام کی اقتداء میں نماز پڑھ سکتی ہے؟</p>","<p style=""text-align: justify;"">واضح رہے کہ عورتوں کا امام کی اقتداء میں نماز پڑھنا مکروہ ہے، البتہ اگر پڑھ لی تو نماز ادا ہوجائے گی، بشرطیکہ امام نے عورتوں کے امام بننے کی نیت کی ہو۔<br/><strong><code>لما في البحر:</code></strong><br/><code>’’<strong>قولہ:</strong> (ولا یحضرن الجماعات) لقولہ تعالیٰ: وقرن في بیوتکن وقال صلی اللہ علیہ وسلم: ((صلاتھا في قعر بیتھا أفضل من صلاتھا في صحن دارھا، وصلاتھا في صحن دارھا أفضل من صلاتھا في مسجدھا، وبیوتھن خیر لھن)) ولأنہ لا یؤمن الفتنۃ من خروجھن، أطلقہ فشمل الشابۃ والعجوز والصلاۃ النھاریۃ واللیلیۃ، قال المصنف في الکافي: والفتویٰ الیوم علی الکراھۃ في الصلاۃ کلھا لظھور الفساد‘‘. (کتاب الصلاۃ، باب الإمامۃ:627/1، رشیدیۃ).</code>فقط.واللہ تعالٰی اعلم بالصواب.<br/><strong>دارالافتاء جامعہ فاروقیہ کراچی</strong><br/><strong>فتویٰ نمبر:183/201</strong></p>","<div class=""gdlr-core-text-box-item-content"" style=""text-transform: none ;""><h3 style=""text-align: right;"">کیا عورت امام کی اقتداء میں نماز پڑھ سکتی ہے؟</h3>
<h4 style=""text-align: right;"">سوال</h4>
<p style=""text-align: justify;"">کیا فرماتے ہیں مفتیان کرام اس مسئلہ کے بارے میں کہ کیا عورت امام کی اقتداء میں نماز پڑھ سکتی ہے؟</p>
<h4 style=""text-align: right;"">جواب</h4>
<p style=""text-align: justify;"">واضح رہے کہ عورتوں کا امام کی اقتداء میں نماز پڑھنا مکروہ ہے، البتہ اگر پڑھ لی تو نماز ادا ہوجائے گی، بشرطیکہ امام نے عورتوں کے امام بننے کی نیت کی ہو۔<br/><strong><code>لما في البحر:</code></strong><br/><code>’’<strong>قولہ:</strong> (ولا یحضرن الجماعات) لقولہ تعالیٰ: وقرن في بیوتکن وقال صلی اللہ علیہ وسلم: ((صلاتھا في قعر بیتھا أفضل من صلاتھا في صحن دارھا، وصلاتھا في صحن دارھا أفضل من صلاتھا في مسجدھا، وبیوتھن خیر لھن)) ولأنہ لا یؤمن الفتنۃ من خروجھن، أطلقہ فشمل الشابۃ والعجوز والصلاۃ النھاریۃ واللیلیۃ، قال المصنف في الکافي: والفتویٰ الیوم علی الکراھۃ في الصلاۃ کلھا لظھور الفساد‘‘. (کتاب الصلاۃ، باب الإمامۃ:627/1، رشیدیۃ).</code>فقط.واللہ تعالٰی اعلم بالصواب.<br/><strong>دارالافتاء جامعہ فاروقیہ کراچی</strong><br/><strong>فتویٰ نمبر:183/201</strong></p>
</div>",farooqia.com
https://www.farooqia.com/course/%d9%85%d8%b1%d8%b6-%d8%a7%d9%84%d9%85%d9%88%d8%aa-%da%a9%db%8c-%d8%ad%d8%a7%d9%84%d8%aa-%d9%85%db%8c%da%ba-%d8%b1%d9%88%d8%b2%db%81-%d8%b1%da%a9%da%be%d9%86%db%92-%da%a9%d8%a7-%d8%ad%da%a9%d9%85/,مرض الموت کی حالت میں روزہ رکھنے کا حکم,0123456790,<p>کیا فرماتے ہیں علماء کرام مندرجہ ذیل مسئلہ کے بارے میں کہ ایک معذور خاتون اپنے مرض الموت میں روزہ نہیں رکھ سکی تھی، صرف ستائیس رمضان کا روزہ اپنی جان پر کھیل کر رکھ لیا تھا،باقی نہیں رکھ سکی اور اس سلسلے میں کچھ وصیت بھی نہیں کی، تو کیا ان روزوں کا  کفارہ ورثاء  ادا  کرسکتے ہیں؟ اور کتنا کفارہ  ادا کریں؟</p>,<p>اگر یہ خاتون اسی بیماری میں انتقال کر گئیں او ران کو تندرست ہو کر قضا روزہ رکھنے کا موقع نہ ملا تو ان پر روزوں کی قضا ،یا فدیہ لازم نہیں او راگر وہ بعد تندرست ہو کر اتناعرصہ زندہ رہیں کہ ان روزوں کی قضا کرسکیں تو ان پر روزوں کی قضا لازم تھی ،اگر قضا نہیں کی تو فدیہ ادا کرنے کی وصیت ضروری تھی،لیکن چوں کہ وصیت نہیں کی اس لیے ورثہ پر کفارہ دینا ضروری نہیں، اگر اپنی مرضی سے دینا چاہیں تو اپنے مال میں سے دے سکتے ہیں، ایک روزہ کا فدیہ صدقۃ الفطر کی مقدار کے برابر ہے، یعنی پونے دو سیر گندم یا اس کی قیمت۔<br/><code>''وقضوا لزوما ما قدروا بلا فدیۃ و بلا ولاء.۔۔۔ فإن ماتوا فیہ أي: في ذلک العذر فلا تجب علیہم الوصیۃ بالفدیۃ لعدم إدراکہم عدۃ من أیام أخر ۔۔۔وفدی لزوما عنہ أي:عن المیت ولیہ۔۔۔۔۔۔ کالفطرۃ قدرا بعد قدرتہ علیہ۔۔۔وفوتہ۔۔۔بوصیتہ من الثلث۔۔۔وإن لم یوص وتبرع ولیہ بہ جاز إن شاء اللّٰہ ویکون الثواب للولي.اختیار.(الدر المختار مع الدر، کتاب الصوم، باب ما یفسد الصوم وما لا یفسد، فصل في العوارض المبیحۃ لعدم الصوم: ٢/٤٢٣۔٤٢٥،سعید).</code> فقط واللہ اعلم بالصواب</p><p><strong>دارالافتاء جامعہ فاروقیہ کراچی</strong></p><p><code></code></p>,"<div class=""gdlr-core-text-box-item-content"" style=""text-transform: none ;""><h3 style=""text-align: right;"">مرض الموت کی حالت میں روزہ رکھنے کا حکم</h3>
<h4 style=""text-align: right;"">سوال</h4>
<p>کیا فرماتے ہیں علماء کرام مندرجہ ذیل مسئلہ کے بارے میں کہ ایک معذور خاتون اپنے مرض الموت میں روزہ نہیں رکھ سکی تھی، صرف ستائیس رمضان کا روزہ اپنی جان پر کھیل کر رکھ لیا تھا،باقی نہیں رکھ سکی اور اس سلسلے میں کچھ وصیت بھی نہیں کی، تو کیا ان روزوں کا  کفارہ ورثاء  ادا  کرسکتے ہیں؟ اور کتنا کفارہ  ادا کریں؟</p>
<h4 style=""text-align: right;"">جواب</h4>
<p>اگر یہ خاتون اسی بیماری میں انتقال کر گئیں او ران کو تندرست ہو کر قضا روزہ رکھنے کا موقع نہ ملا تو ان پر روزوں کی قضا ،یا فدیہ لازم نہیں او راگر وہ بعد تندرست ہو کر اتناعرصہ زندہ رہیں کہ ان روزوں کی قضا کرسکیں تو ان پر روزوں کی قضا لازم تھی ،اگر قضا نہیں کی تو فدیہ ادا کرنے کی وصیت ضروری تھی،لیکن چوں کہ وصیت نہیں کی اس لیے ورثہ پر کفارہ دینا ضروری نہیں، اگر اپنی مرضی سے دینا چاہیں تو اپنے مال میں سے دے سکتے ہیں، ایک روزہ کا فدیہ صدقۃ الفطر کی مقدار کے برابر ہے، یعنی پونے دو سیر گندم یا اس کی قیمت۔<br/><code>''وقضوا لزوما ما قدروا بلا فدیۃ و بلا ولاء.۔۔۔ فإن ماتوا فیہ أي: في ذلک العذر فلا تجب علیہم الوصیۃ بالفدیۃ لعدم إدراکہم عدۃ من أیام أخر ۔۔۔وفدی لزوما عنہ أي:عن المیت ولیہ۔۔۔۔۔۔ کالفطرۃ قدرا بعد قدرتہ علیہ۔۔۔وفوتہ۔۔۔بوصیتہ من الثلث۔۔۔وإن لم یوص وتبرع ولیہ بہ جاز إن شاء اللّٰہ ویکون الثواب للولي.اختیار.(الدر المختار مع الدر، کتاب الصوم، باب ما یفسد الصوم وما لا یفسد، فصل في العوارض المبیحۃ لعدم الصوم: ٢/٤٢٣۔٤٢٥،سعید).</code> فقط واللہ اعلم بالصواب</p>
<p><strong>دارالافتاء جامعہ فاروقیہ کراچی</strong></p>
<p><code></code></p>
</div>",farooqia.com
https://www.farooqia.com/course/%d8%a8%db%8c%d9%85%d8%a7%d8%b1%db%8c-%da%a9%db%8c-%d9%88%d8%ac%db%81-%d8%b3%db%92-%d8%b1%d9%88%d8%b2%db%81-%da%86%da%be%d9%88%da%91%d9%86%db%92-%da%a9%d8%a7-%d8%ad%da%a9%d9%85/,بیماری کی وجہ سے روزہ چھوڑنے کا حکم,0123456790,<p>کیا فرماتے ہیں علماء کرام مندرجہ ذیل مسئلہ کے بارے میں کہ عرصہ چھ سال سے میری بیوی شوگر کی مریض ہے، اب چوں کہ بیماری پرانی ہونے کے ساتھ ساتھ کمزوری بھی بہت زیادہ ہوگئی ہے، علاج وغیرہ بھی کافی حد تک کیاہے، گزشتہ سال رمضان المبارک میں صحت کچھ اچھی تھی تو بیوی نے روزے رکھنے شروع کردیے، مگر ابھی چودہ روزے ہی رکھے تھے کہ شدید بیمار ہوگئی، جس کی وجہ سے ان کو ہسپتال میں داخل کرانا پڑا، روزہ رکھنے کی وجہ سے اس کے پانی پینے کی نالی کا منہ بند ہوگیا، شام کو جب وہ پانی پیتی تو پانی اپنی صحیح جگہ جانے کے بجائے پورے پیٹ میں پھیل گیا ،بڑی مشکل سے ڈاکٹروں نے پیٹ سے پانی نکالا، سولہ روزے قضا ہوگئے،اب ایسی حالت میں شریعت کیا حکم دیتی ہے اور آئندہ روزوں کی قضا بھی بظاہر مشکل ہے، کیوں کہ کمزوری ان کی پہلے سے زیادہ ہے، آیا قضا روزے رکھنے لازم ہیں ،یا فدیہ وغیرہ دے دیں؟</p>,<p>صورت مسؤلہ میں روزہ رکھنے سے اگر بیماری میں اضافے کا خطرہ ہے تو شرعاً اس کو اجازت ہے کہ وہ صحت مند ہونے تک روزہ  نہ رکھیں، جب ٹھیک ہو جائیں تو ان چھوٹے ہوئے روزوں کی قضا کریں، البتہ اگر صحت مند ہونے کی کوئی امید نہ ہو اور آخر دم تک روزہ رکھنے کی طاقت لوٹنے سے بالکل مایوسی ہو، چھوٹے اورٹھنڈے ایام میں بھی روزہ رکھنے کی طاقت نہیں، تو ایسی صورت میں قضا شدہ اور آنے والے فرض روزوں کا فدیہ دینا ہوگا اور ایک روزے کے عوض میں ایک صدقۃ الفطر کی رقم کے برابر رقم کسی مسکین کو دینا ہوگی۔<br/><code>قال اﷲ تبارک وتعالی:(فَمَن کَانَ مِنکُم مَّرِیْضاً أَوْ عَلَی سَفَرٍ فَعِدَّۃٌ مِّنْ أَیَّامٍ أُخَرَ وَعَلَی الَّذِیْنَ یُطِیْقُونَہُ فِدْیَۃٌ طَعَامُ مِسْکِیْن).(سورۃ البقرۃ:١٨٤)</code><br/><code>''المریض إذا خاف علی نفسہ ۔۔۔یفطر ۔۔۔وإن خاف زیادۃ العلۃ وامتدادہا، فکذلک عندنا، وعلیہ القضاء إذا أفطر۔۔۔فالشیخ الفاني الذي لا یقدر علی الصیام یفطر ویطعم لکل یوم مسکینا، کما یطعم في الکفارۃ . (الھندیۃ، کتاب الصوم، الباب الخامس في الأعذار التي تبیح الإفطار: ١/٢٠٧، رشیدیۃ)</code><br/><code>''إذا وجب علی الرجل القضاء بأن أفطر بعذر أو بغیر عذر ولم یقض حتی عجز وصار شیخا فانیا، بحیث لا یرجی برءہ، تجوزلہ الفدیۃ وإنما تجوز لہ الفدیۃ عن صوم ھو أصل بنفسہ، وھو صوم رمضان عند وقوع الیأس عن القضاء یعطي لکل یوم نصف صاع من الحنطۃ، ویجوز فیھا ما یجوز في صدقۃ الفطر.(الخانیۃ علی ھامش الھندیۃ، کتاب الصوم: ١/٢٠٣،رشیدیۃ).</code>فقط واللہ اعلم بالصواب</p><p><strong>دارالافتاء جامعہ فاروقیہ کراچی</strong></p><p><code></code></p>,"<div class=""gdlr-core-text-box-item-content"" style=""text-transform: none ;""><h3 style=""text-align: right;"">بیماری کی وجہ سے روزہ چھوڑنے کا حکم</h3>
<h4 style=""text-align: right;"">سوال</h4>
<p>کیا فرماتے ہیں علماء کرام مندرجہ ذیل مسئلہ کے بارے میں کہ عرصہ چھ سال سے میری بیوی شوگر کی مریض ہے، اب چوں کہ بیماری پرانی ہونے کے ساتھ ساتھ کمزوری بھی بہت زیادہ ہوگئی ہے، علاج وغیرہ بھی کافی حد تک کیاہے، گزشتہ سال رمضان المبارک میں صحت کچھ اچھی تھی تو بیوی نے روزے رکھنے شروع کردیے، مگر ابھی چودہ روزے ہی رکھے تھے کہ شدید بیمار ہوگئی، جس کی وجہ سے ان کو ہسپتال میں داخل کرانا پڑا، روزہ رکھنے کی وجہ سے اس کے پانی پینے کی نالی کا منہ بند ہوگیا، شام کو جب وہ پانی پیتی تو پانی اپنی صحیح جگہ جانے کے بجائے پورے پیٹ میں پھیل گیا ،بڑی مشکل سے ڈاکٹروں نے پیٹ سے پانی نکالا، سولہ روزے قضا ہوگئے،اب ایسی حالت میں شریعت کیا حکم دیتی ہے اور آئندہ روزوں کی قضا بھی بظاہر مشکل ہے، کیوں کہ کمزوری ان کی پہلے سے زیادہ ہے، آیا قضا روزے رکھنے لازم ہیں ،یا فدیہ وغیرہ دے دیں؟</p>
<h4 style=""text-align: right;"">جواب</h4>
<p>صورت مسؤلہ میں روزہ رکھنے سے اگر بیماری میں اضافے کا خطرہ ہے تو شرعاً اس کو اجازت ہے کہ وہ صحت مند ہونے تک روزہ  نہ رکھیں، جب ٹھیک ہو جائیں تو ان چھوٹے ہوئے روزوں کی قضا کریں، البتہ اگر صحت مند ہونے کی کوئی امید نہ ہو اور آخر دم تک روزہ رکھنے کی طاقت لوٹنے سے بالکل مایوسی ہو، چھوٹے اورٹھنڈے ایام میں بھی روزہ رکھنے کی طاقت نہیں، تو ایسی صورت میں قضا شدہ اور آنے والے فرض روزوں کا فدیہ دینا ہوگا اور ایک روزے کے عوض میں ایک صدقۃ الفطر کی رقم کے برابر رقم کسی مسکین کو دینا ہوگی۔<br/><code>قال اﷲ تبارک وتعالی:(فَمَن کَانَ مِنکُم مَّرِیْضاً أَوْ عَلَی سَفَرٍ فَعِدَّۃٌ مِّنْ أَیَّامٍ أُخَرَ وَعَلَی الَّذِیْنَ یُطِیْقُونَہُ فِدْیَۃٌ طَعَامُ مِسْکِیْن).(سورۃ البقرۃ:١٨٤)</code><br/><code>''المریض إذا خاف علی نفسہ ۔۔۔یفطر ۔۔۔وإن خاف زیادۃ العلۃ وامتدادہا، فکذلک عندنا، وعلیہ القضاء إذا أفطر۔۔۔فالشیخ الفاني الذي لا یقدر علی الصیام یفطر ویطعم لکل یوم مسکینا، کما یطعم في الکفارۃ . (الھندیۃ، کتاب الصوم، الباب الخامس في الأعذار التي تبیح الإفطار: ١/٢٠٧، رشیدیۃ)</code><br/><code>''إذا وجب علی الرجل القضاء بأن أفطر بعذر أو بغیر عذر ولم یقض حتی عجز وصار شیخا فانیا، بحیث لا یرجی برءہ، تجوزلہ الفدیۃ وإنما تجوز لہ الفدیۃ عن صوم ھو أصل بنفسہ، وھو صوم رمضان عند وقوع الیأس عن القضاء یعطي لکل یوم نصف صاع من الحنطۃ، ویجوز فیھا ما یجوز في صدقۃ الفطر.(الخانیۃ علی ھامش الھندیۃ، کتاب الصوم: ١/٢٠٣،رشیدیۃ).</code>فقط واللہ اعلم بالصواب</p>
<p><strong>دارالافتاء جامعہ فاروقیہ کراچی</strong></p>
<p><code></code></p>
</div>",farooqia.com
https://www.farooqia.com/course/%d9%85%d8%af%d8%aa-%d9%86%d9%81%d8%a7%d8%b3-%d9%85%db%8c%da%ba-%d8%a7%d9%86%d9%82%d8%b7%d8%a7%d8%b9-%d8%af%d9%85-%da%a9%d8%a7-%d8%ad%da%a9%d9%85%d8%8c-%d8%b7%db%81%d8%b1-%d9%85%d8%aa%d8%ae%d9%84/,مدت نفاس میں انقطاع دم کا حکم،  طہر متخلل میں نماز اور روزہ کا حکم,0123456790,<p>کیا فرماتے ہیں مفتیان کرام مندرجہ ذیل  مسئلہ کے بارے میں کہ ایک عورت کو تین  دن نفاس کا خون آیا اور وہ پاک ہوگئی ، پھر سولہ دن بعد خون آیا یعنی انیسویں دن تو یہ نفاس کا خون ہوگا ،یا حیض کا ہوگا؟ اور اس صورت میں نماز اور روزے کا حکم ہوگا؟</p>,"<p>صورتِ مسئولہ میں  عورت کو تین دن نفا س کا خون آیا اور پھر اس کے بعد انیسویں دن خون آیا،تو یہ خون نفاس کا شمار ہوگا، لہذ ا ان ایام میں نماز ساقط ہوگی، اور روزوں کی قضا کرے گی۔</p><p><code>لما في الشامية:</code></p><p><code>الطهر المتخلل بين الأربعين في النفاس لا يفصل عند أبي حنيفة سواء كان خمسة عشر أو أقل أو أكثر ويجعل إحاطة الدمين بطرفيه كالدم المتوالي وعليه الفتوى وعندهما الخمسة عشر تفصل فلو رأت بعد الولادة يوما دما وثمانية وثلاثين طهرا ويوما دما فعنده الأربعون نفاس.(كتاب الطهارة،في باب الحيض والنفاس،1532،رشيدية)</code></p><p><code>وفي البحرالرائق:</code></p><p><code>قوله: والطهر بين الدمين في المدة حيض ونفاس "" يعني أن الطهر المتخلل بين دمين والدمان في مدة الحيض أو في مدة النفاس يكون حيضا في الأول ونفاسا في الثاني. (كتاب الطهارة،باب الحيض والنفاس،1356،رشيدية)</code>۔ فقط واللہ اعلم بالصواب</p><p style=""text-align: right;""><strong>دارالافتاء جامعہ فاروقیہ کراچی</strong></p><p><strong>فتوی نمبر:169/275</strong></p>","<div class=""gdlr-core-text-box-item-content"" style=""text-transform: none ;""><h3 style=""text-align: right;"">مدت نفاس میں انقطاع دم کا حکم، طہر متخلل میں نماز اور روزہ کا حکم</h3>
<h4 style=""text-align: right;"">سوال</h4>
<p>کیا فرماتے ہیں مفتیان کرام مندرجہ ذیل  مسئلہ کے بارے میں کہ ایک عورت کو تین  دن نفاس کا خون آیا اور وہ پاک ہوگئی ، پھر سولہ دن بعد خون آیا یعنی انیسویں دن تو یہ نفاس کا خون ہوگا ،یا حیض کا ہوگا؟ اور اس صورت میں نماز اور روزے کا حکم ہوگا؟</p>
<h4 style=""text-align: right;"">جواب</h4>
<p>صورتِ مسئولہ میں  عورت کو تین دن نفا س کا خون آیا اور پھر اس کے بعد انیسویں دن خون آیا،تو یہ خون نفاس کا شمار ہوگا، لہذ ا ان ایام میں نماز ساقط ہوگی، اور روزوں کی قضا کرے گی۔</p>
<p><code>لما في الشامية:</code></p>
<p><code>الطهر المتخلل بين الأربعين في النفاس لا يفصل عند أبي حنيفة سواء كان خمسة عشر أو أقل أو أكثر ويجعل إحاطة الدمين بطرفيه كالدم المتوالي وعليه الفتوى وعندهما الخمسة عشر تفصل فلو رأت بعد الولادة يوما دما وثمانية وثلاثين طهرا ويوما دما فعنده الأربعون نفاس.(كتاب الطهارة،في باب الحيض والنفاس،1532،رشيدية)</code></p>
<p><code>وفي البحرالرائق:</code></p>
<p><code>قوله: والطهر بين الدمين في المدة حيض ونفاس "" يعني أن الطهر المتخلل بين دمين والدمان في مدة الحيض أو في مدة النفاس يكون حيضا في الأول ونفاسا في الثاني. (كتاب الطهارة،باب الحيض والنفاس،1356،رشيدية)</code>۔ فقط واللہ اعلم بالصواب</p>
<p style=""text-align: right;""><strong>دارالافتاء جامعہ فاروقیہ کراچی</strong></p>
<p><strong>فتوی نمبر:169/275</strong></p>
</div>",farooqia.com
https://www.farooqia.com/course/%d8%ad%d8%a7%d9%84%d8%aa-%d8%b1%d9%88%d8%b2%db%81-%d9%85%db%8c%da%ba-%d8%a8%d8%b1%d8%b4-%d8%a7%d9%88%d8%b1-%d9%85%d9%86%d8%ac%d9%86-%da%a9%d8%a7-%d8%a7%d8%b3%d8%aa%d8%b9%d9%85%d8%a7%d9%84/,حالت صوم میں برش اور منجن کا استعمال,0123456790,<p>کیا فرماتے ہیں علماء کرام مندرجہ ذیل مسئلہ کے بارے میں کہ روزے کی حالت میں برش اور منجن استعمال کیا جاسکتا ہے یا نہیں؟</p>,<p>روزے کی حالت میں اگر برش ٹوتھ پیسٹ کے ساتھ استعمال کیا جائے تو روزہ مکروہ ہوگا اور اگر کوئی چیز حلق سے نیچے چلی گئی تو روزہ ٹوٹ جائے گا، لیکن بغیر ٹوتھ پیسٹ کے صرف برش استعمال کیاجائے تو اس میں کوئی کراہت نہیں۔<br/>اسی طرح منجن ذائقہ دار ہے اور اس کے استعمال میں بھی چوں کہ اس کے اجزاء کا حلق سے نیچے چلے جانے کا اندیشہ ہوتا ہے، اس لیے اس کا استعمال روزے کی حالت میں مکروہ ہے۔<br/><code>وکرہ لہ ذوق شيء وکذا مضغہ بلا عذر۔۔۔۔۔۔ومضغ علک.وفي الرد: قولہ کرہ مضغ علک، نص علیہ مع دخولہ في قولہ وکرہ ذوق شيء ومضغہ بلاعذر؛ لأن العذر فیہ لا یتضح.''(تنویر الأبصار مع، کتاب الصوم، مطلب فیما یکرہ للصائم: ٢/٤١٦،سعید).</code> فقط واللہ اعلم بالصواب</p><p><strong>دارالافتاء جامعہ فاروقیہ کراچی</strong></p><p><code></code></p>,"<div class=""gdlr-core-text-box-item-content"" style=""text-transform: none ;""><h3 style=""text-align: right;"">حالت صوم میں برش اور منجن کا استعمال</h3>
<h4 style=""text-align: right;"">سوال</h4>
<p>کیا فرماتے ہیں علماء کرام مندرجہ ذیل مسئلہ کے بارے میں کہ روزے کی حالت میں برش اور منجن استعمال کیا جاسکتا ہے یا نہیں؟</p>
<h4 style=""text-align: right;"">جواب</h4>
<p>روزے کی حالت میں اگر برش ٹوتھ پیسٹ کے ساتھ استعمال کیا جائے تو روزہ مکروہ ہوگا اور اگر کوئی چیز حلق سے نیچے چلی گئی تو روزہ ٹوٹ جائے گا، لیکن بغیر ٹوتھ پیسٹ کے صرف برش استعمال کیاجائے تو اس میں کوئی کراہت نہیں۔<br/>اسی طرح منجن ذائقہ دار ہے اور اس کے استعمال میں بھی چوں کہ اس کے اجزاء کا حلق سے نیچے چلے جانے کا اندیشہ ہوتا ہے، اس لیے اس کا استعمال روزے کی حالت میں مکروہ ہے۔<br/><code>وکرہ لہ ذوق شيء وکذا مضغہ بلا عذر۔۔۔۔۔۔ومضغ علک.وفي الرد: قولہ کرہ مضغ علک، نص علیہ مع دخولہ في قولہ وکرہ ذوق شيء ومضغہ بلاعذر؛ لأن العذر فیہ لا یتضح.''(تنویر الأبصار مع، کتاب الصوم، مطلب فیما یکرہ للصائم: ٢/٤١٦،سعید).</code> فقط واللہ اعلم بالصواب</p>
<p><strong>دارالافتاء جامعہ فاروقیہ کراچی</strong></p>
<p><code></code></p>
</div>",farooqia.com
https://www.farooqia.com/course/%d8%b1%d9%88%d8%b2%db%81-%da%a9%db%8c-%d8%ad%d8%a7%d9%84%d8%aa-%d9%85%db%8c%da%ba-%da%a9%d8%b3%db%8c-%da%a9%d9%88-%d9%be%d8%a7%d9%86%db%8c-%d9%be%d9%84%d8%a7%d9%86%db%92-%da%a9%d8%a7-%d8%ad%da%a9/,روزہ کی حالت میں کسی کو پانی پلانے کا حکم,0123456790,<p>کیا فرماتے ہیں علماء کرام مندرجہ ذیل مسئلہ کے بارے میں کہ روزے کی حالت میں کسی کو پانی پلانا، جب کہ پلانے والے کا خود روزہ ہو، کیسا ہے؟</p>,<p>روزے کی حالت میں کسی کو پانی پلانے والے کے روزے پر کوئی اثر نہیں پڑتا، لیکن اگر روزہ نہ رکھنے والا عاقل، بالغ ، صحت مند اور غیر معذور ہو تو وہ فرض چھوڑنے کی وجہ سے گناہ گار ہوگا،اور اس کو پانی پلانا اعانت علی المعصیت اور ترک احترام رمضان کی وجہ سے ناجائز ہے،اگر پانی پلانے والاملازم ہو اور مالک یا افسر اس کے روزے کا علم رکھنے کے باوجود اس کو مجبور کرے تو یہ ملازم روزہ دار توبہ واستغفار کرتا رہے، امید ہے کہ اس کی گرفت نہ ہوگی۔</p><p><code>قال اﷲ تبارک وتعالی:(یَا أَیُّہَا الَّذِیْنَ آمَنُواْ کُتِبَ عَلَیْکُمُ الصِّیَامُ کَمَا کُتِبَ عَلَی الَّذِیْنَ مِن قَبْلِکُمْ لَعَلَّکُمْ تَتَّقُون).(سورۃ البقرۃ،١٨٣)</code><br/><code>قال اﷲ تبارک وتعالی:(وتعاونوا علی البر والتقوی ولا تعاونوا علی الإثم والعدوان). (سورۃ المائدۃ:٢).</code>فقط واللہ اعلم بالصواب</p><p><strong>دارالافتاء جامعہ فاروقیہ کراچی</strong></p><p><code></code></p>,"<div class=""gdlr-core-text-box-item-content"" style=""text-transform: none ;""><h3 style=""text-align: right;"">روزہ کی حالت میں کسی کو پانی پلانے کا حکم</h3>
<h4 style=""text-align: right;"">سوال</h4>
<p>کیا فرماتے ہیں علماء کرام مندرجہ ذیل مسئلہ کے بارے میں کہ روزے کی حالت میں کسی کو پانی پلانا، جب کہ پلانے والے کا خود روزہ ہو، کیسا ہے؟</p>
<h4 style=""text-align: right;"">جواب</h4>
<p>روزے کی حالت میں کسی کو پانی پلانے والے کے روزے پر کوئی اثر نہیں پڑتا، لیکن اگر روزہ نہ رکھنے والا عاقل، بالغ ، صحت مند اور غیر معذور ہو تو وہ فرض چھوڑنے کی وجہ سے گناہ گار ہوگا،اور اس کو پانی پلانا اعانت علی المعصیت اور ترک احترام رمضان کی وجہ سے ناجائز ہے،اگر پانی پلانے والاملازم ہو اور مالک یا افسر اس کے روزے کا علم رکھنے کے باوجود اس کو مجبور کرے تو یہ ملازم روزہ دار توبہ واستغفار کرتا رہے، امید ہے کہ اس کی گرفت نہ ہوگی۔</p>
<p><code>قال اﷲ تبارک وتعالی:(یَا أَیُّہَا الَّذِیْنَ آمَنُواْ کُتِبَ عَلَیْکُمُ الصِّیَامُ کَمَا کُتِبَ عَلَی الَّذِیْنَ مِن قَبْلِکُمْ لَعَلَّکُمْ تَتَّقُون).(سورۃ البقرۃ،١٨٣)</code><br/><code>قال اﷲ تبارک وتعالی:(وتعاونوا علی البر والتقوی ولا تعاونوا علی الإثم والعدوان). (سورۃ المائدۃ:٢).</code>فقط واللہ اعلم بالصواب</p>
<p><strong>دارالافتاء جامعہ فاروقیہ کراچی</strong></p>
<p><code></code></p>
</div>",farooqia.com
https://www.farooqia.com/course/%d8%af%d8%a7%d9%86%d8%aa%d9%88%da%ba-%d8%b3%db%92-%d9%85%d8%b3%d9%84%d8%b3%d9%84-%d8%ae%d9%88%d9%86-%d8%a2%d9%86%db%92-%da%a9%db%8c-%d8%b5%d9%88%d8%b1%d8%aa-%d9%85%db%8c%da%ba-%d8%b1%d9%88%d8%b2%db%81/,دانتوں سے مسلسل خون آنے کی صورت میں روزہ اور نماز کا حکم,0123456790,<p> کیا فرماتے ہیں حضرات مفتیان کرام اس مسئلہ سے متعلق کہ ایک آدمی کے دانتوں سے خون آتا ہے اور اس کی کوئی مقدار بھی متعین نہیں ہے، کسی وقت تھوڑا ہوتا ہے کہ اس کا رنگ تھوک سے مغلوب ہوتا ہے او رکسی وقت زیادہ آتا ہے کہ اس کا رنگ تھوک پر غالب ہوتا ہے اور اسی طرح سے اس کا کوئی وقت بھی متعین نہیں ہے ، نیند کی حالت میں بھی آتا ہے اور بیداری کی حالت میں بھی، گویا یہ دائمی مرض ہے، مگر کبھی کبھار ایسا دن بھی آجاتا ہے کہ جس میں بارہ گھنٹے تک خون بند رہتا ہے اور پھر دوبارہ اسی ترتیب سے شروع ہو جاتا ہے، یہ مرض کئی سالوں سے ہے، جس کا علاج بھی بہت کرایا گیا ہے ، مگر کچھ فرق نہیں ہے اور فی الحال اس کی کیفیت یہ ہے کہ اس کا منقطع ہونا غیر ممکن ہے ، تاکہ ایسے وقت کا انتظار کیا جائے کہ جس میں قضاء کی جائے، اور بعض اوقات بیداری کی حالت میں بھی خون غیر اختیاری طور پر حلق سے نیچے اتر جاتا ہے۔</p><p>اس سلسلے میں بعض علماء سے زبانی رجوع کیا گیا او رمریض کے نماز، روزے سے متعلق حکم پوچھا گیا تو ان کی آراء مختلف سامنے آئیں: بعض نے فرمایا کہ وہ ہر نماز کے لیے علیحدہ وضو کرکے نماز پڑھے گا اور اس کے روزے بھی صحیح ہیں اور اس کی وجہ یہ بیان کی ہے کہ دانتوں سے نکلنے والا خون جسم کے اندر چلنے والے خون کی مانند ہے، جس طرح اس سے روزہ فاسد نہیں ہوتا اسی طرح اس سے بھی روزہ فاسد نہیں ہوتا اور بعض علماء نے فرمایا کہ روزے صحیح ہیں، مگر بیداری کی حالت میں حتی الامکان خون نگلنے سے پرہیز کرے اور نیند کی حالت میں خون اندر جانے میں کوئی مضائقہ نہیں ہے کیوں مرض دائمی ہے اور نیند کی حالت میں وہغیر مکلف ہے او راکثر علماء نے یہ فرمایا کہ خون اندر جانے سے اس کے روزے فاسد ہو گئے ہیں، لہٰذا وہ ایسے وقت کا انتظار کرے کہ جس میں خون رک جائے اور پھر قضاء کر لے اور بعض نے یہ فرمایا کہ جب قضاء کے وقت کا میسر ہونا ممکن نہیں تو پھر فدیہ ادا کردے، ہاں اگر صحت میسر ہو جائے تو پھر قضاء بھی کر لے۔</p>,"<p>صورت مسئولہ میں مذکورہ شخص پر اگر ایک نماز کا وقت ایسا گزر گیا ہے کہ اس میں اسے خون مسلسل آتا رہا اور اسے اتنا وقت بھی نہ ملا کہ وہ اس خون کے رکنے کی حالت میں وضو کرکے نماز پڑھ سکے، تو وہ شرعاً معذور ہے، لہٰذا وہ ہر وقت کی نماز کے لیے نیا وضو کرکے اسی وقت کی فرض اور دیگر سنن ونوافل نمازیں پڑھا کرے، اس خون سے اس کا وضو نہیں ٹوٹے گا، لیکن اگر کسی نماز کے پورے وقت میں اسے خون بالکل نہ آیا تو پھر وہ معذور نہیں رہے گا، اور اس خون سے اس کا وضو ٹوٹ جائے گا۔</p><p>اور روزے کی حالت میں اگر دانتوں سے خون نکل کر حلق سے نیچے اتر جائے اور وہ تھوک پر بھی غالب یا برابر ہو تو روزہ فاسد ہو جائے گا، اور صرف قضاء لازم آئے گی، البتہ اگر حلق سے نیچے اترنے میں شک ہو اور کسی طرف گمانِ راحج نہ ہو تو روزہ فاسد نہ ہو گا، اسی طرح اگر تھوک غالب ہو او ر خون کم ہو تب بھی روزہ فاسد نہیں ہو گا او راگر اکثر دانتوں سے خون آتا رہتا ہے اور وہ سونے کی حالت میں بلا اختیار حلق سے نیچے اتر جائے، تو عدم فساد کی گنجائش ہے، کیوں کہ اس صورت میں اس سے تحرز ممکن نہیں ہے ، تاہم اس کے لیے بہتر یہ ہے کہ اگر روزے میں بلا اختیار خون حلق سے نیچے اتر جائے تو صحت کے بعد احتیاطاً اس روزے کی قضاء کرے۔ فقط واللہ اعلم بالصواب</p><p style=""text-align: right;""><strong>دارالافتاء جامعہ فاروقیہ کراچی</strong></p>","<div class=""gdlr-core-text-box-item-content"" style=""text-transform: none ;""><h3 style=""text-align: right;"">دانتوں سے مسلسل خون آنے کی صورت میں روزہ اور نماز کا حکم</h3>
<h4 style=""text-align: right;"">سوال</h4>
<p> کیا فرماتے ہیں حضرات مفتیان کرام اس مسئلہ سے متعلق کہ ایک آدمی کے دانتوں سے خون آتا ہے اور اس کی کوئی مقدار بھی متعین نہیں ہے، کسی وقت تھوڑا ہوتا ہے کہ اس کا رنگ تھوک سے مغلوب ہوتا ہے او رکسی وقت زیادہ آتا ہے کہ اس کا رنگ تھوک پر غالب ہوتا ہے اور اسی طرح سے اس کا کوئی وقت بھی متعین نہیں ہے ، نیند کی حالت میں بھی آتا ہے اور بیداری کی حالت میں بھی، گویا یہ دائمی مرض ہے، مگر کبھی کبھار ایسا دن بھی آجاتا ہے کہ جس میں بارہ گھنٹے تک خون بند رہتا ہے اور پھر دوبارہ اسی ترتیب سے شروع ہو جاتا ہے، یہ مرض کئی سالوں سے ہے، جس کا علاج بھی بہت کرایا گیا ہے ، مگر کچھ فرق نہیں ہے اور فی الحال اس کی کیفیت یہ ہے کہ اس کا منقطع ہونا غیر ممکن ہے ، تاکہ ایسے وقت کا انتظار کیا جائے کہ جس میں قضاء کی جائے، اور بعض اوقات بیداری کی حالت میں بھی خون غیر اختیاری طور پر حلق سے نیچے اتر جاتا ہے۔</p>
<p>اس سلسلے میں بعض علماء سے زبانی رجوع کیا گیا او رمریض کے نماز، روزے سے متعلق حکم پوچھا گیا تو ان کی آراء مختلف سامنے آئیں: بعض نے فرمایا کہ وہ ہر نماز کے لیے علیحدہ وضو کرکے نماز پڑھے گا اور اس کے روزے بھی صحیح ہیں اور اس کی وجہ یہ بیان کی ہے کہ دانتوں سے نکلنے والا خون جسم کے اندر چلنے والے خون کی مانند ہے، جس طرح اس سے روزہ فاسد نہیں ہوتا اسی طرح اس سے بھی روزہ فاسد نہیں ہوتا اور بعض علماء نے فرمایا کہ روزے صحیح ہیں، مگر بیداری کی حالت میں حتی الامکان خون نگلنے سے پرہیز کرے اور نیند کی حالت میں خون اندر جانے میں کوئی مضائقہ نہیں ہے کیوں مرض دائمی ہے اور نیند کی حالت میں وہغیر مکلف ہے او راکثر علماء نے یہ فرمایا کہ خون اندر جانے سے اس کے روزے فاسد ہو گئے ہیں، لہٰذا وہ ایسے وقت کا انتظار کرے کہ جس میں خون رک جائے اور پھر قضاء کر لے اور بعض نے یہ فرمایا کہ جب قضاء کے وقت کا میسر ہونا ممکن نہیں تو پھر فدیہ ادا کردے، ہاں اگر صحت میسر ہو جائے تو پھر قضاء بھی کر لے۔</p>
<p>اب حال یہ ہے کہ ان جوابات کے بعد مریض بہت تذبذب کا شکار ہے کہ وہ کس کی بات پر عمل کرے ،اور دوسری بات یہ کہ حوالہ اور دلیل بھی زبانی چوں کہ کوئی نہیں دیتا اس لیے اطمینان حاصل نہیں ہوا، لہٰذا گزارش ہے کہ قرآن وحدیث او رکتبِ فقہ کے حوالوں کے ساتھ مسئلہ کے صحیح حکم سے آگاہ فرماکر مشکور ہوں۔</p>
<h4 style=""text-align: right;"">جواب</h4>
<p>صورت مسئولہ میں مذکورہ شخص پر اگر ایک نماز کا وقت ایسا گزر گیا ہے کہ اس میں اسے خون مسلسل آتا رہا اور اسے اتنا وقت بھی نہ ملا کہ وہ اس خون کے رکنے کی حالت میں وضو کرکے نماز پڑھ سکے، تو وہ شرعاً معذور ہے، لہٰذا وہ ہر وقت کی نماز کے لیے نیا وضو کرکے اسی وقت کی فرض اور دیگر سنن ونوافل نمازیں پڑھا کرے، اس خون سے اس کا وضو نہیں ٹوٹے گا، لیکن اگر کسی نماز کے پورے وقت میں اسے خون بالکل نہ آیا تو پھر وہ معذور نہیں رہے گا، اور اس خون سے اس کا وضو ٹوٹ جائے گا۔</p>
<p>اور روزے کی حالت میں اگر دانتوں سے خون نکل کر حلق سے نیچے اتر جائے اور وہ تھوک پر بھی غالب یا برابر ہو تو روزہ فاسد ہو جائے گا، اور صرف قضاء لازم آئے گی، البتہ اگر حلق سے نیچے اترنے میں شک ہو اور کسی طرف گمانِ راحج نہ ہو تو روزہ فاسد نہ ہو گا، اسی طرح اگر تھوک غالب ہو او ر خون کم ہو تب بھی روزہ فاسد نہیں ہو گا او راگر اکثر دانتوں سے خون آتا رہتا ہے اور وہ سونے کی حالت میں بلا اختیار حلق سے نیچے اتر جائے، تو عدم فساد کی گنجائش ہے، کیوں کہ اس صورت میں اس سے تحرز ممکن نہیں ہے ، تاہم اس کے لیے بہتر یہ ہے کہ اگر روزے میں بلا اختیار خون حلق سے نیچے اتر جائے تو صحت کے بعد احتیاطاً اس روزے کی قضاء کرے۔ فقط واللہ اعلم بالصواب</p>
<p style=""text-align: right;""><strong>دارالافتاء جامعہ فاروقیہ کراچی</strong></p>
</div>",farooqia.com
https://www.farooqia.com/course/%d9%85%d8%aa%d8%b9%d8%af%d8%af-%d8%b1%d9%85%d8%b6%d8%a7%d9%86%d9%88%da%ba-%d9%85%db%8c%da%ba-%d8%b1%d9%88%d8%b2%db%81-%d8%aa%d9%88%da%91%d9%86%db%92-%da%a9%d8%a7-%da%a9%d9%81%d8%a7%d8%b1%db%81/,متعدد رمضانوں میں روزہ توڑنے کا کفارہ,0123456790,<p>کیا فرماتے ہیں مفتیانِ کرام مندرجہ ذیل  مسئلہ کے بارے میں کہ ایک آدمی قصداً رمضان کے مہینے میں رمضان کا روزہ توڑ دے بغیر کسی عذر کے اور تین مرتبہ بد کاری (زنا) کرے رمضان کے مہینے میں روزے کی حالت میں،کیا اس پر کفارہ ہوگا یا نہیں؟ اور کفارے میں پیسے دے سکتا ہے یا نہیں؟ اگر دے سکتا ہے تو کیا سارے ایک شخص کو دینا جائز ہے کہ نہیں؟</p><p>وضاحت: 25 سال عمر ہے تین مرتبہ بدکاری تین سال کے الگ الگ رمضان کے مہینے میں کی ہے۔</p>,"<p>کسی عذر کے بغیر قصدا رمضان کا روزہ توڑنے سے قضاء اور کفارہ دونوں واجب ہوتے ہیں، صورت مسئولہ میں اس شخص نے الگ الگ رمضان کے چوں کہ چار روزے توڑے ہیں، تو لہٰذا اس پر چار کفارے لازم ہوں گے، کفارہ یہ ہے کہ ہر روزے کے بدلے دو مہینے مسلسل روزے رکھے، اگر ضعف یا مرض کی وجہ سے روزے نہ رکھ سکے، تو ساٹھ غریبوں کو دو وقت کا کھانا کھلائے، چاہے ایک دن دو وقت کھلائے، چاہے ایک غریب کو دو وقت ساٹھ روز تک کھانا کھلائے، چاہے ساٹھ غریبوں کو کھانا دے دے ہر ایک کو صدقة الفطر کے برابر یا اس کی قیمت دے دے، البتہ اگر ساٹھ غریبوں کو دینے کے بجائے ایک غریب کو دے دیا تو کفارہ ادا نہیں ہوگا، مگر یہ کہ ساٹھ روز  دے دے۔</p><p><code>لما في التنویر مع الرد:</code></p><p><code>(وإن جامع أو جومع في أحد السبيلين أو أكل أو شرب غذاء أو دواء عمدا ...... قضى وكفر ككفارة الظهار.قوله: (ككفارة الظهار) أي مثلها في الترتيب فيعتق أولا، فإن لم يجد صام شھرين متتابعين، فإن لم يستطع أطعم ستين مسكينا».(كتاب الصوم، باب ما يفسد الصوم وما لا يفسده، مطلب: في الكفارة: 3/442-447، رشيدية)</code></p><p><code>وفي البحر الرائق:</code></p><p><code>""ولو جامع في رمضانين فعليه كفارتان وإن لم يكفر للأولى في ظاهر الرواية وهو الصحيح.""(كتاب الصوم، باب ما يفسد الصوم وما لا يفسده: 2/484، رشيدية)</code></p><p><code>وفي الهندية:</code></p><p><code>""لو أعطى عن كفارة ظهاره مسكينا واحدا ستين يوما، كل يوم نصف صاع، جاز كذا في «الفتاوى السراجية» ولو أعطى مسكينا واحدا كله في يوم واحد، لا يجزيه إلا عن يومه ذلك. (كتاب الطلاق، الباب العاشر فى الكفارة: 1/569، دار الفكر).</code>فقط واللہ اعلم بالصواب</p><p><strong>دارالافتاء جامعہ فاروقیہ کراچی</strong></p><p><strong>فتویٰ نمبر : 176/87</strong></p><p><code></code></p>","<div class=""gdlr-core-text-box-item-content"" style=""text-transform: none ;""><h3 style=""text-align: right;"">متعدد رمضانوں میں روزہ توڑنے کا کفارہ</h3>
<h4 style=""text-align: right;"">سوال</h4>
<p>کیا فرماتے ہیں مفتیانِ کرام مندرجہ ذیل  مسئلہ کے بارے میں کہ ایک آدمی قصداً رمضان کے مہینے میں رمضان کا روزہ توڑ دے بغیر کسی عذر کے اور تین مرتبہ بد کاری (زنا) کرے رمضان کے مہینے میں روزے کی حالت میں،کیا اس پر کفارہ ہوگا یا نہیں؟ اور کفارے میں پیسے دے سکتا ہے یا نہیں؟ اگر دے سکتا ہے تو کیا سارے ایک شخص کو دینا جائز ہے کہ نہیں؟</p>
<p>وضاحت: 25 سال عمر ہے تین مرتبہ بدکاری تین سال کے الگ الگ رمضان کے مہینے میں کی ہے۔</p>
<h4 style=""text-align: right;"">جواب</h4>
<p>کسی عذر کے بغیر قصدا رمضان کا روزہ توڑنے سے قضاء اور کفارہ دونوں واجب ہوتے ہیں، صورت مسئولہ میں اس شخص نے الگ الگ رمضان کے چوں کہ چار روزے توڑے ہیں، تو لہٰذا اس پر چار کفارے لازم ہوں گے، کفارہ یہ ہے کہ ہر روزے کے بدلے دو مہینے مسلسل روزے رکھے، اگر ضعف یا مرض کی وجہ سے روزے نہ رکھ سکے، تو ساٹھ غریبوں کو دو وقت کا کھانا کھلائے، چاہے ایک دن دو وقت کھلائے، چاہے ایک غریب کو دو وقت ساٹھ روز تک کھانا کھلائے، چاہے ساٹھ غریبوں کو کھانا دے دے ہر ایک کو صدقة الفطر کے برابر یا اس کی قیمت دے دے، البتہ اگر ساٹھ غریبوں کو دینے کے بجائے ایک غریب کو دے دیا تو کفارہ ادا نہیں ہوگا، مگر یہ کہ ساٹھ روز  دے دے۔</p>
<p><code>لما في التنویر مع الرد:</code></p>
<p><code>(وإن جامع أو جومع في أحد السبيلين أو أكل أو شرب غذاء أو دواء عمدا ...... قضى وكفر ككفارة الظهار.قوله: (ككفارة الظهار) أي مثلها في الترتيب فيعتق أولا، فإن لم يجد صام شھرين متتابعين، فإن لم يستطع أطعم ستين مسكينا».(كتاب الصوم، باب ما يفسد الصوم وما لا يفسده، مطلب: في الكفارة: 3/442-447، رشيدية)</code></p>
<p><code>وفي البحر الرائق:</code></p>
<p><code>""ولو جامع في رمضانين فعليه كفارتان وإن لم يكفر للأولى في ظاهر الرواية وهو الصحيح.""(كتاب الصوم، باب ما يفسد الصوم وما لا يفسده: 2/484، رشيدية)</code></p>
<p><code>وفي الهندية:</code></p>
<p><code>""لو أعطى عن كفارة ظهاره مسكينا واحدا ستين يوما، كل يوم نصف صاع، جاز كذا في «الفتاوى السراجية» ولو أعطى مسكينا واحدا كله في يوم واحد، لا يجزيه إلا عن يومه ذلك. (كتاب الطلاق، الباب العاشر فى الكفارة: 1/569، دار الفكر).</code>فقط واللہ اعلم بالصواب</p>
<p><strong>دارالافتاء جامعہ فاروقیہ کراچی</strong></p>
<p><strong>فتویٰ نمبر : 176/87</strong></p>
<p><code></code></p>
</div>",farooqia.com
https://www.farooqia.com/course/%d9%82%db%92-%da%a9%d8%b1%d9%86%db%92-%d8%b3%db%92-%d8%b1%d9%88%d8%b2%db%81-%d9%b9%d9%88%d9%b9%d8%aa%d8%a7-%db%81%db%92%d8%8c%db%8c%d8%a7-%d9%86%db%81%db%8c%da%ba%d8%9f/,قے کرنے سے روزہ ٹوٹتا ہے،یا  نہیں؟,0123456790,<p>کیا فرماتے ہیں علماء کرام مندرجہ ذیل مسئلہ کے بارے میں کہ قے کرنے سے روزہ ٹوٹ جاتا ہے یا نہیں؟</p>,<p>اگر خود ہی قے آجائے تو اس سے روزہ نہیں ٹوٹتا، چاہے تھوڑی ہو یا زیادہ ،البتہ اگر قے منہ بھر کر آئی اور ایک چنے کی مقدار یا اس سے زائد عمداً واپس لوٹالی تو روزہ ٹوٹ گیا، قضا لازم ہے، کفارہ نہیں،  اور اگر جان بوجھ کر منہ بھر کر قے کی تو اس صورت میں بہرحال روزہ فاسد ہوجائے گا، اگرچہ واپس نہ لوٹائے، البتہ منہ بھر کر  قے نہ ہو تو مفسد نہیں۔<br/><code>(وإن ذرعہ القيء وخرج) ولم یعد (لا یفطر مطلقا) ملأ  أو  لا (فإن عاد) بلا صنعہ (و) لو (ہو ملء الفم مع تذکرہ للصوم لا یفسد) خلافا للثاني (وإن أعادہ) أو قدر حمصۃ  منہ فأکثر حدادي (أفطر إجماعا) ولا کفارۃ (إن ملأ الفم وإلا لا) ہو المختار (وإن استقاء ) أي:طلب القیء (عامدا) أي:متذکرا لصومہ (إن کان ملء الفم فسد بالإجماع)مطلقا (وإن أقل لا)عند الثاني وہو الصحیح، لکن ظاہر الروایۃ کقول محمد إنہ یفسد کما في الفتح عن الکافي (فإن عاد بنفسہ لم یفطر وإن أعادہ ففیہ روایتان)أصحہما لا یفسد محیط. (تنویر الأبصار مع الدر المختار، کتاب الصوم، باب ما یفسد الصوم ومالایفسد: ٢/٤١٤،٤١٥، سعید).</code>فقط واللہ اعلم بالصواب</p><p><strong>دارالافتاء جامعہ فاروقیہ کراچی</strong></p><p><code></code></p>,"<div class=""gdlr-core-text-box-item-content"" style=""text-transform: none ;""><h3 style=""text-align: right;"">قے کرنے سے روزہ ٹوٹتا ہے،یا نہیں؟</h3>
<h4 style=""text-align: right;"">سوال</h4>
<p>کیا فرماتے ہیں علماء کرام مندرجہ ذیل مسئلہ کے بارے میں کہ قے کرنے سے روزہ ٹوٹ جاتا ہے یا نہیں؟</p>
<h4 style=""text-align: right;"">جواب</h4>
<p>اگر خود ہی قے آجائے تو اس سے روزہ نہیں ٹوٹتا، چاہے تھوڑی ہو یا زیادہ ،البتہ اگر قے منہ بھر کر آئی اور ایک چنے کی مقدار یا اس سے زائد عمداً واپس لوٹالی تو روزہ ٹوٹ گیا، قضا لازم ہے، کفارہ نہیں،  اور اگر جان بوجھ کر منہ بھر کر قے کی تو اس صورت میں بہرحال روزہ فاسد ہوجائے گا، اگرچہ واپس نہ لوٹائے، البتہ منہ بھر کر  قے نہ ہو تو مفسد نہیں۔<br/><code>(وإن ذرعہ القيء وخرج) ولم یعد (لا یفطر مطلقا) ملأ  أو  لا (فإن عاد) بلا صنعہ (و) لو (ہو ملء الفم مع تذکرہ للصوم لا یفسد) خلافا للثاني (وإن أعادہ) أو قدر حمصۃ  منہ فأکثر حدادي (أفطر إجماعا) ولا کفارۃ (إن ملأ الفم وإلا لا) ہو المختار (وإن استقاء ) أي:طلب القیء (عامدا) أي:متذکرا لصومہ (إن کان ملء الفم فسد بالإجماع)مطلقا (وإن أقل لا)عند الثاني وہو الصحیح، لکن ظاہر الروایۃ کقول محمد إنہ یفسد کما في الفتح عن الکافي (فإن عاد بنفسہ لم یفطر وإن أعادہ ففیہ روایتان)أصحہما لا یفسد محیط. (تنویر الأبصار مع الدر المختار، کتاب الصوم، باب ما یفسد الصوم ومالایفسد: ٢/٤١٤،٤١٥، سعید).</code>فقط واللہ اعلم بالصواب</p>
<p><strong>دارالافتاء جامعہ فاروقیہ کراچی</strong></p>
<p><code></code></p>
</div>",farooqia.com
https://www.farooqia.com/course/%d8%b1%d9%88%d8%b2%db%81-%da%a9%db%8c-%d8%ad%d8%a7%d9%84%d8%aa-%d9%85%db%8c%da%ba-%d9%85%d9%8f%d8%b4%d8%aa-%d8%b2%d9%86%db%8c-%da%a9%d8%b1%d9%86%d8%a7/,روزہ کی حالت میں مُشت زنی کرنا,0123456790,<p>کیا فرماتے ہیں علما ئے کرام مندرجہ ذیل مسئلہ کے بارے میں کہ اگر کسی شخص نے رمضان المبارک میں روزے کی حالت میں مشت زنی کر لی تو کیا اس کا روزہ ٹوٹ جائے گا؟ اگر ٹوٹ جائے تو صرف قضاء، کرنی پڑے گی یا کفارہ بھی اس پر واجب ہے؟</p>,<p>مشت زنی سخت گناہ ہے۔ ایسے شخص کو ملعون کہا گیا ہے۔ روزے کی حالت میں ایسی قبیح حرکت کرنے سے روزہ ٹوٹ جاتا ہے، لیکن صرف قضاء ( ایک روزہ)لازم ہوتی ہے، کفارہ(ساٹھ روزے)نہیں۔</p><p><code>وکذا الاستمناء بالکف وإن کرہ تحریما لحدیث ''ناکح الید ملعون''.</code><code>وفي الرد:(قولہ: وکذا الاستمناء بالکف)أي:في کونہ لا یفسد، لکن ہذا إذا لم ینزل، أما إذا أنزل فعلیہ القضاء.(الدر المختار مع رد المحتار، کتاب الصوم، باب ما یفسد الصوم ومالا یفسدہ: ٢/٣٩٩، سعید).</code>فقط واللہ اعلم بالصواب</p><p><strong>دارالافتاء جامعہ فاروقیہ کراچی</strong></p><p><code></code></p>,"<div class=""gdlr-core-text-box-item-content"" style=""text-transform: none ;""><h3 style=""text-align: right;"">روزہ کی حالت میں مُشت زنی کرنا</h3>
<h4 style=""text-align: right;"">سوال</h4>
<p>کیا فرماتے ہیں علما ئے کرام مندرجہ ذیل مسئلہ کے بارے میں کہ اگر کسی شخص نے رمضان المبارک میں روزے کی حالت میں مشت زنی کر لی تو کیا اس کا روزہ ٹوٹ جائے گا؟ اگر ٹوٹ جائے تو صرف قضاء، کرنی پڑے گی یا کفارہ بھی اس پر واجب ہے؟</p>
<h4 style=""text-align: right;"">جواب</h4>
<p>مشت زنی سخت گناہ ہے۔ ایسے شخص کو ملعون کہا گیا ہے۔ روزے کی حالت میں ایسی قبیح حرکت کرنے سے روزہ ٹوٹ جاتا ہے، لیکن صرف قضاء ( ایک روزہ)لازم ہوتی ہے، کفارہ(ساٹھ روزے)نہیں۔</p>
<p><code>وکذا الاستمناء بالکف وإن کرہ تحریما لحدیث ''ناکح الید ملعون''.</code><code>وفي الرد:(قولہ: وکذا الاستمناء بالکف)أي:في کونہ لا یفسد، لکن ہذا إذا لم ینزل، أما إذا أنزل فعلیہ القضاء.(الدر المختار مع رد المحتار، کتاب الصوم، باب ما یفسد الصوم ومالا یفسدہ: ٢/٣٩٩، سعید).</code>فقط واللہ اعلم بالصواب</p>
<p><strong>دارالافتاء جامعہ فاروقیہ کراچی</strong></p>
<p><code></code></p>
</div>",farooqia.com
https://www.farooqia.com/course/%d9%85%d8%b1%d8%b6-%da%a9%db%8c-%d9%88%d8%ac%db%81-%d8%b3%db%92-%d8%b1%d9%88%d8%b2%db%81-%d9%86%db%81-%d8%b1%da%a9%da%be%d9%86%db%92-%d9%88%d8%a7%d9%84%db%92-%d8%a7%d9%85%d8%a7%d9%85-%da%a9%d8%a7/,مرض کی وجہ سے روزہ نہ رکھنے والے امام کا تراویح پڑھانا,174/289,"<p style=""text-align: justify;"">کیا فرماتے ہیں مفتیان کرام اس مسئلہ کے بارے میں کہ کوئی حافظ مریض ہو اور مرض کی وجہ سے روزہ نہیں رکھ سکتا، تو کیا یہ حافظ تراویح پڑھا سکتا ہے یا نہیں؟</p>","<p style=""text-align: justify;"">اگر مرض ایسا ہو جس کی وجہ سے اس کو روزہ چھوڑنا جائز ہے، تو اس صورت میں چوں کہ شریعت نے اس کو معذور قرار دیا ہے وہ گنہگار نہیں ہے، لہذا اس کے لیے تراویح پڑھانا جائز ہے، اگر بغیر عذر کے روزے نہیں رکھتا ہے، تو اس صورت میں وہ فاسق ہے اور فاسق کے پیچھے تراویح پڑھنا جائز نہیں ہے۔</p><p style=""text-align: justify;""><code><strong>وفي تفسیر القرآن العظیم:</strong></code><br/><code>فقال :«فمن کان منکم مریضا أو علی سفر فعدۃ من أیام أخر» أي المریض والمسافر لا یصومان في حال المرض والسفر؛ لما في ذلک من المشقۃ علیھما بل یفطران ویقضیان بعد ذلک من أیام أخر‘‘.(سورۃ البقرۃ، [رقم الآیۃ: ١٨٤] ١/ ٢٩٠: دار السلام).</code>فقط.واللہ تعالیٰ أعلم بالصواب.<br/><strong>دارالافتاء جامعہ فاروقیہ کراچی</strong><br/><strong>فتویٰ نمبر:174/289</strong></p>","<div class=""gdlr-core-text-box-item-content"" style=""text-transform: none ;""><h3 style=""text-align: right;""><strong>مرض کی وجہ سے روزہ نہ رکھنے والے امام کا تراویح پڑھانا</strong></h3>
<h4 style=""text-align: right;"">سوال</h4>
<p style=""text-align: justify;"">کیا فرماتے ہیں مفتیان کرام اس مسئلہ کے بارے میں کہ کوئی حافظ مریض ہو اور مرض کی وجہ سے روزہ نہیں رکھ سکتا، تو کیا یہ حافظ تراویح پڑھا سکتا ہے یا نہیں؟</p>
<h4 style=""text-align: right;"">جواب</h4>
<p style=""text-align: justify;"">اگر مرض ایسا ہو جس کی وجہ سے اس کو روزہ چھوڑنا جائز ہے، تو اس صورت میں چوں کہ شریعت نے اس کو معذور قرار دیا ہے وہ گنہگار نہیں ہے، لہذا اس کے لیے تراویح پڑھانا جائز ہے، اگر بغیر عذر کے روزے نہیں رکھتا ہے، تو اس صورت میں وہ فاسق ہے اور فاسق کے پیچھے تراویح پڑھنا جائز نہیں ہے۔</p>
<p style=""text-align: justify;""><code><strong>وفي تفسیر القرآن العظیم:</strong></code><br/><code>فقال :«فمن کان منکم مریضا أو علی سفر فعدۃ من أیام أخر» أي المریض والمسافر لا یصومان في حال المرض والسفر؛ لما في ذلک من المشقۃ علیھما بل یفطران ویقضیان بعد ذلک من أیام أخر‘‘.(سورۃ البقرۃ، [رقم الآیۃ: ١٨٤] ١/ ٢٩٠: دار السلام).</code>فقط.واللہ تعالیٰ أعلم بالصواب.<br/><strong>دارالافتاء جامعہ فاروقیہ کراچی</strong><br/><strong>فتویٰ نمبر:174/289</strong></p>
</div>",farooqia.com
https://www.farooqia.com/course/%da%86%d8%a7%d8%b1-%d8%a7%d9%84%da%af-%d8%a7%d9%84%da%af-%d8%b1%d9%85%d8%b6%d8%a7%d9%86%d9%88%da%ba-%d9%85%db%8c%da%ba-%d8%a8%d8%ba%db%8c%d8%b1-%da%a9%d8%b3%db%8c-%d8%b9%d8%b0%d8%b1%da%a9%db%92%d8%b1/,چار الگ الگ رمضانوں میں بغیر کسی عذرکےروزہ توڑنے کاحکم,176/87,"<p style=""text-align: justify;"">کیا فرماتے ہیں مفتیان کرام اس مسئلہ کے بارے میں کہ  ایک آدمی قصداً رمضان کے مہینے میں بغیر کسی عذر کےرمضان کا روزہ توڑ دے ، اور تین مرتبہ رمضان میں روزے کی حالت میں بدکاری(زنا)کرے،تو کیا اس پر کفارہ ہوگا یا نہیں؟ اور کفارے میں پیسے دے سکتا ہے یا نہیں؟ اگر دے سکتا ہے ،تو کیا سارے ایک شخص کو دینا جائز ہے کہ نہیں؟<br/><strong>وضاحت: </strong><strong>٢٥ سال عمر ہے، تین مرتبہ بدکاری تین سال کے الگ الگ رمضان کے مہینے میں کی ہے۔</strong></p>","<p style=""text-align: justify;"">کسی عذر کے بغیر قصداً رمضان کا روزہ توڑنے سے قضاء اور کفارہ دونوں واجب ہوتے ہیں، صورت مسئولہ میں اس شخص نے الگ الگ رمضانوں کے چوں کہ چار روزے توڑے ہیں، تو لہذا اس پر چار کفارے لازم ہوں گے، کفارہ یہ ہے کہ ہر روزے کے بدلے دو مہینے مسلسل روزے رکھے، اگر ضعف یا مرض کی وجہ سے روزے نہ رکھ سکے، تو ساٹھ غریبوں کو دو وقت کا کھانا کھلائے، چاہے ایک دن دو وقت کھلائے، چاہے ایک غریب کو دو وقت ساٹھ روز تک کھانا کھلائے، چاہے ساٹھ غریبوں کو کھانا دے دے ہر ایک کو صدقۃ الفطر کے برابر یا اس کی قیمت دے دے، البتہ اگر ساٹھ غریبوں کو دینے کے بجائے ایک غریب کو دیدیا، تو کفارہ ادا نہیں ہوگا، مگر یہ کہ ساٹھ روز دے دے۔<br/><strong><code>لما في التنویر مع الرد:</code></strong><br/><code>’’وإن جامع أو جومع في أحد السبیلین أو أکل أو شرب غذاء أو دواء عمدا....... قضی وکفر ککفارۃ الظھار‘‘.</code><br/><code>’’(<strong>قولہ</strong>: ککفارۃ الظھار) أي مثلھا في الترتیب فیعتق أولا، فإن لم یجد صام شھرین متتابعین، فإن لم یستطع أطعم ستین مسکینا‘‘.(کتاب الصوم، باب ما یفسد الصوم وما لا یفسدہ، مطلب في الکفارۃ: ٣/ ٤٤٢-٤٤٧:رشیدیۃ)</code><br/><strong><code>وفي البحر الرائق:</code></strong><br/><code>’’ولو جامع في رمضانین فعلیہ کفارتان وإن لم یکفر للأولی في ظاھر الروایۃ وھو الصحیح‘‘.(کتاب الصوم، باب ما یفسد الصوم وما لا یفسدہ، ٢/ ٢٨٤:رشیدیۃ)</code><br/><strong><code>وفي الھندیۃ:</code></strong><br/><code>’’لو أعطی عن کفارۃ ظھارہ مسکینا واحدا ستین یوما، کل یوم نصف صاع، جاز کذا في (الفتاوی السراجیۃ) ولو أعطی مسکینا واحدا کلہ في یوم واحد، لا یجزیہ إلا عن یومہ ذلک‘‘.(کتاب الطلاق، الباب العاشر في الکفارۃ، ١/ ٥٦٩:دار الفکر).</code>فقط.واللہ تعالیٰ اعلم بالصواب.<br/><strong>دارالافتاء جامعہ فاروقیہ کراچی</strong><br/><strong>فتویٰ نمبر:87/ 176</strong></p>","<div class=""gdlr-core-text-box-item-content"" style=""text-transform: none ;""><h3 style=""text-align: right;""><strong>چار الگ الگ رمضانوں میں بغیر کسی عذرکےروزہ توڑنے کاحکم</strong></h3>
<h4 style=""text-align: right;"">سوال</h4>
<p style=""text-align: justify;"">کیا فرماتے ہیں مفتیان کرام اس مسئلہ کے بارے میں کہ  ایک آدمی قصداً رمضان کے مہینے میں بغیر کسی عذر کےرمضان کا روزہ توڑ دے ، اور تین مرتبہ رمضان میں روزے کی حالت میں بدکاری(زنا)کرے،تو کیا اس پر کفارہ ہوگا یا نہیں؟ اور کفارے میں پیسے دے سکتا ہے یا نہیں؟ اگر دے سکتا ہے ،تو کیا سارے ایک شخص کو دینا جائز ہے کہ نہیں؟<br/><strong>وضاحت: </strong><strong>٢٥ سال عمر ہے، تین مرتبہ بدکاری تین سال کے الگ الگ رمضان کے مہینے میں کی ہے۔</strong></p>
<h4 style=""text-align: right;"">جواب</h4>
<p style=""text-align: justify;"">کسی عذر کے بغیر قصداً رمضان کا روزہ توڑنے سے قضاء اور کفارہ دونوں واجب ہوتے ہیں، صورت مسئولہ میں اس شخص نے الگ الگ رمضانوں کے چوں کہ چار روزے توڑے ہیں، تو لہذا اس پر چار کفارے لازم ہوں گے، کفارہ یہ ہے کہ ہر روزے کے بدلے دو مہینے مسلسل روزے رکھے، اگر ضعف یا مرض کی وجہ سے روزے نہ رکھ سکے، تو ساٹھ غریبوں کو دو وقت کا کھانا کھلائے، چاہے ایک دن دو وقت کھلائے، چاہے ایک غریب کو دو وقت ساٹھ روز تک کھانا کھلائے، چاہے ساٹھ غریبوں کو کھانا دے دے ہر ایک کو صدقۃ الفطر کے برابر یا اس کی قیمت دے دے، البتہ اگر ساٹھ غریبوں کو دینے کے بجائے ایک غریب کو دیدیا، تو کفارہ ادا نہیں ہوگا، مگر یہ کہ ساٹھ روز دے دے۔<br/><strong><code>لما في التنویر مع الرد:</code></strong><br/><code>’’وإن جامع أو جومع في أحد السبیلین أو أکل أو شرب غذاء أو دواء عمدا....... قضی وکفر ککفارۃ الظھار‘‘.</code><br/><code>’’(<strong>قولہ</strong>: ککفارۃ الظھار) أي مثلھا في الترتیب فیعتق أولا، فإن لم یجد صام شھرین متتابعین، فإن لم یستطع أطعم ستین مسکینا‘‘.(کتاب الصوم، باب ما یفسد الصوم وما لا یفسدہ، مطلب في الکفارۃ: ٣/ ٤٤٢-٤٤٧:رشیدیۃ)</code><br/><strong><code>وفي البحر الرائق:</code></strong><br/><code>’’ولو جامع في رمضانین فعلیہ کفارتان وإن لم یکفر للأولی في ظاھر الروایۃ وھو الصحیح‘‘.(کتاب الصوم، باب ما یفسد الصوم وما لا یفسدہ، ٢/ ٢٨٤:رشیدیۃ)</code><br/><strong><code>وفي الھندیۃ:</code></strong><br/><code>’’لو أعطی عن کفارۃ ظھارہ مسکینا واحدا ستین یوما، کل یوم نصف صاع، جاز کذا في (الفتاوی السراجیۃ) ولو أعطی مسکینا واحدا کلہ في یوم واحد، لا یجزیہ إلا عن یومہ ذلک‘‘.(کتاب الطلاق، الباب العاشر في الکفارۃ، ١/ ٥٦٩:دار الفکر).</code>فقط.واللہ تعالیٰ اعلم بالصواب.<br/><strong>دارالافتاء جامعہ فاروقیہ کراچی</strong><br/><strong>فتویٰ نمبر:87/ 176</strong></p>
</div>",farooqia.com
https://www.farooqia.com/course/%d8%b1%d9%88%d8%b2%db%81-%da%a9%db%8c-%d8%ad%d8%a7%d9%84%d8%aa-%d9%85%db%8c%da%ba-%d8%a8%db%8c%d9%88%db%8c-%d8%b3%db%92-%d8%a8%d9%88%d8%b3-%d9%88-%da%a9%d9%86%d8%a7%d8%b1%da%a9%d8%b1%d9%86%db%92/,روزہ کی حالت میں بیوی سے بوس و کنارکرنے کا حکم,0123456790,<p>کیا فرماتے ہیں علما ئے کرام مندرجہ ذیل مسئلہ کے بارے میں کہ روزہ دار اگر اپنی بیوی سے بوس وکنار کرے، اس سے انزال ہو جائے تو اس کا روزہ باقی رہے گا یا نہیں؟</p>,"<p>اس صورت میں صرف قضا اس روزے کی لازم ہوتی ہے ۔ کفارہ واجب نہیں ۔</p><p><code>’’أو قبل ولو قبلۃ فاحشۃ بأن یدغدغ أو یمص شفتیہا أو لمس ولو بحائل لا یمنع الحرارۃ فأنزل قید للکل حتی لو لم ینزل لم یفطر….قضی في الصور کلھا فقط‘‘. (الدر المختار، کتاب الصوم، باب مایفسد الصوم ومالا یفسدہ:۲/۴۰۴،۴۰۶،سعید).</code><br/>
<code>(وکذا في الھدایۃ،کتاب الصوم،باب ما یوجب القضاء والکفارۃ:۱/۲۱۷،شرکۃ علمیۃ)</code>.فقط واللہ اعلم بالصواب</p><p><strong>دارالافتاء جامعہ فاروقیہ کراچی</strong></p>","<div class=""gdlr-core-text-box-item-content"" style=""text-transform: none ;""><h3 style=""text-align: right;"">روزہ کی حالت میں بیوی سے بوس و کنارکرنے کا حکم</h3>
<h4 style=""text-align: right;"">سوال</h4>
<p>کیا فرماتے ہیں علما ئے کرام مندرجہ ذیل مسئلہ کے بارے میں کہ روزہ دار اگر اپنی بیوی سے بوس وکنار کرے، اس سے انزال ہو جائے تو اس کا روزہ باقی رہے گا یا نہیں؟</p>
<h4 style=""text-align: right;"">جواب</h4>
<p>اس صورت میں صرف قضا اس روزے کی لازم ہوتی ہے ۔ کفارہ واجب نہیں ۔</p>
<p><code>’’أو قبل ولو قبلۃ فاحشۃ بأن یدغدغ أو یمص شفتیہا أو لمس ولو بحائل لا یمنع الحرارۃ فأنزل قید للکل حتی لو لم ینزل لم یفطر….قضی في الصور کلھا فقط‘‘. (الدر المختار، کتاب الصوم، باب مایفسد الصوم ومالا یفسدہ:۲/۴۰۴،۴۰۶،سعید).</code><br/>
<code>(وکذا في الھدایۃ،کتاب الصوم،باب ما یوجب القضاء والکفارۃ:۱/۲۱۷،شرکۃ علمیۃ)</code>.فقط واللہ اعلم بالصواب</p>
<p><strong>دارالافتاء جامعہ فاروقیہ کراچی</strong></p>
</div>",farooqia.com
