link,title,question,answer,issued_at,fatwa_number,dar_ul_ifta,category_lvl_1,category_lvl_2,category_lvl_3,html_container
https://onlinefatawa.com/view_fatwa_unicode/70986,امام صاحب کو  بطور  اجرت زکوۃ  اور فطرانہ  کی رقم دینا,"<p class=""text-justify urdu resizable"">السلام علیکم ورحمۃ اللہ وبرکاتہ! کیا فرماتے ہیں مفتیانِ کرام اس مسئلہ کے بارے میں کہ ہماری مسجد میں جو قاری صاحب  ہمیں نماز پڑھاتے ہیں  اور بچوں کو سبق پڑھاتے ہیں ، ہم ان کو بطورِ اجرت عشر وزکوۃ اور فطرانہ دیتے ہیں، کیا یہ جائز ہے؟ </p>","<h5 class=""text-center amiri""> <strong> الجوابُ  حامِدا ًو مُصلیِّا ً   </strong></h5><p class=""text-justify urdu resizable""> واضح ہوکہ مستحق کو زکوٰۃ کی رقم بطورِ اجرت دینا شرعاً جائز نہیں اور اس سے اصل  مالکان کی زکوٰۃ  بھی ا دا نہ ہوگی، لہذا صورت ِ مسئولہ میں سائل اور اہلِ محلہ کا موصوف قاری صاحب کو ان کی اجرت کی مد میں زکوٰۃ اور عشر وغیرہ دینا شرعاً جائز نہیں اور اب تک جتنی رقم ان کو اس طرح دی جاچکی ہے، وہ درست نہیں ہوئی، بلکہ اتنی رقم بطورِ زکوٰۃ وغیرہ دوبارہ ادا کرنا شرعاً لازم ہے،جبکہ اہلِ محلہ اور مسجد کمیٹی کو چاہیئے کہ مذکور قاری صاحب کیلئے باقاعدہ کوئی معقول تنخواہ مقرر کریں، اور ان کی تنخواہ کی مد میں زکوٰۃ کی رقم شامل نہ کریں، البتہ تنخواہ کے علاوہ اگر اہلِ محلہ ان کو اپنی زکوٰۃ وغیرہ دینا چاہیں ، تو دے سکتے ہیں، بشرطیکہ وہ واقعۃً مستحق ہو۔<br>
</br></p><h5 class=""text-center amiri""> <strong>  مأخَذُ الفَتوی   </strong></h5><p class=""text-justify hawala amiri resizable""> کما قال اللہ تعالی: إِنَّمَا الصَّدَقَاتُ لِلْفُقَرَاءِ وَالْمَسَاكِينِ وَالْعَامِلِينَ عَلَيْهَا وَالْمُؤَلَّفَةِ قُلُوبُهُمْ وَفِي الرِّقَابِ وَالْغَارِمِينَ وَفِي سَبِيلِ اللَّهِ وَابْنِ السَّبِيلِ الآیۃ (آیتـ 60 سورۃ التوبۃ)<br>
وفی بدائع الصنائع: وکما لا یجوز صرف الزکاۃ إلی الغنی لا یجوز صرف جمیع الصدقات المفروضۃ والواجبۃ إلیہ کالعشر والکفارات والنذور وصدقۃ الفطر لعموم قولہ تعالی انما الصداقات للفقراء وقول النبی ﷺ لا تحل الصدقۃ لغنی ولان الصدقۃ مال تمکن فیہ الخبیث لکونہ غسالۃ الناس لحصول الطھارۃ لھم بہ من الذنوب الخ (کتاب الزکاۃ فصل وأما الذی یرجع إلی المؤدی إلیہ ج2 صـ 47 ط: سعید)<br/>
وفی الھندیۃ: ولو نوی الزکاۃ بما یدفع المعلم إلی الخلیفہ، ولم یستأجرہ إن کان الخلیفۃ بحال لولم یدفعہ یعلم الصبیان آیضاً أجزأہ، وإلا فلا الخ (کتاب الزکاۃ الباب السابع من المصارف ج 1 صـ 190 ط:ماجدیۃ) <br/>
</br></p><div class=""ftw-writer amiri"">
<div class=""row"">
<div class=""col-md-8 col-sm-8 col-lg-8""></div>
<div class=""col-md-4 col-sm-4 col-lg-4 text-center"">
                                                            واللہ تعالی اعلم بالصواب  <br/><a href=""https://onlinefatawa.com/fatawa/writer_profile/540"">محمد کریم یعقوب </a> عُفی  عنه  <br/> دار الافتاء جامعه بنوریه عالمیه                                                          <br/>
<a class=""text-center print-only"" href=""https://onlinefatawa.com/view_fatwa_unicode/70986""> فتوی  نمبر   70986کی تصدیق کریں  </a>
</div>
<div class=""col-md-1 col-sm-1""></div>
</div>
</div>",2024-02-17,70986,onlinefatawa.com,عبادات , زکوۃ و صدقات , مصارف زکوۃ و صدقات,"<div class=""col-md-8"">
<div class=""card"">
<div class=""card-body"">
<div class=""d-flex justify-content-between align-items-center screen-only"">
<div class=""col-auto"">
<div class=""lbl amiri""> فتوی   نمبر : </div>
<div class=""txt robotolight"">70986</div>
<div class=""lbl mobile""> |  تاریخ :  </div>
<div class=""txt robotolight mobile"">2024-02-17</div>
</div>
<div class=""col-auto"">
<div aria-label="""" class=""btn-group me-2"" role=""group"">
<button class=""btn btn-secondary increase"" type=""button"">+</button>
<button class=""btn btn-secondary reset"" type=""button"">Aa</button>
<button class=""btn btn-secondary decrease"" type=""button"">-</button>
</div>
</div>
</div>
</div>
</div>
<div class=""urdu text-center print-only"">
<img alt=""Online Fatwa Darulifta Binoria"" class=""img-responsive logo"" src=""https://onlinefatawa.com/assets/images/Binoria_Logo.png"" style=""max-width: 150px;"" title=""Darulifta Binoria""/>
<br/> <span class=""amiri""> فتوی  نمبر : </span><span class=""robotolight""> 70986</span>
<br/>امام صاحب کو  بطور  اجرت زکوۃ  اور فطرانہ  کی رقم دینا                 </div>
<div class=""eight"">
<h6 class=""kufi fs-sm"">
                        عبادات / زکوۃ و صدقات / مصارف زکوۃ و صدقات                    </h6>
</div>
<h3 class=""text-center text-danger screen-only urdu-heading mx-4 my-2"">امام صاحب کو  بطور  اجرت زکوۃ  اور فطرانہ  کی رقم دینا </h3>
<p class=""text-justify urdu resizable"">السلام علیکم ورحمۃ اللہ وبرکاتہ! کیا فرماتے ہیں مفتیانِ کرام اس مسئلہ کے بارے میں کہ ہماری مسجد میں جو قاری صاحب  ہمیں نماز پڑھاتے ہیں  اور بچوں کو سبق پڑھاتے ہیں ، ہم ان کو بطورِ اجرت عشر وزکوۃ اور فطرانہ دیتے ہیں، کیا یہ جائز ہے؟ </p>
<h5 class=""text-center amiri""> <strong> الجوابُ  حامِدا ًو مُصلیِّا ً   </strong></h5>
<p class=""text-justify urdu resizable""> واضح ہوکہ مستحق کو زکوٰۃ کی رقم بطورِ اجرت دینا شرعاً جائز نہیں اور اس سے اصل  مالکان کی زکوٰۃ  بھی ا دا نہ ہوگی، لہذا صورت ِ مسئولہ میں سائل اور اہلِ محلہ کا موصوف قاری صاحب کو ان کی اجرت کی مد میں زکوٰۃ اور عشر وغیرہ دینا شرعاً جائز نہیں اور اب تک جتنی رقم ان کو اس طرح دی جاچکی ہے، وہ درست نہیں ہوئی، بلکہ اتنی رقم بطورِ زکوٰۃ وغیرہ دوبارہ ادا کرنا شرعاً لازم ہے،جبکہ اہلِ محلہ اور مسجد کمیٹی کو چاہیئے کہ مذکور قاری صاحب کیلئے باقاعدہ کوئی معقول تنخواہ مقرر کریں، اور ان کی تنخواہ کی مد میں زکوٰۃ کی رقم شامل نہ کریں، البتہ تنخواہ کے علاوہ اگر اہلِ محلہ ان کو اپنی زکوٰۃ وغیرہ دینا چاہیں ، تو دے سکتے ہیں، بشرطیکہ وہ واقعۃً مستحق ہو۔<br>
</br></p>
<h5 class=""text-center amiri""> <strong>  مأخَذُ الفَتوی   </strong></h5>
<p class=""text-justify hawala amiri resizable""> کما قال اللہ تعالی: إِنَّمَا الصَّدَقَاتُ لِلْفُقَرَاءِ وَالْمَسَاكِينِ وَالْعَامِلِينَ عَلَيْهَا وَالْمُؤَلَّفَةِ قُلُوبُهُمْ وَفِي الرِّقَابِ وَالْغَارِمِينَ وَفِي سَبِيلِ اللَّهِ وَابْنِ السَّبِيلِ الآیۃ (آیتـ 60 سورۃ التوبۃ)<br>
وفی بدائع الصنائع: وکما لا یجوز صرف الزکاۃ إلی الغنی لا یجوز صرف جمیع الصدقات المفروضۃ والواجبۃ إلیہ کالعشر والکفارات والنذور وصدقۃ الفطر لعموم قولہ تعالی انما الصداقات للفقراء وقول النبی ﷺ لا تحل الصدقۃ لغنی ولان الصدقۃ مال تمکن فیہ الخبیث لکونہ غسالۃ الناس لحصول الطھارۃ لھم بہ من الذنوب الخ (کتاب الزکاۃ فصل وأما الذی یرجع إلی المؤدی إلیہ ج2 صـ 47 ط: سعید)<br/>
وفی الھندیۃ: ولو نوی الزکاۃ بما یدفع المعلم إلی الخلیفہ، ولم یستأجرہ إن کان الخلیفۃ بحال لولم یدفعہ یعلم الصبیان آیضاً أجزأہ، وإلا فلا الخ (کتاب الزکاۃ الباب السابع من المصارف ج 1 صـ 190 ط:ماجدیۃ) <br/>
</br></p>
<div class=""ftw-writer amiri"">
<div class=""row"">
<div class=""col-md-8 col-sm-8 col-lg-8""></div>
<div class=""col-md-4 col-sm-4 col-lg-4 text-center"">
                                                            واللہ تعالی اعلم بالصواب  <br/><a href=""https://onlinefatawa.com/fatawa/writer_profile/540"">محمد کریم یعقوب </a> عُفی  عنه  <br/> دار الافتاء جامعه بنوریه عالمیه                                                          <br/>
<a class=""text-center print-only"" href=""https://onlinefatawa.com/view_fatwa_unicode/70986""> فتوی  نمبر   70986کی تصدیق کریں  </a>
</div>
<div class=""col-md-1 col-sm-1""></div>
</div>
</div>
<div class=""row my-4 screen-only"">
<div class=""col-7 fs-sm"">
<a class=""my-twit link-info"" data-show-count=""false"" href=""https://twitter.com/share?ref_src=twsrc%5Etfw""><i class=""fab fa-twitter""></i></a> | 
                        <a class=""fb-xfbml-parse-ignore link-primary"" href=""https://www.facebook.com/sharer/sharer.php?u=https%3A%2F%2Fwww.onlinefatawa.com/view_fatwa_unicode/70986%2F&amp;src=sdkpreparse"" target=""_blank""><i class=""fab fa-facebook""></i></a> |
                        <a class=""link-success"" data-action=""share/whatsapp/share"" href=""whatsapp://send?text=https://onlinefatawa.com/view_fatwa_unicode/70986""> <i class=""fab fa-whatsapp""></i></a> |
                        <a class=""link-secondary"" onclick=""window.print()"" title=""Print this Fatwa"" type=""button""><i class=""fa fa-print""></i></a> |     
                        <span class=""amiri fs-sm"">
<a class=""link-danger"" href=""https://onlinefatawa.com/view_fatwa_unicode/70986/امام-صاحب-کو--بطور--اجرت-زکوۃ--اور-فطرانہ--کی-رقم-دینا-""> یونیکوڈ   </a>|
                                                                                                            </span>
</div>
<div class=""col-5"">
<div class=""text-start fs-sm"">
<a class=""like-link link-info"" onclick=""savelike(70986);"">
<i class=""far fa-thumbs-up"" id=""like-icon""></i>
</a>
<span id=""70986"">0</span>    
                            <i class=""far fa-eye""></i> 225                        </div>
</div>
</div>
</div>"
https://onlinefatawa.com/view_fatwa_unicode/70458,مسجد کے لئے وقف شدہ زمین کی خرید و فروخت کا حکم,"<p class=""text-justify urdu resizable"">کیا مسجد کےلئے وقف شدہ زمین کو بیچا جاسکتا ہے؟</p>","<h5 class=""text-center amiri""> <strong> الجوابُ  حامِدا ًو مُصلیِّا ً   </strong></h5><p class=""text-justify urdu resizable""> واضح ہو کہ  جب مسجد کے لئے کوئی زمین وقف کردی جائے  اور اس پر ایک دفعہ اذان و اقامت کے ساتھ باجماعت  نماز ادا کرلی جائے تو وہ زمین مسجدِ شرعی بن جاتی ہے ، لہٰذا مسجدِ شرعی کی خرید وفروخت  کسی بھی صورت میں شرعاً جائز نہیں، اس سے بہرصورت  احتراز لازم ہے ۔  </p><h5 class=""text-center amiri""> <strong>  مأخَذُ الفَتوی   </strong></h5><p class=""text-justify hawala amiri resizable""> کما فی الدر المختار: ( فإذا تم و لزم لا یملک ولا یملک ولا یعار ولا یرھن ) الخ <br>
و فی رد المحتار تحت ( قولہ: لا یملک ) أی لا یکون مملوکاً لصاحبہ ولا یملک أی لا یقبل التملیک لغیرہ بالبیع الخ ( کتاب الوقف ج ۴ ص ۳۵۲ ط: سعید )۔ <br>
</br></br></p><div class=""ftw-writer amiri"">
<div class=""row"">
<div class=""col-md-8 col-sm-8 col-lg-8""></div>
<div class=""col-md-4 col-sm-4 col-lg-4 text-center"">
                                                            واللہ تعالی اعلم بالصواب  <br/><a href=""https://onlinefatawa.com/fatawa/writer_profile/544"">محمد مبارز الیاس </a> عُفی  عنه  <br/> دار الافتاء جامعه بنوریه عالمیه                                                          <br/>
<a class=""text-center print-only"" href=""https://onlinefatawa.com/view_fatwa_unicode/70458""> فتوی  نمبر   70458کی تصدیق کریں  </a>
</div>
<div class=""col-md-1 col-sm-1""></div>
</div>
</div>",2024-01-21,70458,onlinefatawa.com,عبادات , احکام مسجد , حقوق مسجد,"<div class=""col-md-8"">
<div class=""card"">
<div class=""card-body"">
<div class=""d-flex justify-content-between align-items-center screen-only"">
<div class=""col-auto"">
<div class=""lbl amiri""> فتوی   نمبر : </div>
<div class=""txt robotolight"">70458</div>
<div class=""lbl mobile""> |  تاریخ :  </div>
<div class=""txt robotolight mobile"">2024-01-21</div>
</div>
<div class=""col-auto"">
<div aria-label="""" class=""btn-group me-2"" role=""group"">
<button class=""btn btn-secondary increase"" type=""button"">+</button>
<button class=""btn btn-secondary reset"" type=""button"">Aa</button>
<button class=""btn btn-secondary decrease"" type=""button"">-</button>
</div>
</div>
</div>
</div>
</div>
<div class=""urdu text-center print-only"">
<img alt=""Online Fatwa Darulifta Binoria"" class=""img-responsive logo"" src=""https://onlinefatawa.com/assets/images/Binoria_Logo.png"" style=""max-width: 150px;"" title=""Darulifta Binoria""/>
<br/> <span class=""amiri""> فتوی  نمبر : </span><span class=""robotolight""> 70458</span>
<br/>مسجد کے لئے وقف شدہ زمین کی خرید و فروخت کا حکم                </div>
<div class=""eight"">
<h6 class=""kufi fs-sm"">
                        عبادات / احکام مسجد / حقوق مسجد                    </h6>
</div>
<h3 class=""text-center text-danger screen-only urdu-heading mx-4 my-2"">مسجد کے لئے وقف شدہ زمین کی خرید و فروخت کا حکم</h3>
<p class=""text-justify urdu resizable"">کیا مسجد کےلئے وقف شدہ زمین کو بیچا جاسکتا ہے؟</p>
<h5 class=""text-center amiri""> <strong> الجوابُ  حامِدا ًو مُصلیِّا ً   </strong></h5>
<p class=""text-justify urdu resizable""> واضح ہو کہ  جب مسجد کے لئے کوئی زمین وقف کردی جائے  اور اس پر ایک دفعہ اذان و اقامت کے ساتھ باجماعت  نماز ادا کرلی جائے تو وہ زمین مسجدِ شرعی بن جاتی ہے ، لہٰذا مسجدِ شرعی کی خرید وفروخت  کسی بھی صورت میں شرعاً جائز نہیں، اس سے بہرصورت  احتراز لازم ہے ۔  </p>
<h5 class=""text-center amiri""> <strong>  مأخَذُ الفَتوی   </strong></h5>
<p class=""text-justify hawala amiri resizable""> کما فی الدر المختار: ( فإذا تم و لزم لا یملک ولا یملک ولا یعار ولا یرھن ) الخ <br>
و فی رد المحتار تحت ( قولہ: لا یملک ) أی لا یکون مملوکاً لصاحبہ ولا یملک أی لا یقبل التملیک لغیرہ بالبیع الخ ( کتاب الوقف ج ۴ ص ۳۵۲ ط: سعید )۔ <br>
</br></br></p>
<div class=""ftw-writer amiri"">
<div class=""row"">
<div class=""col-md-8 col-sm-8 col-lg-8""></div>
<div class=""col-md-4 col-sm-4 col-lg-4 text-center"">
                                                            واللہ تعالی اعلم بالصواب  <br/><a href=""https://onlinefatawa.com/fatawa/writer_profile/544"">محمد مبارز الیاس </a> عُفی  عنه  <br/> دار الافتاء جامعه بنوریه عالمیه                                                          <br/>
<a class=""text-center print-only"" href=""https://onlinefatawa.com/view_fatwa_unicode/70458""> فتوی  نمبر   70458کی تصدیق کریں  </a>
</div>
<div class=""col-md-1 col-sm-1""></div>
</div>
</div>
<div class=""row my-4 screen-only"">
<div class=""col-7 fs-sm"">
<a class=""my-twit link-info"" data-show-count=""false"" href=""https://twitter.com/share?ref_src=twsrc%5Etfw""><i class=""fab fa-twitter""></i></a> | 
                        <a class=""fb-xfbml-parse-ignore link-primary"" href=""https://www.facebook.com/sharer/sharer.php?u=https%3A%2F%2Fwww.onlinefatawa.com/view_fatwa_unicode/70458%2F&amp;src=sdkpreparse"" target=""_blank""><i class=""fab fa-facebook""></i></a> |
                        <a class=""link-success"" data-action=""share/whatsapp/share"" href=""whatsapp://send?text=https://onlinefatawa.com/view_fatwa_unicode/70458""> <i class=""fab fa-whatsapp""></i></a> |
                        <a class=""link-secondary"" onclick=""window.print()"" title=""Print this Fatwa"" type=""button""><i class=""fa fa-print""></i></a> |     
                        <span class=""amiri fs-sm"">
<a class=""link-danger"" href=""https://onlinefatawa.com/view_fatwa_unicode/70458/مسجد-کے-لئے-وقف-شدہ-زمین-کی-خرید-و-فروخت-کا-حکم""> یونیکوڈ   </a>|
                                                                                                            </span>
</div>
<div class=""col-5"">
<div class=""text-start fs-sm"">
<a class=""like-link link-info"" onclick=""savelike(70458);"">
<i class=""far fa-thumbs-up"" id=""like-icon""></i>
</a>
<span id=""70458"">0</span>    
                            <i class=""far fa-eye""></i> 527                        </div>
</div>
</div>
</div>"
https://onlinefatawa.com/view_fatwa_unicode/71517,محلہ کی مسجد چھوڑ کر دوسرے مسجد میں  عشاءو  تراویح  پڑھنا,"<p class=""text-justify urdu resizable"">کیا فرماتے ہیں مفتیانِ کرام اس مسئلہ کے بارے میں کہ ہمارے  محلہ میں ایک مسجد ہے، جس میں جمعہ کے علاوہ باقی نمازیں جماعت کے ساتھ ہوتی ہے، اور رمضان میں عشاء کی نماز اور  تراویح بھی نہیں ہوتی، تو اس محلہ کے لوگ تراویح کے لیے  دوسری جگہ جامع مسجد جاتے ہیں، اس کی وجہ سے رمضان میں محلہ کی مسجد میں  عشاء کی نماز ادا نہیں ہوتی، اس حوالے شرعی حکم کیا ہے؟اور اس جامع مسجد کے نمازی بہت کم ہے، اگر یہ لوگ وہاں نہیں جائیں گے تو وہاں کی جماعت پر اچھا خاصہ اثر پڑےگا، تو کیا ایسی کوئی شرعی اجازت ہے کہ ایک مسجد کی آبادی کے لیے  سفر کرے اور دوسری مسجد ویران کرے؟ اور وہ جامع مسجد بریلویوں کی ہے، اور اس محلے کے لوگ متوسط ذہن کے ہیں، تو اگر میں رمضان میں تراویح پڑھانے کے لیے کوئی دیوبندی قاری کو مقرر کروں تو اُن لوگوں  پر کا م بھی کیا جا سکتا ہے؟</p>","<h5 class=""text-center amiri""> <strong> الجوابُ  حامِدا ًو مُصلیِّا ً   </strong></h5><p class=""text-justify urdu resizable""> واضح ہو کہ محلہ کی مسجد کو آباد کرنا اہلِ محلہ کی ذمہ داری ہے اور اسی وجہ سے اہلِ محلہ کے لیے اپنے محلہ کی مسجد میں نماز پڑھنا افضل ہے، لہٰذا سوال میں مذکور اہلِ محلہ پر لازم ہے کہ دیگر نمازوں کی طرح رمضان میں عشاء کی نماز اور تراویح بھی اپنی مسجد میں ادا کرنے کا اہتمام کریں تاکہ دوسری مسجد میں نمازیوں کی تعداد بڑھانے کے سبب اپنے محلے کی مسجد میں عشاء کی نماز اور تراویح کو ترک کرنا لازم نہ آئے۔ </p><h5 class=""text-center amiri""> <strong>  مأخَذُ الفَتوی   </strong></h5><p class=""text-justify hawala amiri resizable""> کما في خلاصة الفتاویٰ: رجل يصلي في الجامع لكثرة الجمع ولايصلي في مسجد حيه فإنه يصلي في مسجد منزله و إن كان قومه أقل، وإن لم يكن لمسجد منزله مؤذن فإنه يؤذن ويصلي ... فالأفضل أن يصلي في مسجده ولا يذهب إلي مسجد آخر. (ج: 1، ص:228، ط: المکتبة الرشیدیة) </p><div class=""ftw-writer amiri"">
<div class=""row"">
<div class=""col-md-8 col-sm-8 col-lg-8""></div>
<div class=""col-md-4 col-sm-4 col-lg-4 text-center"">
                                                            واللہ تعالی اعلم بالصواب  <br/><a href=""https://onlinefatawa.com/fatawa/writer_profile/295"">حنیف اللہ خليل </a> عُفی  عنه  <br/> دار الافتاء جامعه بنوریه عالمیه                                                          <br/>
<a class=""text-center print-only"" href=""https://onlinefatawa.com/view_fatwa_unicode/71517""> فتوی  نمبر   71517کی تصدیق کریں  </a>
</div>
<div class=""col-md-1 col-sm-1""></div>
</div>
</div>",2024-03-16,71517,onlinefatawa.com,عبادات , روزہ و رمضان , تراویح,"<div class=""col-md-8"">
<div class=""card"">
<div class=""card-body"">
<div class=""d-flex justify-content-between align-items-center screen-only"">
<div class=""col-auto"">
<div class=""lbl amiri""> فتوی   نمبر : </div>
<div class=""txt robotolight"">71517</div>
<div class=""lbl mobile""> |  تاریخ :  </div>
<div class=""txt robotolight mobile"">0000-00-00</div>
</div>
<div class=""col-auto"">
<div aria-label="""" class=""btn-group me-2"" role=""group"">
<button class=""btn btn-secondary increase"" type=""button"">+</button>
<button class=""btn btn-secondary reset"" type=""button"">Aa</button>
<button class=""btn btn-secondary decrease"" type=""button"">-</button>
</div>
</div>
</div>
</div>
</div>
<div class=""urdu text-center print-only"">
<img alt=""Online Fatwa Darulifta Binoria"" class=""img-responsive logo"" src=""https://onlinefatawa.com/assets/images/Binoria_Logo.png"" style=""max-width: 150px;"" title=""Darulifta Binoria""/>
<br/> <span class=""amiri""> فتوی  نمبر : </span><span class=""robotolight""> 71517</span>
<br/>محلہ کی مسجد چھوڑ کر دوسرے مسجد میں  عشاءو  تراویح  پڑھنا                </div>
<div class=""eight"">
<h6 class=""kufi fs-sm"">
                        عبادات / روزہ و رمضان / تراویح                    </h6>
</div>
<h3 class=""text-center text-danger screen-only urdu-heading mx-4 my-2"">محلہ کی مسجد چھوڑ کر دوسرے مسجد میں  عشاءو  تراویح  پڑھنا</h3>
<p class=""text-justify urdu resizable"">کیا فرماتے ہیں مفتیانِ کرام اس مسئلہ کے بارے میں کہ ہمارے  محلہ میں ایک مسجد ہے، جس میں جمعہ کے علاوہ باقی نمازیں جماعت کے ساتھ ہوتی ہے، اور رمضان میں عشاء کی نماز اور  تراویح بھی نہیں ہوتی، تو اس محلہ کے لوگ تراویح کے لیے  دوسری جگہ جامع مسجد جاتے ہیں، اس کی وجہ سے رمضان میں محلہ کی مسجد میں  عشاء کی نماز ادا نہیں ہوتی، اس حوالے شرعی حکم کیا ہے؟اور اس جامع مسجد کے نمازی بہت کم ہے، اگر یہ لوگ وہاں نہیں جائیں گے تو وہاں کی جماعت پر اچھا خاصہ اثر پڑےگا، تو کیا ایسی کوئی شرعی اجازت ہے کہ ایک مسجد کی آبادی کے لیے  سفر کرے اور دوسری مسجد ویران کرے؟ اور وہ جامع مسجد بریلویوں کی ہے، اور اس محلے کے لوگ متوسط ذہن کے ہیں، تو اگر میں رمضان میں تراویح پڑھانے کے لیے کوئی دیوبندی قاری کو مقرر کروں تو اُن لوگوں  پر کا م بھی کیا جا سکتا ہے؟</p>
<h5 class=""text-center amiri""> <strong> الجوابُ  حامِدا ًو مُصلیِّا ً   </strong></h5>
<p class=""text-justify urdu resizable""> واضح ہو کہ محلہ کی مسجد کو آباد کرنا اہلِ محلہ کی ذمہ داری ہے اور اسی وجہ سے اہلِ محلہ کے لیے اپنے محلہ کی مسجد میں نماز پڑھنا افضل ہے، لہٰذا سوال میں مذکور اہلِ محلہ پر لازم ہے کہ دیگر نمازوں کی طرح رمضان میں عشاء کی نماز اور تراویح بھی اپنی مسجد میں ادا کرنے کا اہتمام کریں تاکہ دوسری مسجد میں نمازیوں کی تعداد بڑھانے کے سبب اپنے محلے کی مسجد میں عشاء کی نماز اور تراویح کو ترک کرنا لازم نہ آئے۔ </p>
<h5 class=""text-center amiri""> <strong>  مأخَذُ الفَتوی   </strong></h5>
<p class=""text-justify hawala amiri resizable""> کما في خلاصة الفتاویٰ: رجل يصلي في الجامع لكثرة الجمع ولايصلي في مسجد حيه فإنه يصلي في مسجد منزله و إن كان قومه أقل، وإن لم يكن لمسجد منزله مؤذن فإنه يؤذن ويصلي ... فالأفضل أن يصلي في مسجده ولا يذهب إلي مسجد آخر. (ج: 1، ص:228، ط: المکتبة الرشیدیة) </p>
<div class=""ftw-writer amiri"">
<div class=""row"">
<div class=""col-md-8 col-sm-8 col-lg-8""></div>
<div class=""col-md-4 col-sm-4 col-lg-4 text-center"">
                                                            واللہ تعالی اعلم بالصواب  <br/><a href=""https://onlinefatawa.com/fatawa/writer_profile/295"">حنیف اللہ خليل </a> عُفی  عنه  <br/> دار الافتاء جامعه بنوریه عالمیه                                                          <br/>
<a class=""text-center print-only"" href=""https://onlinefatawa.com/view_fatwa_unicode/71517""> فتوی  نمبر   71517کی تصدیق کریں  </a>
</div>
<div class=""col-md-1 col-sm-1""></div>
</div>
</div>
<div class=""row my-4 screen-only"">
<div class=""col-7 fs-sm"">
<a class=""my-twit link-info"" data-show-count=""false"" href=""https://twitter.com/share?ref_src=twsrc%5Etfw""><i class=""fab fa-twitter""></i></a> | 
                        <a class=""fb-xfbml-parse-ignore link-primary"" href=""https://www.facebook.com/sharer/sharer.php?u=https%3A%2F%2Fwww.onlinefatawa.com/view_fatwa_unicode/71517%2F&amp;src=sdkpreparse"" target=""_blank""><i class=""fab fa-facebook""></i></a> |
                        <a class=""link-success"" data-action=""share/whatsapp/share"" href=""whatsapp://send?text=https://onlinefatawa.com/view_fatwa_unicode/71517""> <i class=""fab fa-whatsapp""></i></a> |
                        <a class=""link-secondary"" onclick=""window.print()"" title=""Print this Fatwa"" type=""button""><i class=""fa fa-print""></i></a> |     
                        <span class=""amiri fs-sm"">
<a class=""link-danger"" href=""https://onlinefatawa.com/view_fatwa_unicode/71517/محلہ-کی-مسجد-چھوڑ-کر-دوسرے-مسجد-میں--عشاءو--تراویح--پڑھنا""> یونیکوڈ   </a>|
                                                                                                            </span>
</div>
<div class=""col-5"">
<div class=""text-start fs-sm"">
<a class=""like-link link-info"" onclick=""savelike(71517);"">
<i class=""far fa-thumbs-up"" id=""like-icon""></i>
</a>
<span id=""71517"">3</span>    
                            <i class=""far fa-eye""></i> 428                        </div>
</div>
</div>
</div>"
https://onlinefatawa.com/view_fatwa_unicode/71164,دوکان پر رکھے مال تجارت کی زکوٰۃ ادا کرنے کا آسان  طریقہ,"<p class=""text-justify urdu resizable"">کیا فرماتے ہیں مفتیانِ کرام و علمائے عظام اس مسئلہ کے بارے میں کہ ایک شخص کی دوکان ہے ، جس میں متعدد اشیاء رکھی ہوئی ہیں مثلاً پلائی ووڈ، ہارڈویئر، ایلمونیم، شیشہ، لکڑی وغیرہ رکھی ہوئی ہیں، اب مسئلہ یہ پوچھنا ہے کہ ان کی زکوٰۃ کس طرح ادا کی جائے حال یہ ہے کہ اس میں بہت باریک چیزیں بھی ہوتی ہیں، مثلاً کیل، قبضہ، چٹکنی یہ ایسی چیزیں ہیں کہ جن کا شمار کرنا انتہائی مشکل ہوتا ہے، جبکہ دوسری چیزوں کی گنتی ممکن ہے ،لیکن کیل، قبضہ، چٹکنی غرض کہ ہارڈوئیر کے سامان کی گنتی کرنا انتہائی مشکل ہوتا ہے جس پر کئی دن مثلاً دس (۱۰) دن لگ جائیں۔<br>
برائے مہربانی اس کے صحیح ادا کرنے اور سہل طریقے سے ادا کرنے کی رہنمائی فرمائیں تاکہ ہم اس پریشانی سے خلاصی پائیں۔ جزاک اللہ خیراً!</br></p>","<h5 class=""text-center amiri""> <strong> الجوابُ  حامِدا ًو مُصلیِّا ً   </strong></h5><p class=""text-justify urdu resizable""> دوکانداری کے مالِ تجارت پر ادائیگی زکوٰۃ کے لئے ہر مال کی تفصیلی گنتی لازم نہیں، بلکہ ایسی الشیاء کے ڈبے، بنڈل اور پیکٹ کے حساب سے اندازہ کرکے پوری دکان کی یا دکان میں موجود پورے اسٹاک کی قیمت لگاکر زکوٰۃ نکالنا بھی جائز ہے ،لہٰذا اس کل مجموعہ کا ڈھائی فیصد بطورِ زکوٰۃ فقراء و مساکین کو دینا شرعاً لازم ہے۔  </p><p class=""text-justify hawala amiri resizable""> </p><div class=""ftw-writer amiri"">
<div class=""row"">
<div class=""col-md-8 col-sm-8 col-lg-8""></div>
<div class=""col-md-4 col-sm-4 col-lg-4 text-center"">
<div class=""text-center"">واللہ تعالی اعلم بالصواب   <br/>  دار الافتاء جامعه بنوریه عالمیه  </div> <br/>
<a class=""text-center print-only"" href=""https://onlinefatawa.com/view_fatwa_unicode/71164""> فتوی  نمبر   71164کی تصدیق کریں  </a>
</div>
<div class=""col-md-1 col-sm-1""></div>
</div>
</div>",2024-03-10,71164,onlinefatawa.com,عبادات , زکوۃ و صدقات , زکوۃ و نصاب زکوۃ,"<div class=""col-md-8"">
<div class=""card"">
<div class=""card-body"">
<div class=""d-flex justify-content-between align-items-center screen-only"">
<div class=""col-auto"">
<div class=""lbl amiri""> فتوی   نمبر : </div>
<div class=""txt robotolight"">71164</div>
<div class=""lbl mobile""> |  تاریخ :  </div>
<div class=""txt robotolight mobile"">0000-00-00</div>
</div>
<div class=""col-auto"">
<div aria-label="""" class=""btn-group me-2"" role=""group"">
<button class=""btn btn-secondary increase"" type=""button"">+</button>
<button class=""btn btn-secondary reset"" type=""button"">Aa</button>
<button class=""btn btn-secondary decrease"" type=""button"">-</button>
</div>
</div>
</div>
</div>
</div>
<div class=""urdu text-center print-only"">
<img alt=""Online Fatwa Darulifta Binoria"" class=""img-responsive logo"" src=""https://onlinefatawa.com/assets/images/Binoria_Logo.png"" style=""max-width: 150px;"" title=""Darulifta Binoria""/>
<br/> <span class=""amiri""> فتوی  نمبر : </span><span class=""robotolight""> 71164</span>
<br/> دوکان پر رکھے مال تجارت کی زکوٰۃ ادا کرنے کا آسان  طریقہ                </div>
<div class=""eight"">
<h6 class=""kufi fs-sm"">
                        عبادات / زکوۃ و صدقات / زکوۃ و نصاب زکوۃ                    </h6>
</div>
<h3 class=""text-center text-danger screen-only urdu-heading mx-4 my-2""> دوکان پر رکھے مال تجارت کی زکوٰۃ ادا کرنے کا آسان  طریقہ</h3>
<p class=""text-justify urdu resizable"">کیا فرماتے ہیں مفتیانِ کرام و علمائے عظام اس مسئلہ کے بارے میں کہ ایک شخص کی دوکان ہے ، جس میں متعدد اشیاء رکھی ہوئی ہیں مثلاً پلائی ووڈ، ہارڈویئر، ایلمونیم، شیشہ، لکڑی وغیرہ رکھی ہوئی ہیں، اب مسئلہ یہ پوچھنا ہے کہ ان کی زکوٰۃ کس طرح ادا کی جائے حال یہ ہے کہ اس میں بہت باریک چیزیں بھی ہوتی ہیں، مثلاً کیل، قبضہ، چٹکنی یہ ایسی چیزیں ہیں کہ جن کا شمار کرنا انتہائی مشکل ہوتا ہے، جبکہ دوسری چیزوں کی گنتی ممکن ہے ،لیکن کیل، قبضہ، چٹکنی غرض کہ ہارڈوئیر کے سامان کی گنتی کرنا انتہائی مشکل ہوتا ہے جس پر کئی دن مثلاً دس (۱۰) دن لگ جائیں۔<br>
برائے مہربانی اس کے صحیح ادا کرنے اور سہل طریقے سے ادا کرنے کی رہنمائی فرمائیں تاکہ ہم اس پریشانی سے خلاصی پائیں۔ جزاک اللہ خیراً!</br></p>
<h5 class=""text-center amiri""> <strong> الجوابُ  حامِدا ًو مُصلیِّا ً   </strong></h5>
<p class=""text-justify urdu resizable""> دوکانداری کے مالِ تجارت پر ادائیگی زکوٰۃ کے لئے ہر مال کی تفصیلی گنتی لازم نہیں، بلکہ ایسی الشیاء کے ڈبے، بنڈل اور پیکٹ کے حساب سے اندازہ کرکے پوری دکان کی یا دکان میں موجود پورے اسٹاک کی قیمت لگاکر زکوٰۃ نکالنا بھی جائز ہے ،لہٰذا اس کل مجموعہ کا ڈھائی فیصد بطورِ زکوٰۃ فقراء و مساکین کو دینا شرعاً لازم ہے۔  </p>
<p class=""text-justify hawala amiri resizable""> </p>
<div class=""ftw-writer amiri"">
<div class=""row"">
<div class=""col-md-8 col-sm-8 col-lg-8""></div>
<div class=""col-md-4 col-sm-4 col-lg-4 text-center"">
<div class=""text-center"">واللہ تعالی اعلم بالصواب   <br/>  دار الافتاء جامعه بنوریه عالمیه  </div> <br/>
<a class=""text-center print-only"" href=""https://onlinefatawa.com/view_fatwa_unicode/71164""> فتوی  نمبر   71164کی تصدیق کریں  </a>
</div>
<div class=""col-md-1 col-sm-1""></div>
</div>
</div>
<div class=""row my-4 screen-only"">
<div class=""col-7 fs-sm"">
<a class=""my-twit link-info"" data-show-count=""false"" href=""https://twitter.com/share?ref_src=twsrc%5Etfw""><i class=""fab fa-twitter""></i></a> | 
                        <a class=""fb-xfbml-parse-ignore link-primary"" href=""https://www.facebook.com/sharer/sharer.php?u=https%3A%2F%2Fwww.onlinefatawa.com/view_fatwa_unicode/71164%2F&amp;src=sdkpreparse"" target=""_blank""><i class=""fab fa-facebook""></i></a> |
                        <a class=""link-success"" data-action=""share/whatsapp/share"" href=""whatsapp://send?text=https://onlinefatawa.com/view_fatwa_unicode/71164""> <i class=""fab fa-whatsapp""></i></a> |
                        <a class=""link-secondary"" onclick=""window.print()"" title=""Print this Fatwa"" type=""button""><i class=""fa fa-print""></i></a> |     
                        <span class=""amiri fs-sm"">
<a class=""link-danger"" href=""https://onlinefatawa.com/view_fatwa_unicode/71164/-دوکان-پر-رکھے-مال-تجارت-کی-زکوٰۃ-ادا-کرنے-کا-آسان--طریقہ""> یونیکوڈ   </a>|
                                                                                                            </span>
</div>
<div class=""col-5"">
<div class=""text-start fs-sm"">
<a class=""like-link link-info"" onclick=""savelike(71164);"">
<i class=""far fa-thumbs-up"" id=""like-icon""></i>
</a>
<span id=""71164"">0</span>    
                            <i class=""far fa-eye""></i> 315                        </div>
</div>
</div>
</div>"
https://onlinefatawa.com/view_fatwa_unicode/71177,مالدار اولاد کے غریب والد کو زکوٰۃ دینے کا حکم,"<p class=""text-justify urdu resizable""> کیا ایسا شخص زکوٰۃ کا مصرف ہوسکتا ہے، جو خود تو مالکِ نصاب نہ ہو، لیکن اس کی اولاد  مالدار وں  میں سے ہوں ؟</p>","<h5 class=""text-center amiri""> <strong> الجوابُ  حامِدا ًو مُصلیِّا ً   </strong></h5><p class=""text-justify urdu resizable""> اولاد کی  مالداری  سے باپ غنی شمار نہیں ہوتا، اس لئے زکوٰۃ کا مصرف ہونے کی وجہ سے شخص مذکور کو زکوٰۃ دینا جائز اور درست ہے۔ </p><h5 class=""text-center amiri""> <strong>  مأخَذُ الفَتوی   </strong></h5><p class=""text-justify hawala amiri resizable""> کما فی الفقہ الإسلامی: ولا یجوز دفع الزکاة لولد الغنی اذا کان صغیرًا (إلی قولہ) کما لا یعد الاب غنیا بغنی ابنہ اھـ (197/3)<br>
وفی الفتاویٰ الہندیة: ویجوز صرفھا إلی الاب المعسر وان کان ابنہ موسرًا اھـ (189/1) <br>
</br></br></p><div class=""ftw-writer amiri"">
<div class=""row"">
<div class=""col-md-8 col-sm-8 col-lg-8""></div>
<div class=""col-md-4 col-sm-4 col-lg-4 text-center"">
<div class=""text-center"">واللہ تعالی اعلم بالصواب   <br/>  دار الافتاء جامعه بنوریه عالمیه  </div> <br/>
<a class=""text-center print-only"" href=""https://onlinefatawa.com/view_fatwa_unicode/71177""> فتوی  نمبر   71177کی تصدیق کریں  </a>
</div>
<div class=""col-md-1 col-sm-1""></div>
</div>
</div>",2024-03-10,71177,onlinefatawa.com,عبادات , زکوۃ و صدقات , مصارف زکوۃ و صدقات,"<div class=""col-md-8"">
<div class=""card"">
<div class=""card-body"">
<div class=""d-flex justify-content-between align-items-center screen-only"">
<div class=""col-auto"">
<div class=""lbl amiri""> فتوی   نمبر : </div>
<div class=""txt robotolight"">71177</div>
<div class=""lbl mobile""> |  تاریخ :  </div>
<div class=""txt robotolight mobile"">0000-00-00</div>
</div>
<div class=""col-auto"">
<div aria-label="""" class=""btn-group me-2"" role=""group"">
<button class=""btn btn-secondary increase"" type=""button"">+</button>
<button class=""btn btn-secondary reset"" type=""button"">Aa</button>
<button class=""btn btn-secondary decrease"" type=""button"">-</button>
</div>
</div>
</div>
</div>
</div>
<div class=""urdu text-center print-only"">
<img alt=""Online Fatwa Darulifta Binoria"" class=""img-responsive logo"" src=""https://onlinefatawa.com/assets/images/Binoria_Logo.png"" style=""max-width: 150px;"" title=""Darulifta Binoria""/>
<br/> <span class=""amiri""> فتوی  نمبر : </span><span class=""robotolight""> 71177</span>
<br/>مالدار اولاد کے غریب والد کو زکوٰۃ دینے کا حکم                 </div>
<div class=""eight"">
<h6 class=""kufi fs-sm"">
                        عبادات / زکوۃ و صدقات / مصارف زکوۃ و صدقات                    </h6>
</div>
<h3 class=""text-center text-danger screen-only urdu-heading mx-4 my-2"">مالدار اولاد کے غریب والد کو زکوٰۃ دینے کا حکم </h3>
<p class=""text-justify urdu resizable""> کیا ایسا شخص زکوٰۃ کا مصرف ہوسکتا ہے، جو خود تو مالکِ نصاب نہ ہو، لیکن اس کی اولاد  مالدار وں  میں سے ہوں ؟</p>
<h5 class=""text-center amiri""> <strong> الجوابُ  حامِدا ًو مُصلیِّا ً   </strong></h5>
<p class=""text-justify urdu resizable""> اولاد کی  مالداری  سے باپ غنی شمار نہیں ہوتا، اس لئے زکوٰۃ کا مصرف ہونے کی وجہ سے شخص مذکور کو زکوٰۃ دینا جائز اور درست ہے۔ </p>
<h5 class=""text-center amiri""> <strong>  مأخَذُ الفَتوی   </strong></h5>
<p class=""text-justify hawala amiri resizable""> کما فی الفقہ الإسلامی: ولا یجوز دفع الزکاة لولد الغنی اذا کان صغیرًا (إلی قولہ) کما لا یعد الاب غنیا بغنی ابنہ اھـ (197/3)<br>
وفی الفتاویٰ الہندیة: ویجوز صرفھا إلی الاب المعسر وان کان ابنہ موسرًا اھـ (189/1) <br>
</br></br></p>
<div class=""ftw-writer amiri"">
<div class=""row"">
<div class=""col-md-8 col-sm-8 col-lg-8""></div>
<div class=""col-md-4 col-sm-4 col-lg-4 text-center"">
<div class=""text-center"">واللہ تعالی اعلم بالصواب   <br/>  دار الافتاء جامعه بنوریه عالمیه  </div> <br/>
<a class=""text-center print-only"" href=""https://onlinefatawa.com/view_fatwa_unicode/71177""> فتوی  نمبر   71177کی تصدیق کریں  </a>
</div>
<div class=""col-md-1 col-sm-1""></div>
</div>
</div>
<div class=""row my-4 screen-only"">
<div class=""col-7 fs-sm"">
<a class=""my-twit link-info"" data-show-count=""false"" href=""https://twitter.com/share?ref_src=twsrc%5Etfw""><i class=""fab fa-twitter""></i></a> | 
                        <a class=""fb-xfbml-parse-ignore link-primary"" href=""https://www.facebook.com/sharer/sharer.php?u=https%3A%2F%2Fwww.onlinefatawa.com/view_fatwa_unicode/71177%2F&amp;src=sdkpreparse"" target=""_blank""><i class=""fab fa-facebook""></i></a> |
                        <a class=""link-success"" data-action=""share/whatsapp/share"" href=""whatsapp://send?text=https://onlinefatawa.com/view_fatwa_unicode/71177""> <i class=""fab fa-whatsapp""></i></a> |
                        <a class=""link-secondary"" onclick=""window.print()"" title=""Print this Fatwa"" type=""button""><i class=""fa fa-print""></i></a> |     
                        <span class=""amiri fs-sm"">
<a class=""link-danger"" href=""https://onlinefatawa.com/view_fatwa_unicode/71177/مالدار-اولاد-کے-غریب-والد-کو-زکوٰۃ-دینے-کا-حکم-""> یونیکوڈ   </a>|
                                                                                                            </span>
</div>
<div class=""col-5"">
<div class=""text-start fs-sm"">
<a class=""like-link link-info"" onclick=""savelike(71177);"">
<i class=""far fa-thumbs-up"" id=""like-icon""></i>
</a>
<span id=""71177"">0</span>    
                            <i class=""far fa-eye""></i> 290                        </div>
</div>
</div>
</div>"
https://onlinefatawa.com/view_fatwa_unicode/71202,ضرورت مند کو زکوٰۃ کی رقم سے گھر تعمیر کرکے دینا,"<p class=""text-justify urdu resizable""> میرے والد کا انتقال ۱۹۸۴ میں ہوا تھا، اس وقت میں صرف پانچ سال کا تھا، میری والدہ نے محنت کرکے میری اور میری بڑی بہن کی پرورش کی، ۱۹۹۸ میں میری والدہ کے گردوں میں تکلیف پیدا ہوئی اور آج تک ان کا ہفتے میں دو بار ڈائیلیسز ہوتا ہے، جس کا خرچہ میری والدہ کے رشتے داروں نے آج تک برداشت کیا، جناب میں دو جگہ نوکری کرتا ہوں اور میری مہینے کی آمدنی ۵۴۰۰ روپے ہے جبکہ میری بڑی بہن ایک اسکول میں پڑھاتی ہے اس کی مہینے کی آمدنی ۱۰۵۰ جبکہ ٹیوشن وغیرہ سے ۷۵۰ روپے آتے ہیں، ہم جس گھر میں رہتے ہیں وہ ہمارے جاننے والے کا ہے ،جس کا کرایہ ہم ادا نہیں کرتے، لیکن چونکہ اس گھر کا بجلی کا بل جو کہ پچھلے کرایہ داروں کی وجہ سے کافی بڑھ چکا ہے تو ہم مہینے کے ۲۱۰۰ روپے ادا کرتے ہیں، اس کے علاوہ  گیس کا بل ۱۳۰ روپے، امی کی دوائیوں کا خرچہ ۱۰۰۰ روپے کے قریب ہے، وہ ہمارے ذمہ ہے۔<br>
اب جناب جن کے گھر میں ہم مقیم ہیں ان کا ارادہ گھر کو فروخت کرنے کا ہے، لہٰذا اب کوئی بھی کرائے کا گھر ملتا ہے، تو اس کا کرایہ کم از کم بھی ۱۵۰۰ روپے ہوتا ہے، جناب میرے مالک کا ایک جاننے والا ہے جو کہ زکوٰۃ کے روپوں سے لوگوں کی مدد کرتا ہے، جناب میں یہ چاہتا ہوں کہ یہ گھر میں خرید لوں، کیا میں اس زکوٰۃ کا مستحق ہوں؟ جناب قرآن و حدیث کی روشنی میں اس مسئلے کا جواب دیں۔ شکریہ!<br>
</br></br></p>","<h5 class=""text-center amiri""> <strong> الجوابُ  حامِدا ًو مُصلیِّا ً   </strong></h5><p class=""text-justify urdu resizable""> صورتِ مسئولہ میں مذکور شخص اگر واقعۃً صاحبِ نصاب نہ ہونے کی وجہ سے زکوٰۃ اور دیگر صدقاتِ واجبہ کا مستحق ہو ، تو کسی صاحبِ وسعت کا زکوٰۃ وغیرہ کی رقم سے رہائشی مکان خرید کر اُس پر اُسے مالکانہ قبضہ دے دینا، بلاشبہ جائز اور درست ہے اور زکوٰۃ دینے والے کی زکوٰۃ بھی ادا ہوجائے گی۔ </p><h5 class=""text-center amiri""> <strong>  مأخَذُ الفَتوی   </strong></h5><p class=""text-justify hawala amiri resizable""> کمافی الھندیة: (منھا الفقیر) وھو من لہ أدنی شیئ وھو ما دون النصاب أو قدر نصاب غیر نام وھو مستغرق فی الحاجة فلا یخرجہ عن الفقر ملک نصب کثیرة غیر نامیة اذا کانت مستغرقة بالحاجة کذا فی فتح القدیر. (187/1)<br/>
وفیھا ایضًا: ویجوز دفعھا الی من یملک أقل من النصاب وان کان صحیحا مکتسبا کذا فی الزاھدی. (189/1)<br/>
</p><div class=""ftw-writer amiri"">
<div class=""row"">
<div class=""col-md-8 col-sm-8 col-lg-8""></div>
<div class=""col-md-4 col-sm-4 col-lg-4 text-center"">
                                                            واللہ تعالی اعلم بالصواب  <br/><a href=""https://onlinefatawa.com/fatawa/writer_profile/74"">عمر حسین یار </a> عُفی  عنه  <br/> دار الافتاء جامعه بنوریه عالمیه                                                          <br/>
<a class=""text-center print-only"" href=""https://onlinefatawa.com/view_fatwa_unicode/71202""> فتوی  نمبر   71202کی تصدیق کریں  </a>
</div>
<div class=""col-md-1 col-sm-1""></div>
</div>
</div>",2024-03-10,71202,onlinefatawa.com,عبادات , زکوۃ و صدقات , زکوۃ و نصاب زکوۃ,"<div class=""col-md-8"">
<div class=""card"">
<div class=""card-body"">
<div class=""d-flex justify-content-between align-items-center screen-only"">
<div class=""col-auto"">
<div class=""lbl amiri""> فتوی   نمبر : </div>
<div class=""txt robotolight"">71202</div>
<div class=""lbl mobile""> |  تاریخ :  </div>
<div class=""txt robotolight mobile"">0000-00-00</div>
</div>
<div class=""col-auto"">
<div aria-label="""" class=""btn-group me-2"" role=""group"">
<button class=""btn btn-secondary increase"" type=""button"">+</button>
<button class=""btn btn-secondary reset"" type=""button"">Aa</button>
<button class=""btn btn-secondary decrease"" type=""button"">-</button>
</div>
</div>
</div>
</div>
</div>
<div class=""urdu text-center print-only"">
<img alt=""Online Fatwa Darulifta Binoria"" class=""img-responsive logo"" src=""https://onlinefatawa.com/assets/images/Binoria_Logo.png"" style=""max-width: 150px;"" title=""Darulifta Binoria""/>
<br/> <span class=""amiri""> فتوی  نمبر : </span><span class=""robotolight""> 71202</span>
<br/>ضرورت مند کو زکوٰۃ کی رقم سے گھر تعمیر کرکے دینا                </div>
<div class=""eight"">
<h6 class=""kufi fs-sm"">
                        عبادات / زکوۃ و صدقات / زکوۃ و نصاب زکوۃ                    </h6>
</div>
<h3 class=""text-center text-danger screen-only urdu-heading mx-4 my-2"">ضرورت مند کو زکوٰۃ کی رقم سے گھر تعمیر کرکے دینا</h3>
<p class=""text-justify urdu resizable""> میرے والد کا انتقال ۱۹۸۴ میں ہوا تھا، اس وقت میں صرف پانچ سال کا تھا، میری والدہ نے محنت کرکے میری اور میری بڑی بہن کی پرورش کی، ۱۹۹۸ میں میری والدہ کے گردوں میں تکلیف پیدا ہوئی اور آج تک ان کا ہفتے میں دو بار ڈائیلیسز ہوتا ہے، جس کا خرچہ میری والدہ کے رشتے داروں نے آج تک برداشت کیا، جناب میں دو جگہ نوکری کرتا ہوں اور میری مہینے کی آمدنی ۵۴۰۰ روپے ہے جبکہ میری بڑی بہن ایک اسکول میں پڑھاتی ہے اس کی مہینے کی آمدنی ۱۰۵۰ جبکہ ٹیوشن وغیرہ سے ۷۵۰ روپے آتے ہیں، ہم جس گھر میں رہتے ہیں وہ ہمارے جاننے والے کا ہے ،جس کا کرایہ ہم ادا نہیں کرتے، لیکن چونکہ اس گھر کا بجلی کا بل جو کہ پچھلے کرایہ داروں کی وجہ سے کافی بڑھ چکا ہے تو ہم مہینے کے ۲۱۰۰ روپے ادا کرتے ہیں، اس کے علاوہ  گیس کا بل ۱۳۰ روپے، امی کی دوائیوں کا خرچہ ۱۰۰۰ روپے کے قریب ہے، وہ ہمارے ذمہ ہے۔<br>
اب جناب جن کے گھر میں ہم مقیم ہیں ان کا ارادہ گھر کو فروخت کرنے کا ہے، لہٰذا اب کوئی بھی کرائے کا گھر ملتا ہے، تو اس کا کرایہ کم از کم بھی ۱۵۰۰ روپے ہوتا ہے، جناب میرے مالک کا ایک جاننے والا ہے جو کہ زکوٰۃ کے روپوں سے لوگوں کی مدد کرتا ہے، جناب میں یہ چاہتا ہوں کہ یہ گھر میں خرید لوں، کیا میں اس زکوٰۃ کا مستحق ہوں؟ جناب قرآن و حدیث کی روشنی میں اس مسئلے کا جواب دیں۔ شکریہ!<br>
</br></br></p>
<h5 class=""text-center amiri""> <strong> الجوابُ  حامِدا ًو مُصلیِّا ً   </strong></h5>
<p class=""text-justify urdu resizable""> صورتِ مسئولہ میں مذکور شخص اگر واقعۃً صاحبِ نصاب نہ ہونے کی وجہ سے زکوٰۃ اور دیگر صدقاتِ واجبہ کا مستحق ہو ، تو کسی صاحبِ وسعت کا زکوٰۃ وغیرہ کی رقم سے رہائشی مکان خرید کر اُس پر اُسے مالکانہ قبضہ دے دینا، بلاشبہ جائز اور درست ہے اور زکوٰۃ دینے والے کی زکوٰۃ بھی ادا ہوجائے گی۔ </p>
<h5 class=""text-center amiri""> <strong>  مأخَذُ الفَتوی   </strong></h5>
<p class=""text-justify hawala amiri resizable""> کمافی الھندیة: (منھا الفقیر) وھو من لہ أدنی شیئ وھو ما دون النصاب أو قدر نصاب غیر نام وھو مستغرق فی الحاجة فلا یخرجہ عن الفقر ملک نصب کثیرة غیر نامیة اذا کانت مستغرقة بالحاجة کذا فی فتح القدیر. (187/1)<br/>
وفیھا ایضًا: ویجوز دفعھا الی من یملک أقل من النصاب وان کان صحیحا مکتسبا کذا فی الزاھدی. (189/1)<br/>
</p>
<div class=""ftw-writer amiri"">
<div class=""row"">
<div class=""col-md-8 col-sm-8 col-lg-8""></div>
<div class=""col-md-4 col-sm-4 col-lg-4 text-center"">
                                                            واللہ تعالی اعلم بالصواب  <br/><a href=""https://onlinefatawa.com/fatawa/writer_profile/74"">عمر حسین یار </a> عُفی  عنه  <br/> دار الافتاء جامعه بنوریه عالمیه                                                          <br/>
<a class=""text-center print-only"" href=""https://onlinefatawa.com/view_fatwa_unicode/71202""> فتوی  نمبر   71202کی تصدیق کریں  </a>
</div>
<div class=""col-md-1 col-sm-1""></div>
</div>
</div>
<div class=""row my-4 screen-only"">
<div class=""col-7 fs-sm"">
<a class=""my-twit link-info"" data-show-count=""false"" href=""https://twitter.com/share?ref_src=twsrc%5Etfw""><i class=""fab fa-twitter""></i></a> | 
                        <a class=""fb-xfbml-parse-ignore link-primary"" href=""https://www.facebook.com/sharer/sharer.php?u=https%3A%2F%2Fwww.onlinefatawa.com/view_fatwa_unicode/71202%2F&amp;src=sdkpreparse"" target=""_blank""><i class=""fab fa-facebook""></i></a> |
                        <a class=""link-success"" data-action=""share/whatsapp/share"" href=""whatsapp://send?text=https://onlinefatawa.com/view_fatwa_unicode/71202""> <i class=""fab fa-whatsapp""></i></a> |
                        <a class=""link-secondary"" onclick=""window.print()"" title=""Print this Fatwa"" type=""button""><i class=""fa fa-print""></i></a> |     
                        <span class=""amiri fs-sm"">
<a class=""link-danger"" href=""https://onlinefatawa.com/view_fatwa_unicode/71202/ضرورت-مند-کو-زکوٰۃ-کی-رقم-سے-گھر-تعمیر-کرکے-دینا""> یونیکوڈ   </a>|
                                                                                                            </span>
</div>
<div class=""col-5"">
<div class=""text-start fs-sm"">
<a class=""like-link link-info"" onclick=""savelike(71202);"">
<i class=""far fa-thumbs-up"" id=""like-icon""></i>
</a>
<span id=""71202"">0</span>    
                            <i class=""far fa-eye""></i> 257                        </div>
</div>
</div>
</div>"
https://onlinefatawa.com/view_fatwa_unicode/66927,پرسنل ایزی پیسہ اکاؤنٹ سے پیسہ نکال کردینے پر اجرت لینا,"<p class=""text-justify urdu resizable"">میرا پرسنل ایزی پیسہ اکاؤنٹ ہے جس سے میں کاروبار کرتا ہوں ،لوگوں کو بیلنس سینڈ کرتا ہوں اور جو مجھے سینڈ کرتے ہیں میں نقد رقم نکال کردے دیتاہوں ،بیلنس سینڈ کرتے وقت یا نکالتے وقت نیٹ ایم بی بھی استعمال ہوتاہےاور  ظاہر ہے کہ میری ڈیوائس یعنی موبائل بھی استعمال ہوتاہے اور میرا وقت بھی  اور کبھی کبھار کمپنی  15 یا 20 کاٹتی ہے، رات کوبیلنس چیک کرو اور صبح جب چیک کرو 15 یا 20 روپے کم ہیں، مارکیٹ میں ایزی پیسہ کاروبار کرنے والے ایک ہزار روپے سینڈکرنے یانکالنےپردس سے پندرہ روپے اجرت لیتے ہیں اور میں بھی لے رہاہوں،  کیا اس صورت میں میرے لئے کاروبار جائز ہے؟ سود کے زُمرے میں تو نہیں آتا ؟میں بہت پریشان ہوں ،مفتی صاحبان اس بارے میں میری راہ نمائی فرمائیں!</p>","<h5 class=""text-center amiri""> <strong> الجوابُ  حامِدا ًو مُصلیِّا ً   </strong></h5><p class=""text-justify urdu resizable""> مسئولہ صورت میں ایزی پیسہ کے ذریعہ سائل اگر رقم کی منتقلی یا نکال کر دینے کا کام کمپنی کے ساتھ منسلک ہوئے بغیر  ذاتی حیثیت میں کرتا ہو،تو ایسی صورت میں  سائل چونکہ کمپنی کا باقاعدہ ریٹیلر نہیں،اور کمپنی کی طرف سے اسے اس کام کا معاوضہ بھی نہیں دیا جاتا،لہذا پرسنل اکاؤنٹ کےذریعے اگر رقم کی منتقلی یا وصولی پر اضافی رقم لینےکی کمپنی کی طرف سے ممانعت نہ ہو توسائل  کےلیےاس کام کے عوض کسٹمر سے اضافی چارجز وصول کرنے کی شرعاً  گنجائش ہے۔ </p><h5 class=""text-center amiri""> <strong>  مأخَذُ الفَتوی   </strong></h5><p class=""text-justify hawala amiri resizable""> کما فی العالمگیریۃ (4/413)<br>
ثم الأجرة تستحق بأحد معان ثلاثة إما بشرط  التعجيل أو بالتعجيل او باستيفاء المعقود عليه فإذا وجد أحد هذه الأشياء الثلاثة فإنه يملكها، كذا في شرح الطحاوي.<br>
وفی قواعد الفقہ (ص: 57 قاعدۃ: 25)<br/>
استحقاق الاجرۃ بعمل لا بمجرّد قول. </br></br></p><div class=""ftw-writer amiri"">
<div class=""row"">
<div class=""col-md-8 col-sm-8 col-lg-8""></div>
<div class=""col-md-4 col-sm-4 col-lg-4 text-center"">
                                                            واللہ تعالی اعلم بالصواب  <br/><a href=""https://onlinefatawa.com/fatawa/writer_profile/402"">جنید الرحمن سکھروی </a> عُفی  عنه  <br/> دار الافتاء جامعه بنوریه عالمیه                                                          <br/>
<a class=""text-center print-only"" href=""https://onlinefatawa.com/view_fatwa_unicode/66927""> فتوی  نمبر   66927کی تصدیق کریں  </a>
</div>
<div class=""col-md-1 col-sm-1""></div>
</div>
</div>",2023-08-15,66927,onlinefatawa.com,جدید فقہی مسائل , ٹیکنالوجی , موبائل فون,"<div class=""col-md-8"">
<div class=""card"">
<div class=""card-body"">
<div class=""d-flex justify-content-between align-items-center screen-only"">
<div class=""col-auto"">
<div class=""lbl amiri""> فتوی   نمبر : </div>
<div class=""txt robotolight"">66927</div>
<div class=""lbl mobile""> |  تاریخ :  </div>
<div class=""txt robotolight mobile"">2023-08-15</div>
</div>
<div class=""col-auto"">
<div aria-label="""" class=""btn-group me-2"" role=""group"">
<button class=""btn btn-secondary increase"" type=""button"">+</button>
<button class=""btn btn-secondary reset"" type=""button"">Aa</button>
<button class=""btn btn-secondary decrease"" type=""button"">-</button>
</div>
</div>
</div>
</div>
</div>
<div class=""urdu text-center print-only"">
<img alt=""Online Fatwa Darulifta Binoria"" class=""img-responsive logo"" src=""https://onlinefatawa.com/assets/images/Binoria_Logo.png"" style=""max-width: 150px;"" title=""Darulifta Binoria""/>
<br/> <span class=""amiri""> فتوی  نمبر : </span><span class=""robotolight""> 66927</span>
<br/>پرسنل ایزی پیسہ اکاؤنٹ سے پیسہ نکال کردینے پر اجرت لینا                </div>
<div class=""eight"">
<h6 class=""kufi fs-sm"">
                        جدید فقہی مسائل / ٹیکنالوجی / موبائل فون                    </h6>
</div>
<h3 class=""text-center text-danger screen-only urdu-heading mx-4 my-2"">پرسنل ایزی پیسہ اکاؤنٹ سے پیسہ نکال کردینے پر اجرت لینا</h3>
<p class=""text-justify urdu resizable"">میرا پرسنل ایزی پیسہ اکاؤنٹ ہے جس سے میں کاروبار کرتا ہوں ،لوگوں کو بیلنس سینڈ کرتا ہوں اور جو مجھے سینڈ کرتے ہیں میں نقد رقم نکال کردے دیتاہوں ،بیلنس سینڈ کرتے وقت یا نکالتے وقت نیٹ ایم بی بھی استعمال ہوتاہےاور  ظاہر ہے کہ میری ڈیوائس یعنی موبائل بھی استعمال ہوتاہے اور میرا وقت بھی  اور کبھی کبھار کمپنی  15 یا 20 کاٹتی ہے، رات کوبیلنس چیک کرو اور صبح جب چیک کرو 15 یا 20 روپے کم ہیں، مارکیٹ میں ایزی پیسہ کاروبار کرنے والے ایک ہزار روپے سینڈکرنے یانکالنےپردس سے پندرہ روپے اجرت لیتے ہیں اور میں بھی لے رہاہوں،  کیا اس صورت میں میرے لئے کاروبار جائز ہے؟ سود کے زُمرے میں تو نہیں آتا ؟میں بہت پریشان ہوں ،مفتی صاحبان اس بارے میں میری راہ نمائی فرمائیں!</p>
<h5 class=""text-center amiri""> <strong> الجوابُ  حامِدا ًو مُصلیِّا ً   </strong></h5>
<p class=""text-justify urdu resizable""> مسئولہ صورت میں ایزی پیسہ کے ذریعہ سائل اگر رقم کی منتقلی یا نکال کر دینے کا کام کمپنی کے ساتھ منسلک ہوئے بغیر  ذاتی حیثیت میں کرتا ہو،تو ایسی صورت میں  سائل چونکہ کمپنی کا باقاعدہ ریٹیلر نہیں،اور کمپنی کی طرف سے اسے اس کام کا معاوضہ بھی نہیں دیا جاتا،لہذا پرسنل اکاؤنٹ کےذریعے اگر رقم کی منتقلی یا وصولی پر اضافی رقم لینےکی کمپنی کی طرف سے ممانعت نہ ہو توسائل  کےلیےاس کام کے عوض کسٹمر سے اضافی چارجز وصول کرنے کی شرعاً  گنجائش ہے۔ </p>
<h5 class=""text-center amiri""> <strong>  مأخَذُ الفَتوی   </strong></h5>
<p class=""text-justify hawala amiri resizable""> کما فی العالمگیریۃ (4/413)<br>
ثم الأجرة تستحق بأحد معان ثلاثة إما بشرط  التعجيل أو بالتعجيل او باستيفاء المعقود عليه فإذا وجد أحد هذه الأشياء الثلاثة فإنه يملكها، كذا في شرح الطحاوي.<br>
وفی قواعد الفقہ (ص: 57 قاعدۃ: 25)<br/>
استحقاق الاجرۃ بعمل لا بمجرّد قول. </br></br></p>
<div class=""ftw-writer amiri"">
<div class=""row"">
<div class=""col-md-8 col-sm-8 col-lg-8""></div>
<div class=""col-md-4 col-sm-4 col-lg-4 text-center"">
                                                            واللہ تعالی اعلم بالصواب  <br/><a href=""https://onlinefatawa.com/fatawa/writer_profile/402"">جنید الرحمن سکھروی </a> عُفی  عنه  <br/> دار الافتاء جامعه بنوریه عالمیه                                                          <br/>
<a class=""text-center print-only"" href=""https://onlinefatawa.com/view_fatwa_unicode/66927""> فتوی  نمبر   66927کی تصدیق کریں  </a>
</div>
<div class=""col-md-1 col-sm-1""></div>
</div>
</div>
<div class=""row my-4 screen-only"">
<div class=""col-7 fs-sm"">
<a class=""my-twit link-info"" data-show-count=""false"" href=""https://twitter.com/share?ref_src=twsrc%5Etfw""><i class=""fab fa-twitter""></i></a> | 
                        <a class=""fb-xfbml-parse-ignore link-primary"" href=""https://www.facebook.com/sharer/sharer.php?u=https%3A%2F%2Fwww.onlinefatawa.com/view_fatwa_unicode/66927%2F&amp;src=sdkpreparse"" target=""_blank""><i class=""fab fa-facebook""></i></a> |
                        <a class=""link-success"" data-action=""share/whatsapp/share"" href=""whatsapp://send?text=https://onlinefatawa.com/view_fatwa_unicode/66927""> <i class=""fab fa-whatsapp""></i></a> |
                        <a class=""link-secondary"" onclick=""window.print()"" title=""Print this Fatwa"" type=""button""><i class=""fa fa-print""></i></a> |     
                        <span class=""amiri fs-sm"">
<a class=""link-danger"" href=""https://onlinefatawa.com/view_fatwa_unicode/66927/پرسنل-ایزی-پیسہ-اکاؤنٹ-سے-پیسہ-نکال-کردینے-پر-اجرت-لینا""> یونیکوڈ   </a>|
                                                                                                            </span>
</div>
<div class=""col-5"">
<div class=""text-start fs-sm"">
<a class=""like-link link-info"" onclick=""savelike(66927);"">
<i class=""far fa-thumbs-up"" id=""like-icon""></i>
</a>
<span id=""66927"">0</span>    
                            <i class=""far fa-eye""></i> 489                        </div>
</div>
</div>
</div>"
https://onlinefatawa.com/view_fatwa_unicode/70236,میزان بینک کے سیوئنگ اکاؤنٹ میں پیسے جمع کرنا,"<p class=""text-justify urdu resizable"">                 السلام علیکم !محترم جناب گزارش  یہ ہے کہ میں شادی شدہ ہوں ، میرے بچے ہیں ، میں ایک پرائیوٹ کمپنی میں کام کرتی ہوں ، میرے شوہربھی برسرروز گار ہیں ، میں نے اپنی وراثت میں ملی کچھ رقم میزان بینک کے سیونگ اکاؤنٹ میں رکھوائی ہے ، براہ مہربانی اپنے دینی علم کی روشنی میں بتایئے کیا یہ میرے لئے جائز ہے ؟</p>","<h5 class=""text-center amiri""> <strong> الجوابُ  حامِدا ًو مُصلیِّا ً   </strong></h5><p class=""text-justify urdu resizable"">            ہماری معلومات کے مطابق میزان بینک  فی الحال اپنے تمام مالی  معاملات مستند مفتیان کرام پرمشتمل شریعہ بورڈ  کی زیر نگرانی انجام دے رہا  ہے ، لہذا میزان بینک کے سیونگ اکاؤنٹ میں رقم رکھواکر اس پر ماہانہ یا سالانہ منافع حاصل کرنا درست ہے ۔  </p><p class=""text-justify hawala amiri resizable""> </p><div class=""ftw-writer amiri"">
<div class=""row"">
<div class=""col-md-8 col-sm-8 col-lg-8""></div>
<div class=""col-md-4 col-sm-4 col-lg-4 text-center"">
                                                            واللہ تعالی اعلم بالصواب  <br/><a href=""https://onlinefatawa.com/fatawa/writer_profile/548"">ظفراللہ نعمت </a> عُفی  عنه  <br/> دار الافتاء جامعه بنوریه عالمیه                                                          <br/>
<a class=""text-center print-only"" href=""https://onlinefatawa.com/view_fatwa_unicode/70236""> فتوی  نمبر   70236کی تصدیق کریں  </a>
</div>
<div class=""col-md-1 col-sm-1""></div>
</div>
</div>",2024-01-09,70236,onlinefatawa.com,جدید فقہی مسائل , بینکاری , اسلامی بینکاری,"<div class=""col-md-8"">
<div class=""card"">
<div class=""card-body"">
<div class=""d-flex justify-content-between align-items-center screen-only"">
<div class=""col-auto"">
<div class=""lbl amiri""> فتوی   نمبر : </div>
<div class=""txt robotolight"">70236</div>
<div class=""lbl mobile""> |  تاریخ :  </div>
<div class=""txt robotolight mobile"">2024-01-09</div>
</div>
<div class=""col-auto"">
<div aria-label="""" class=""btn-group me-2"" role=""group"">
<button class=""btn btn-secondary increase"" type=""button"">+</button>
<button class=""btn btn-secondary reset"" type=""button"">Aa</button>
<button class=""btn btn-secondary decrease"" type=""button"">-</button>
</div>
</div>
</div>
</div>
</div>
<div class=""urdu text-center print-only"">
<img alt=""Online Fatwa Darulifta Binoria"" class=""img-responsive logo"" src=""https://onlinefatawa.com/assets/images/Binoria_Logo.png"" style=""max-width: 150px;"" title=""Darulifta Binoria""/>
<br/> <span class=""amiri""> فتوی  نمبر : </span><span class=""robotolight""> 70236</span>
<br/>میزان بینک کے سیوئنگ اکاؤنٹ میں پیسے جمع کرنا                </div>
<div class=""eight"">
<h6 class=""kufi fs-sm"">
                        جدید فقہی مسائل / بینکاری / اسلامی بینکاری                    </h6>
</div>
<h3 class=""text-center text-danger screen-only urdu-heading mx-4 my-2"">میزان بینک کے سیوئنگ اکاؤنٹ میں پیسے جمع کرنا</h3>
<p class=""text-justify urdu resizable"">                 السلام علیکم !محترم جناب گزارش  یہ ہے کہ میں شادی شدہ ہوں ، میرے بچے ہیں ، میں ایک پرائیوٹ کمپنی میں کام کرتی ہوں ، میرے شوہربھی برسرروز گار ہیں ، میں نے اپنی وراثت میں ملی کچھ رقم میزان بینک کے سیونگ اکاؤنٹ میں رکھوائی ہے ، براہ مہربانی اپنے دینی علم کی روشنی میں بتایئے کیا یہ میرے لئے جائز ہے ؟</p>
<h5 class=""text-center amiri""> <strong> الجوابُ  حامِدا ًو مُصلیِّا ً   </strong></h5>
<p class=""text-justify urdu resizable"">            ہماری معلومات کے مطابق میزان بینک  فی الحال اپنے تمام مالی  معاملات مستند مفتیان کرام پرمشتمل شریعہ بورڈ  کی زیر نگرانی انجام دے رہا  ہے ، لہذا میزان بینک کے سیونگ اکاؤنٹ میں رقم رکھواکر اس پر ماہانہ یا سالانہ منافع حاصل کرنا درست ہے ۔  </p>
<p class=""text-justify hawala amiri resizable""> </p>
<div class=""ftw-writer amiri"">
<div class=""row"">
<div class=""col-md-8 col-sm-8 col-lg-8""></div>
<div class=""col-md-4 col-sm-4 col-lg-4 text-center"">
                                                            واللہ تعالی اعلم بالصواب  <br/><a href=""https://onlinefatawa.com/fatawa/writer_profile/548"">ظفراللہ نعمت </a> عُفی  عنه  <br/> دار الافتاء جامعه بنوریه عالمیه                                                          <br/>
<a class=""text-center print-only"" href=""https://onlinefatawa.com/view_fatwa_unicode/70236""> فتوی  نمبر   70236کی تصدیق کریں  </a>
</div>
<div class=""col-md-1 col-sm-1""></div>
</div>
</div>
<div class=""row my-4 screen-only"">
<div class=""col-7 fs-sm"">
<a class=""my-twit link-info"" data-show-count=""false"" href=""https://twitter.com/share?ref_src=twsrc%5Etfw""><i class=""fab fa-twitter""></i></a> | 
                        <a class=""fb-xfbml-parse-ignore link-primary"" href=""https://www.facebook.com/sharer/sharer.php?u=https%3A%2F%2Fwww.onlinefatawa.com/view_fatwa_unicode/70236%2F&amp;src=sdkpreparse"" target=""_blank""><i class=""fab fa-facebook""></i></a> |
                        <a class=""link-success"" data-action=""share/whatsapp/share"" href=""whatsapp://send?text=https://onlinefatawa.com/view_fatwa_unicode/70236""> <i class=""fab fa-whatsapp""></i></a> |
                        <a class=""link-secondary"" onclick=""window.print()"" title=""Print this Fatwa"" type=""button""><i class=""fa fa-print""></i></a> |     
                        <span class=""amiri fs-sm"">
<a class=""link-danger"" href=""https://onlinefatawa.com/view_fatwa_unicode/70236/میزان-بینک-کے-سیوئنگ-اکاؤنٹ-میں-پیسے-جمع-کرنا""> یونیکوڈ   </a>|
                                                                                                            </span>
</div>
<div class=""col-5"">
<div class=""text-start fs-sm"">
<a class=""like-link link-info"" onclick=""savelike(70236);"">
<i class=""far fa-thumbs-up"" id=""like-icon""></i>
</a>
<span id=""70236"">0</span>    
                            <i class=""far fa-eye""></i> 446                        </div>
</div>
</div>
</div>"
https://onlinefatawa.com/view_fatwa_unicode/70246,"""تہ پہ ما طلاقہ ائی""(تم مجھ پر طلاق ہو) کہنے سے طلاق کا حکم","<p class=""text-justify urdu resizable""> میرے  بہنوئی  رفیع اللہ ولد حضرت محمد نے اپنی منکوحہ مدخول بھا  بیوی سمیہ بنت سید افضل (جو میری بہن ہے) کو تین طلاق اپنے گھروالوں کے سامنے دی تھی ، پھر جب ہم نے ان سے پوچھا کہ آپ نے تین طلاق مکمل دی ہے یا کچھ رجوع کے الفاظ بولے  ہیں ؟ تو اس لڑکے رفیع اللہ کے والد نے جب دوبارہ اسے بلایا تو اس نے یہ مذکور  چارگواہوں (۔۔۔۔۔۔ )کے سامنے پھر الگ سے تین دفعہ طلاق دے کر کہا کہ مجھ سے بلکل فارغ اور بائن ہے، لہذا اب پوچھنا یہ ہے کہ کیا اس کے اس طرح کہنے سے تین طلاق ہو گئی ہے اور میری بہن عدت کے لئے اس کے نکاح سے فارغ ہے ، اب طلاق کی صورت میں حق مہر کا کیا حکم ہے ؟ جرگےکے سامنے وہ حلالہ کرانے کے لئے بھی راضی ہو گیا تھا ، الفاظ طلاق یہ تھے ""تہ پہ ما طلاقہ ئے "" تم مجھ ہر طلاق ہو ، تین مرتبہ کہا تھا ، اور یہی الفاظ جرگے کے سامنے بھی تین مرتبہ دھرائے ، اب شریعت محمدی کے روشنی میں ہمیں تفصیلی فتوی دیا جائے   ۔ </p>","<h5 class=""text-center amiri""> <strong> الجوابُ  حامِدا ًو مُصلیِّا ً   </strong></h5><p class=""text-justify urdu resizable""> سائل کا بیان اگر واقعۃً درست اور مبنی بر حقیقت ہو  ، اس میں کسی بھی قسم غلط بیانی اور دروغ گوئی سے کام نہ  لیا گیا ہو اس طور پر کہ مسمی رفیع اللہ ولد حضرت محمد نے اپنی  بیوی کو مذکور الفاظ ""تہ پہ ما طلاقہ ئے ""(تم مجھ پر طلاق ہو)تین مرتبہ کہہ دیئے ہوں تو اس سے شخص مذکور کی بیوی پر تینوں طلاقیں واقع ہو کر حرمت مغلظہ ثابت ہو چکی ہے ، اب  رجوع نہیں ہو سکتا اور حلالہ شرعیہ کے بغیر باہم عقد نکاح  بھی نہیں  ہو سکتا ، لہذا دونوں پر لازم ہے کہ ایک دوسرے  سے علیحدہ رہیں اور میاں بیوی والے تعلقات ہرگز قائم نہ کریں ، ورنہ دونوں سخت گنا ہ گار ہوں گے ، جبکہ عورت ایام عدت کے بعد دوسری جگہ نکاح کرنے میں بھی آزاد ہوگی، نیز اگر مذکور شخص نے ابھی تک بیوی کا حق مہر ادا نہ کیا ہو تو اس پر لازم ہے کہ فوراً حق مہر ادا کرے  ، اور   حلالہ شرعیہ یہ ہے کہ عورت ایّام عدت گزارنے کے بعد بغیر کسی شرط کے کسی دوسرے شخص سے اپنا عقد نکاح کرے چنانچہ   اگر وہ دوسرا شخص بھی اسے  ایک مرتبہ ہمبستری  ( جو کہ حلالہ شرعیہ کے تحقق کے لئے ضروری ہے  )  کے فوراً بعد یا ازدواجی زندگی کے کچھ  عرصہ بعد طلاق دیدے  یا طلاق تو نہ دے،  مگر اس کا پہلے انتقال ہو جائے تو بہر صورت اس کی عدت گزارنے کے بعد اگر وہ پہلے شوہر کے عقد نکاح میں آنا چاہے اور پہلا شوہر بھی اسے رکھنے پر رضا مند ہو تو نئے مہر پر شرعی گواہوں کی موجودگی میں دوبارہ عقد نکاح کرکے باہم میاں بیوی کی حیثیت سے زندگی بسر کر سکتے ہیں ، تاہم حلالہ اس شرط کے ساتھ کرنا کہ زوج  ثانی ہمبستری کے بعد بیوی کو طلاق دیگا تاکہ زوج اول کے لئے عورت حلال ہو جائے   مکروہ تحریمی ہے ،   اور اس پر احادث مبارکہ  میں وعید وارد ہوئی ہے ، لہذا اس  سے احتراز لازم ہے ، البتہ بلا شرط ایسا کرنا بلا شبہ جائز اور درست ہے ۔  </p><h5 class=""text-center amiri""> <strong>  مأخَذُ الفَتوی   </strong></h5><p class=""text-justify hawala amiri resizable""> قال اللہ تعالی: فَاِنْ طَلَّقَهَا فَلَا تَحِلُّ لَـهٝ مِنْ بَعْدُ حَتّـٰى تَنْكِـحَ زَوْجًا غَيْـرَهٝ ۗ فَاِنْ طَلَّقَهَا فَلَا جُنَاحَ عَلَيْهِمَآ اَنْ يَّتَـرَاجَعَآ اِنْ ظَنَّـآ اَنْ يُّقِيْمَا حُدُوْدَ اللّـٰهِ ۗ وَتِلْكَ حُدُوْدُ اللّـٰهِ يُبَيِّنُهَا لِقَوْمٍ يَّعْلَمُوْنَ الایۃ(بقرہ۔آیۃ 230)۔<br>
وفی اعلاء السنن:عن عائشۃ قالت: جائت امراۃ رفاعۃ القرظی الی النبیﷺ فقالت:کنت عند رفاعۃ فطلقنی فبت طلاقی،فتزوجت بعدہ عبد الرحمن ابن زبیر(الی قولھا)فقالﷺ:اتریدین ان ترجعی الی رفاعہ؟لا!حتی تذوقی عسیلتہ ویذوق عسیلتک الخ(ج 11 ص 213)۔<br>
کما فی بدائع الصنائع: واما الطلقات الثلاث فحکمھا الاصلی ھو زوال الملک وزوال المحلیۃ ایضا ، حتی لا یجوز لہ نکاحھا قبل التزوج بزوج آخر الخ (فصل۔حکم الطلاق الثلاث ۔ج 3 ص 187)۔<br/>
وفی الدر المختار: ویتاکد (عند وطء او خلوۃ صحت)من الزوج (او موت احدھما ) الخ (باب۔ المھر۔ج 3 ص 102 )۔ </br></br></p><div class=""ftw-writer amiri"">
<div class=""row"">
<div class=""col-md-8 col-sm-8 col-lg-8""></div>
<div class=""col-md-4 col-sm-4 col-lg-4 text-center"">
                                                            واللہ تعالی اعلم بالصواب  <br/><a href=""https://onlinefatawa.com/fatawa/writer_profile/546"">محمد حذیفہ حسن </a> عُفی  عنه  <br/> دار الافتاء جامعه بنوریه عالمیه                                                          <br/>
<a class=""text-center print-only"" href=""https://onlinefatawa.com/view_fatwa_unicode/70246""> فتوی  نمبر   70246کی تصدیق کریں  </a>
</div>
<div class=""col-md-1 col-sm-1""></div>
</div>
</div>",2024-01-10,70246,onlinefatawa.com,معاملات , احکام طلاق , طلاق,"<div class=""col-md-8"">
<div class=""card"">
<div class=""card-body"">
<div class=""d-flex justify-content-between align-items-center screen-only"">
<div class=""col-auto"">
<div class=""lbl amiri""> فتوی   نمبر : </div>
<div class=""txt robotolight"">70246</div>
<div class=""lbl mobile""> |  تاریخ :  </div>
<div class=""txt robotolight mobile"">2024-01-10</div>
</div>
<div class=""col-auto"">
<div aria-label="""" class=""btn-group me-2"" role=""group"">
<button class=""btn btn-secondary increase"" type=""button"">+</button>
<button class=""btn btn-secondary reset"" type=""button"">Aa</button>
<button class=""btn btn-secondary decrease"" type=""button"">-</button>
</div>
</div>
</div>
</div>
</div>
<div class=""urdu text-center print-only"">
<img alt=""Online Fatwa Darulifta Binoria"" class=""img-responsive logo"" src=""https://onlinefatawa.com/assets/images/Binoria_Logo.png"" style=""max-width: 150px;"" title=""Darulifta Binoria""/>
<br/> <span class=""amiri""> فتوی  نمبر : </span><span class=""robotolight""> 70246</span>
<br/>""تہ پہ ما طلاقہ ائی""(تم مجھ پر طلاق ہو) کہنے سے طلاق کا حکم                 </div>
<div class=""eight"">
<h6 class=""kufi fs-sm"">
                        معاملات / احکام طلاق / طلاق                    </h6>
</div>
<h3 class=""text-center text-danger screen-only urdu-heading mx-4 my-2"">""تہ پہ ما طلاقہ ائی""(تم مجھ پر طلاق ہو) کہنے سے طلاق کا حکم </h3>
<p class=""text-justify urdu resizable""> میرے  بہنوئی  رفیع اللہ ولد حضرت محمد نے اپنی منکوحہ مدخول بھا  بیوی سمیہ بنت سید افضل (جو میری بہن ہے) کو تین طلاق اپنے گھروالوں کے سامنے دی تھی ، پھر جب ہم نے ان سے پوچھا کہ آپ نے تین طلاق مکمل دی ہے یا کچھ رجوع کے الفاظ بولے  ہیں ؟ تو اس لڑکے رفیع اللہ کے والد نے جب دوبارہ اسے بلایا تو اس نے یہ مذکور  چارگواہوں (۔۔۔۔۔۔ )کے سامنے پھر الگ سے تین دفعہ طلاق دے کر کہا کہ مجھ سے بلکل فارغ اور بائن ہے، لہذا اب پوچھنا یہ ہے کہ کیا اس کے اس طرح کہنے سے تین طلاق ہو گئی ہے اور میری بہن عدت کے لئے اس کے نکاح سے فارغ ہے ، اب طلاق کی صورت میں حق مہر کا کیا حکم ہے ؟ جرگےکے سامنے وہ حلالہ کرانے کے لئے بھی راضی ہو گیا تھا ، الفاظ طلاق یہ تھے ""تہ پہ ما طلاقہ ئے "" تم مجھ ہر طلاق ہو ، تین مرتبہ کہا تھا ، اور یہی الفاظ جرگے کے سامنے بھی تین مرتبہ دھرائے ، اب شریعت محمدی کے روشنی میں ہمیں تفصیلی فتوی دیا جائے   ۔ </p>
<h5 class=""text-center amiri""> <strong> الجوابُ  حامِدا ًو مُصلیِّا ً   </strong></h5>
<p class=""text-justify urdu resizable""> سائل کا بیان اگر واقعۃً درست اور مبنی بر حقیقت ہو  ، اس میں کسی بھی قسم غلط بیانی اور دروغ گوئی سے کام نہ  لیا گیا ہو اس طور پر کہ مسمی رفیع اللہ ولد حضرت محمد نے اپنی  بیوی کو مذکور الفاظ ""تہ پہ ما طلاقہ ئے ""(تم مجھ پر طلاق ہو)تین مرتبہ کہہ دیئے ہوں تو اس سے شخص مذکور کی بیوی پر تینوں طلاقیں واقع ہو کر حرمت مغلظہ ثابت ہو چکی ہے ، اب  رجوع نہیں ہو سکتا اور حلالہ شرعیہ کے بغیر باہم عقد نکاح  بھی نہیں  ہو سکتا ، لہذا دونوں پر لازم ہے کہ ایک دوسرے  سے علیحدہ رہیں اور میاں بیوی والے تعلقات ہرگز قائم نہ کریں ، ورنہ دونوں سخت گنا ہ گار ہوں گے ، جبکہ عورت ایام عدت کے بعد دوسری جگہ نکاح کرنے میں بھی آزاد ہوگی، نیز اگر مذکور شخص نے ابھی تک بیوی کا حق مہر ادا نہ کیا ہو تو اس پر لازم ہے کہ فوراً حق مہر ادا کرے  ، اور   حلالہ شرعیہ یہ ہے کہ عورت ایّام عدت گزارنے کے بعد بغیر کسی شرط کے کسی دوسرے شخص سے اپنا عقد نکاح کرے چنانچہ   اگر وہ دوسرا شخص بھی اسے  ایک مرتبہ ہمبستری  ( جو کہ حلالہ شرعیہ کے تحقق کے لئے ضروری ہے  )  کے فوراً بعد یا ازدواجی زندگی کے کچھ  عرصہ بعد طلاق دیدے  یا طلاق تو نہ دے،  مگر اس کا پہلے انتقال ہو جائے تو بہر صورت اس کی عدت گزارنے کے بعد اگر وہ پہلے شوہر کے عقد نکاح میں آنا چاہے اور پہلا شوہر بھی اسے رکھنے پر رضا مند ہو تو نئے مہر پر شرعی گواہوں کی موجودگی میں دوبارہ عقد نکاح کرکے باہم میاں بیوی کی حیثیت سے زندگی بسر کر سکتے ہیں ، تاہم حلالہ اس شرط کے ساتھ کرنا کہ زوج  ثانی ہمبستری کے بعد بیوی کو طلاق دیگا تاکہ زوج اول کے لئے عورت حلال ہو جائے   مکروہ تحریمی ہے ،   اور اس پر احادث مبارکہ  میں وعید وارد ہوئی ہے ، لہذا اس  سے احتراز لازم ہے ، البتہ بلا شرط ایسا کرنا بلا شبہ جائز اور درست ہے ۔  </p>
<h5 class=""text-center amiri""> <strong>  مأخَذُ الفَتوی   </strong></h5>
<p class=""text-justify hawala amiri resizable""> قال اللہ تعالی: فَاِنْ طَلَّقَهَا فَلَا تَحِلُّ لَـهٝ مِنْ بَعْدُ حَتّـٰى تَنْكِـحَ زَوْجًا غَيْـرَهٝ ۗ فَاِنْ طَلَّقَهَا فَلَا جُنَاحَ عَلَيْهِمَآ اَنْ يَّتَـرَاجَعَآ اِنْ ظَنَّـآ اَنْ يُّقِيْمَا حُدُوْدَ اللّـٰهِ ۗ وَتِلْكَ حُدُوْدُ اللّـٰهِ يُبَيِّنُهَا لِقَوْمٍ يَّعْلَمُوْنَ الایۃ(بقرہ۔آیۃ 230)۔<br>
وفی اعلاء السنن:عن عائشۃ قالت: جائت امراۃ رفاعۃ القرظی الی النبیﷺ فقالت:کنت عند رفاعۃ فطلقنی فبت طلاقی،فتزوجت بعدہ عبد الرحمن ابن زبیر(الی قولھا)فقالﷺ:اتریدین ان ترجعی الی رفاعہ؟لا!حتی تذوقی عسیلتہ ویذوق عسیلتک الخ(ج 11 ص 213)۔<br>
کما فی بدائع الصنائع: واما الطلقات الثلاث فحکمھا الاصلی ھو زوال الملک وزوال المحلیۃ ایضا ، حتی لا یجوز لہ نکاحھا قبل التزوج بزوج آخر الخ (فصل۔حکم الطلاق الثلاث ۔ج 3 ص 187)۔<br/>
وفی الدر المختار: ویتاکد (عند وطء او خلوۃ صحت)من الزوج (او موت احدھما ) الخ (باب۔ المھر۔ج 3 ص 102 )۔ </br></br></p>
<div class=""ftw-writer amiri"">
<div class=""row"">
<div class=""col-md-8 col-sm-8 col-lg-8""></div>
<div class=""col-md-4 col-sm-4 col-lg-4 text-center"">
                                                            واللہ تعالی اعلم بالصواب  <br/><a href=""https://onlinefatawa.com/fatawa/writer_profile/546"">محمد حذیفہ حسن </a> عُفی  عنه  <br/> دار الافتاء جامعه بنوریه عالمیه                                                          <br/>
<a class=""text-center print-only"" href=""https://onlinefatawa.com/view_fatwa_unicode/70246""> فتوی  نمبر   70246کی تصدیق کریں  </a>
</div>
<div class=""col-md-1 col-sm-1""></div>
</div>
</div>
<div class=""row my-4 screen-only"">
<div class=""col-7 fs-sm"">
<a class=""my-twit link-info"" data-show-count=""false"" href=""https://twitter.com/share?ref_src=twsrc%5Etfw""><i class=""fab fa-twitter""></i></a> | 
                        <a class=""fb-xfbml-parse-ignore link-primary"" href=""https://www.facebook.com/sharer/sharer.php?u=https%3A%2F%2Fwww.onlinefatawa.com/view_fatwa_unicode/70246%2F&amp;src=sdkpreparse"" target=""_blank""><i class=""fab fa-facebook""></i></a> |
                        <a class=""link-success"" data-action=""share/whatsapp/share"" href=""whatsapp://send?text=https://onlinefatawa.com/view_fatwa_unicode/70246""> <i class=""fab fa-whatsapp""></i></a> |
                        <a class=""link-secondary"" onclick=""window.print()"" title=""Print this Fatwa"" type=""button""><i class=""fa fa-print""></i></a> |     
                        <span class=""amiri fs-sm"">
<a class=""link-danger"" href=""https://onlinefatawa.com/view_fatwa_unicode/70246/"" تہ-پہ-ما-طلاقہ-ائی""(تم-مجھ-پر-طلاق-ہو)-کہنے-سے-طلاق-کا-حکم-""=""""> یونیکوڈ   </a>|
                                                                                                            </span>
</div>
<div class=""col-5"">
<div class=""text-start fs-sm"">
<a class=""like-link link-info"" onclick=""savelike(70246);"">
<i class=""far fa-thumbs-up"" id=""like-icon""></i>
</a>
<span id=""70246"">1</span>    
                            <i class=""far fa-eye""></i> 320                        </div>
</div>
</div>
</div>"
https://onlinefatawa.com/view_fatwa_unicode/70297,جاز کیش اور ایزی پیسہ اکاؤنٹ   کسی دوسرے نیک ورک پر بنانے کا حکم,"<p class=""text-justify urdu resizable"">     جاز کیش اکاؤنٹ جاز کے نمبر اور ایزی پیسہ اکاؤنٹ ٹیلی نار کے نمبر پر بنائے  گئے اکاؤنٹ میں رقم رکھنے اور ٹرانزیکشن کرنے سے فری منٹ اور ایس ایم ایس وغیرہ ملتے ہیں  ، یہ تو سود ہے ،لیکن اگر ہم جاز کیش اکاؤنٹ جاز کے علاوہ کسی اور نیٹ ورک پر اور ایزی پیسہ اکاؤنٹ ٹیلی نار کے علاوہ کسی اور نیٹ ورک کے نمبر پر بناتے تو ہمیں کچھ نہیں ملتا ، کیا اس صورت میں جاز اور ایزی پیسہ استعمال کرنا جائز ہوگا ؟ </p>","<h5 class=""text-center amiri""> <strong> الجوابُ  حامِدا ًو مُصلیِّا ً   </strong></h5><p class=""text-justify urdu resizable"">    واضح ہو کہ ایزی پیسہ اور جیز کیش اکاؤنٹ کھلوانا فی نفسہ جائز ہے ، اور کاؤنٹ میں جو رقم رکھوائی جاتی ہے ، فقہی لحاظ سے وہ قرض ہے ، اورقرض پر کسی بھی قسم کا مشروط یا معروف نفع لینا سود ہے، لہذا جاز کیش یا ایزی پیسہ  پر دیئے جانے والے فری منٹس  ایس ایم ایس وغیرہ قرض پر نفع ہونے کی بنا پر سود ہے، جس سے احتراز لازم ہے، البتہ اگر سائل جاز کیش اکاؤنٹ   کے علاوہ کسی اور نیٹ ورک پر اور ایزی پیسہ اکاؤنٹ ٹیلی نار کے علاوہ کسی اور نیٹ ورک کے نمبر پر کھلواتا ہے ، اور اس میں فری منٹ ایس ایم ایس  وغیرہ نہیں ملتے تو اس طرح کے اکاؤنٹ کھلوانا اور اس کو اپنے استعمال میں لانا جائز ہے ۔ </p><h5 class=""text-center amiri""> <strong>  مأخَذُ الفَتوی   </strong></h5><p class=""text-justify hawala amiri resizable"">     کما فی ردالمحتار: تحت قوله( كل قرض جر نفعا حرام) أي إذا كان مشروطا كما علم مما نقله عن البحر، وعن الخلاصة وفي الذخيرة وإن لم يكن النفع مشروطا في القرض، فعلى قول الكرخي لا بأس به ويأتي تمامه(فصل فی القرض ،ج 5 ص 166 ط: سعید) </p><div class=""ftw-writer amiri"">
<div class=""row"">
<div class=""col-md-8 col-sm-8 col-lg-8""></div>
<div class=""col-md-4 col-sm-4 col-lg-4 text-center"">
                                                            واللہ تعالی اعلم بالصواب  <br/><a href=""https://onlinefatawa.com/fatawa/writer_profile/548"">ظفراللہ نعمت </a> عُفی  عنه  <br/> دار الافتاء جامعه بنوریه عالمیه                                                          <br/>
<a class=""text-center print-only"" href=""https://onlinefatawa.com/view_fatwa_unicode/70297""> فتوی  نمبر   70297کی تصدیق کریں  </a>
</div>
<div class=""col-md-1 col-sm-1""></div>
</div>
</div>",2024-01-13,70297,onlinefatawa.com,جدید فقہی مسائل , ٹیکنالوجی , کرنسی,"<div class=""col-md-8"">
<div class=""card"">
<div class=""card-body"">
<div class=""d-flex justify-content-between align-items-center screen-only"">
<div class=""col-auto"">
<div class=""lbl amiri""> فتوی   نمبر : </div>
<div class=""txt robotolight"">70297</div>
<div class=""lbl mobile""> |  تاریخ :  </div>
<div class=""txt robotolight mobile"">2024-01-13</div>
</div>
<div class=""col-auto"">
<div aria-label="""" class=""btn-group me-2"" role=""group"">
<button class=""btn btn-secondary increase"" type=""button"">+</button>
<button class=""btn btn-secondary reset"" type=""button"">Aa</button>
<button class=""btn btn-secondary decrease"" type=""button"">-</button>
</div>
</div>
</div>
</div>
</div>
<div class=""urdu text-center print-only"">
<img alt=""Online Fatwa Darulifta Binoria"" class=""img-responsive logo"" src=""https://onlinefatawa.com/assets/images/Binoria_Logo.png"" style=""max-width: 150px;"" title=""Darulifta Binoria""/>
<br/> <span class=""amiri""> فتوی  نمبر : </span><span class=""robotolight""> 70297</span>
<br/>جاز کیش اور ایزی پیسہ اکاؤنٹ   کسی دوسرے نیک ورک پر بنانے کا حکم                 </div>
<div class=""eight"">
<h6 class=""kufi fs-sm"">
                        جدید فقہی مسائل / ٹیکنالوجی / کرنسی                    </h6>
</div>
<h3 class=""text-center text-danger screen-only urdu-heading mx-4 my-2"">جاز کیش اور ایزی پیسہ اکاؤنٹ   کسی دوسرے نیک ورک پر بنانے کا حکم </h3>
<p class=""text-justify urdu resizable"">     جاز کیش اکاؤنٹ جاز کے نمبر اور ایزی پیسہ اکاؤنٹ ٹیلی نار کے نمبر پر بنائے  گئے اکاؤنٹ میں رقم رکھنے اور ٹرانزیکشن کرنے سے فری منٹ اور ایس ایم ایس وغیرہ ملتے ہیں  ، یہ تو سود ہے ،لیکن اگر ہم جاز کیش اکاؤنٹ جاز کے علاوہ کسی اور نیٹ ورک پر اور ایزی پیسہ اکاؤنٹ ٹیلی نار کے علاوہ کسی اور نیٹ ورک کے نمبر پر بناتے تو ہمیں کچھ نہیں ملتا ، کیا اس صورت میں جاز اور ایزی پیسہ استعمال کرنا جائز ہوگا ؟ </p>
<h5 class=""text-center amiri""> <strong> الجوابُ  حامِدا ًو مُصلیِّا ً   </strong></h5>
<p class=""text-justify urdu resizable"">    واضح ہو کہ ایزی پیسہ اور جیز کیش اکاؤنٹ کھلوانا فی نفسہ جائز ہے ، اور کاؤنٹ میں جو رقم رکھوائی جاتی ہے ، فقہی لحاظ سے وہ قرض ہے ، اورقرض پر کسی بھی قسم کا مشروط یا معروف نفع لینا سود ہے، لہذا جاز کیش یا ایزی پیسہ  پر دیئے جانے والے فری منٹس  ایس ایم ایس وغیرہ قرض پر نفع ہونے کی بنا پر سود ہے، جس سے احتراز لازم ہے، البتہ اگر سائل جاز کیش اکاؤنٹ   کے علاوہ کسی اور نیٹ ورک پر اور ایزی پیسہ اکاؤنٹ ٹیلی نار کے علاوہ کسی اور نیٹ ورک کے نمبر پر کھلواتا ہے ، اور اس میں فری منٹ ایس ایم ایس  وغیرہ نہیں ملتے تو اس طرح کے اکاؤنٹ کھلوانا اور اس کو اپنے استعمال میں لانا جائز ہے ۔ </p>
<h5 class=""text-center amiri""> <strong>  مأخَذُ الفَتوی   </strong></h5>
<p class=""text-justify hawala amiri resizable"">     کما فی ردالمحتار: تحت قوله( كل قرض جر نفعا حرام) أي إذا كان مشروطا كما علم مما نقله عن البحر، وعن الخلاصة وفي الذخيرة وإن لم يكن النفع مشروطا في القرض، فعلى قول الكرخي لا بأس به ويأتي تمامه(فصل فی القرض ،ج 5 ص 166 ط: سعید) </p>
<div class=""ftw-writer amiri"">
<div class=""row"">
<div class=""col-md-8 col-sm-8 col-lg-8""></div>
<div class=""col-md-4 col-sm-4 col-lg-4 text-center"">
                                                            واللہ تعالی اعلم بالصواب  <br/><a href=""https://onlinefatawa.com/fatawa/writer_profile/548"">ظفراللہ نعمت </a> عُفی  عنه  <br/> دار الافتاء جامعه بنوریه عالمیه                                                          <br/>
<a class=""text-center print-only"" href=""https://onlinefatawa.com/view_fatwa_unicode/70297""> فتوی  نمبر   70297کی تصدیق کریں  </a>
</div>
<div class=""col-md-1 col-sm-1""></div>
</div>
</div>
<div class=""row my-4 screen-only"">
<div class=""col-7 fs-sm"">
<a class=""my-twit link-info"" data-show-count=""false"" href=""https://twitter.com/share?ref_src=twsrc%5Etfw""><i class=""fab fa-twitter""></i></a> | 
                        <a class=""fb-xfbml-parse-ignore link-primary"" href=""https://www.facebook.com/sharer/sharer.php?u=https%3A%2F%2Fwww.onlinefatawa.com/view_fatwa_unicode/70297%2F&amp;src=sdkpreparse"" target=""_blank""><i class=""fab fa-facebook""></i></a> |
                        <a class=""link-success"" data-action=""share/whatsapp/share"" href=""whatsapp://send?text=https://onlinefatawa.com/view_fatwa_unicode/70297""> <i class=""fab fa-whatsapp""></i></a> |
                        <a class=""link-secondary"" onclick=""window.print()"" title=""Print this Fatwa"" type=""button""><i class=""fa fa-print""></i></a> |     
                        <span class=""amiri fs-sm"">
<a class=""link-danger"" href=""https://onlinefatawa.com/view_fatwa_unicode/70297/جاز-کیش-اور-ایزی-پیسہ-اکاؤنٹ---کسی-دوسرے-نیک-ورک-پر-بنانے-کا-حکم-""> یونیکوڈ   </a>|
                                                                                                            </span>
</div>
<div class=""col-5"">
<div class=""text-start fs-sm"">
<a class=""like-link link-info"" onclick=""savelike(70297);"">
<i class=""far fa-thumbs-up"" id=""like-icon""></i>
</a>
<span id=""70297"">0</span>    
                            <i class=""far fa-eye""></i> 365                        </div>
</div>
</div>
</div>"
https://onlinefatawa.com/view_fatwa_unicode/70459,ہنسی مذاق میں کئے ہوئے نکاح کا حکم,"<p class=""text-justify urdu resizable"">میری دوست اور اس کا کزن مذاق میں نکاح کر بیٹھیں ہیں ، اپنے دو  مرد دوستوں کی موجودگی میں  ،ان کو علم نہیں تھا کہ مذاق میں نکاح ہو جاتا ہے، جب علم ہوا تو میری دوست نے اپنے کزن سے رابطہ کیا اور اسے سارے معاملے کے بارے میں بتایا ،اس کے کزن نے کہا کہ ایسا کچھ نہیں ہوا تھا، لیکن میری دوست کو یقین تھا کہ ایسا کچھ ہوا ہے۔ اس نے اپنے کزن سے کہا کہ وہ اس کو طلاق دے دے ۔ پہلے تو اس کے کزن نے کہا کہ جب ایسا کچھ ہوا ہی نہیں تو طلاق کیوں دے۔ بہت اصرار کرنے پر اس کے کزن  نے کہا ""ٹھیک ہے، دی آپ کو""۔    یہ ساری گفتکو  واٹس ایپ (Whatsapp) پر ہوئی تھی، میسج پر۔  <br>
ہمارا پہلا سوال یہ ہے کہ کیا طلاق ہو  گئی ہے؟ دوسرا یہ کہ  میری دوست اور اس کا کزن ایک بار اکیلے میں مل چکے ہیں  نکاح کے بعد لیکن اس وقت ان دونوں کو نکاح کا علم نہیں تھا اور وہ دونوں صرف کچھ بات  کرنے کے لیے ملے تھے  ان دونوں کے درمیان میں کچھ نہیں ہوا تھا کیونکہ وہ  دونوں ایک دوسرے کو میاں بیوی تصور نہیں کرتے تھےلیکن خلوت تھی۔  میری دوست کا نکاح ہے  کچھ ہفتوں میں ، ویسے تو اس نے اپنی عدت پوری کر لی ہے   لیکن  میری دوست کے دل میں یہ خوف ہے کہ کہیں اس  کے کزن نے  رجوع نہ کر لیا ہو ، حالانکہ اس کا کزن تو نکاح کو ماننے کے لئے تیار  ہی نہیں  تھا تو وہ رجوع کیوں کرے گا لیکن پھر بھی اس کے دل میں یہ خوف بیٹھا ہوا ہے ، کیا وہ کسی دوسرے جگہ نکاح کر سکتی ہے؟ اس کا جو نکاح اب ہونے جا رہا ہے کیا وہ جائز ہے؟</br></p>","<h5 class=""text-center amiri""> <strong> الجوابُ  حامِدا ًو مُصلیِّا ً   </strong></h5><p class=""text-justify urdu resizable""> واضح ہو کہ لڑکا و لڑکی کا اس طرح چلتے پھرتے  مزاح  کرتے  ہوئے آپس میں نکاح کرنا ،  نکاح جیسے  مہتم بالشان شرعی حکم کو کھیل کود کا ذریعہ بنانے کے مترادف ہونے کی وجہ سے  انتہائی قبیح فعل ہے ، جس سے احتراز لازم ہے ، تاہم    سائلہ کی  دوست اور کزن نے دو عاقل بالغ مردوں کے  موجود گی میں باقا عدہ ایجاب و قبول  ( خواہ مزاق میں ہی کیوں نہ ہوں)  کرتے ہوئے نکاح کیا ہو، اور وہ دونوں با ہم کفو بھی ہوں، تو ایسی صورت میں یہ نکاح شرعاً بھی منعقدہو  کر درست ہوا تھا، جس کے بعد مذکور لڑکا ولڑکی تنہائی میں اگر اس طور پر ملے ہوں کہ انہیں باہمی نکاح کے منعقد ہونے کا علم ہی نہ ہو، تو اس سے ان کے درمیان چونکہ خلوتِ صحیحہ  نہیں پائی گئی، لہذا سائلہ کی دوست کے مطالبہ طلاق کے جواب میں اگر واقعۃ مذکور کزن نے مذکور الفاظ   ""ٹھیک ہے  دی آپ کو""   کہہ دیے  ہوں ، تو اس سے سائلہ کی دوست پر طلاق بائن واقع ہو کر متعاقدین (لڑکا ولڑکی)  کانکاح ختم ہو چکا ہے ،  اور لڑکے کو  رجوع کا  حق بھی حاصل نہیں تھا ، چنانچہ  اب سائلہ کی دوست کسی دوسری جگہ نکاح کرنا چاہے ، تو اس کا اسے اختیار ہے ، شرعاً اس میں کوئی حرج  نہیں  ۔ </p><h5 class=""text-center amiri""> <strong>  مأخَذُ الفَتوی   </strong></h5><p class=""text-justify hawala amiri resizable""> كما في سنن أبي داود : عن أبي هريرة رضي الله عنه أن رسول الله صل الله عليه و سلم قال : ثلاث جدهن جد و هزلهن جد : النكاح والطلاق والرجعة ( باب في الطلاق على الهزل ، ص ٤٩٣ ، رقم : ٢١٩٤ ، ط : مؤسسة الرسالة )-<br>
 و في إعلاء السنن : قال أبو حنيفة رح : في نكاح اللعب والهزل أنه جائز كما يجوز نكاح الجد ( باب لعب النكاح وجده سواء، ج ۱۱، ص۱۳۳، ط: ادارة القران،كراتشي )-<br/>
وفي فتاوى الهندية : إذا طلق الرجل امرأته ثلاثا قبل الدخول بها وقعن عليها فإن فرق الطلاق بانت بالأولى ولم تقع الثانية والثالثة الخ ( كتاب الطلاق، الفصل الرابع في الطلاق قبل الدخول ، ج۲، ص۲۳۷، ط: رشيدية) – <br/>
وفيها أيضا : امرأة قالت لزوجها : ""مرا طلاق ده "" ( أعطني الطلاق ) فقال الزوج: ""داده وكرده كير"" أو قال ""داده باد و کرده باد"" (افرضي أنه أعطى و فعل (أو قال) ليكن معطى أو ليكن فعل إن نوى يقع ويكون رجعيا وإن لم ينوى لا يقع، ولو قال : ""داده است او كره است "" ( اعطى أو فعل ) يقع، نوى أولم ينوى الخ ) الفصل السابع في الطلاق بالألفاظ الفارسية ،ج ۲، ص۲۵۹، ط: رشيدية )- <br/>
و في فتاوى قاضي خان : ولو دخلت على الرجل امرأته ولم يعرفها أو دخل الرجل على امرأته فمكث ساعة ثم خرج ولم يعرفها اختلفوا فيه قال الفقيه أبو الليث رحمه الله : لا يكون خلوة ويصدق أنه لم يعرفها الخ ( فصل في الخلوة وتأكد المهر، ج ۲ ص79،ط: رشيدية)- <br/>
</br></p><div class=""ftw-writer amiri"">
<div class=""row"">
<div class=""col-md-8 col-sm-8 col-lg-8""></div>
<div class=""col-md-4 col-sm-4 col-lg-4 text-center"">
                                                            واللہ تعالی اعلم بالصواب  <br/><a href=""https://onlinefatawa.com/fatawa/writer_profile/545"">محمد عبدالمجید نور </a> عُفی  عنه  <br/> دار الافتاء جامعه بنوریه عالمیه                                                          <br/>
<a class=""text-center print-only"" href=""https://onlinefatawa.com/view_fatwa_unicode/70459""> فتوی  نمبر   70459کی تصدیق کریں  </a>
</div>
<div class=""col-md-1 col-sm-1""></div>
</div>
</div>",2024-01-21,70459,onlinefatawa.com,معاملات , احکام نکاح , نکاح,"<div class=""col-md-8"">
<div class=""card"">
<div class=""card-body"">
<div class=""d-flex justify-content-between align-items-center screen-only"">
<div class=""col-auto"">
<div class=""lbl amiri""> فتوی   نمبر : </div>
<div class=""txt robotolight"">70459</div>
<div class=""lbl mobile""> |  تاریخ :  </div>
<div class=""txt robotolight mobile"">2024-01-21</div>
</div>
<div class=""col-auto"">
<div aria-label="""" class=""btn-group me-2"" role=""group"">
<button class=""btn btn-secondary increase"" type=""button"">+</button>
<button class=""btn btn-secondary reset"" type=""button"">Aa</button>
<button class=""btn btn-secondary decrease"" type=""button"">-</button>
</div>
</div>
</div>
</div>
</div>
<div class=""urdu text-center print-only"">
<img alt=""Online Fatwa Darulifta Binoria"" class=""img-responsive logo"" src=""https://onlinefatawa.com/assets/images/Binoria_Logo.png"" style=""max-width: 150px;"" title=""Darulifta Binoria""/>
<br/> <span class=""amiri""> فتوی  نمبر : </span><span class=""robotolight""> 70459</span>
<br/>ہنسی مذاق میں کئے ہوئے نکاح کا حکم                 </div>
<div class=""eight"">
<h6 class=""kufi fs-sm"">
                        معاملات / احکام نکاح / نکاح                    </h6>
</div>
<h3 class=""text-center text-danger screen-only urdu-heading mx-4 my-2"">ہنسی مذاق میں کئے ہوئے نکاح کا حکم </h3>
<p class=""text-justify urdu resizable"">میری دوست اور اس کا کزن مذاق میں نکاح کر بیٹھیں ہیں ، اپنے دو  مرد دوستوں کی موجودگی میں  ،ان کو علم نہیں تھا کہ مذاق میں نکاح ہو جاتا ہے، جب علم ہوا تو میری دوست نے اپنے کزن سے رابطہ کیا اور اسے سارے معاملے کے بارے میں بتایا ،اس کے کزن نے کہا کہ ایسا کچھ نہیں ہوا تھا، لیکن میری دوست کو یقین تھا کہ ایسا کچھ ہوا ہے۔ اس نے اپنے کزن سے کہا کہ وہ اس کو طلاق دے دے ۔ پہلے تو اس کے کزن نے کہا کہ جب ایسا کچھ ہوا ہی نہیں تو طلاق کیوں دے۔ بہت اصرار کرنے پر اس کے کزن  نے کہا ""ٹھیک ہے، دی آپ کو""۔    یہ ساری گفتکو  واٹس ایپ (Whatsapp) پر ہوئی تھی، میسج پر۔  <br>
ہمارا پہلا سوال یہ ہے کہ کیا طلاق ہو  گئی ہے؟ دوسرا یہ کہ  میری دوست اور اس کا کزن ایک بار اکیلے میں مل چکے ہیں  نکاح کے بعد لیکن اس وقت ان دونوں کو نکاح کا علم نہیں تھا اور وہ دونوں صرف کچھ بات  کرنے کے لیے ملے تھے  ان دونوں کے درمیان میں کچھ نہیں ہوا تھا کیونکہ وہ  دونوں ایک دوسرے کو میاں بیوی تصور نہیں کرتے تھےلیکن خلوت تھی۔  میری دوست کا نکاح ہے  کچھ ہفتوں میں ، ویسے تو اس نے اپنی عدت پوری کر لی ہے   لیکن  میری دوست کے دل میں یہ خوف ہے کہ کہیں اس  کے کزن نے  رجوع نہ کر لیا ہو ، حالانکہ اس کا کزن تو نکاح کو ماننے کے لئے تیار  ہی نہیں  تھا تو وہ رجوع کیوں کرے گا لیکن پھر بھی اس کے دل میں یہ خوف بیٹھا ہوا ہے ، کیا وہ کسی دوسرے جگہ نکاح کر سکتی ہے؟ اس کا جو نکاح اب ہونے جا رہا ہے کیا وہ جائز ہے؟</br></p>
<h5 class=""text-center amiri""> <strong> الجوابُ  حامِدا ًو مُصلیِّا ً   </strong></h5>
<p class=""text-justify urdu resizable""> واضح ہو کہ لڑکا و لڑکی کا اس طرح چلتے پھرتے  مزاح  کرتے  ہوئے آپس میں نکاح کرنا ،  نکاح جیسے  مہتم بالشان شرعی حکم کو کھیل کود کا ذریعہ بنانے کے مترادف ہونے کی وجہ سے  انتہائی قبیح فعل ہے ، جس سے احتراز لازم ہے ، تاہم    سائلہ کی  دوست اور کزن نے دو عاقل بالغ مردوں کے  موجود گی میں باقا عدہ ایجاب و قبول  ( خواہ مزاق میں ہی کیوں نہ ہوں)  کرتے ہوئے نکاح کیا ہو، اور وہ دونوں با ہم کفو بھی ہوں، تو ایسی صورت میں یہ نکاح شرعاً بھی منعقدہو  کر درست ہوا تھا، جس کے بعد مذکور لڑکا ولڑکی تنہائی میں اگر اس طور پر ملے ہوں کہ انہیں باہمی نکاح کے منعقد ہونے کا علم ہی نہ ہو، تو اس سے ان کے درمیان چونکہ خلوتِ صحیحہ  نہیں پائی گئی، لہذا سائلہ کی دوست کے مطالبہ طلاق کے جواب میں اگر واقعۃ مذکور کزن نے مذکور الفاظ   ""ٹھیک ہے  دی آپ کو""   کہہ دیے  ہوں ، تو اس سے سائلہ کی دوست پر طلاق بائن واقع ہو کر متعاقدین (لڑکا ولڑکی)  کانکاح ختم ہو چکا ہے ،  اور لڑکے کو  رجوع کا  حق بھی حاصل نہیں تھا ، چنانچہ  اب سائلہ کی دوست کسی دوسری جگہ نکاح کرنا چاہے ، تو اس کا اسے اختیار ہے ، شرعاً اس میں کوئی حرج  نہیں  ۔ </p>
<h5 class=""text-center amiri""> <strong>  مأخَذُ الفَتوی   </strong></h5>
<p class=""text-justify hawala amiri resizable""> كما في سنن أبي داود : عن أبي هريرة رضي الله عنه أن رسول الله صل الله عليه و سلم قال : ثلاث جدهن جد و هزلهن جد : النكاح والطلاق والرجعة ( باب في الطلاق على الهزل ، ص ٤٩٣ ، رقم : ٢١٩٤ ، ط : مؤسسة الرسالة )-<br>
 و في إعلاء السنن : قال أبو حنيفة رح : في نكاح اللعب والهزل أنه جائز كما يجوز نكاح الجد ( باب لعب النكاح وجده سواء، ج ۱۱، ص۱۳۳، ط: ادارة القران،كراتشي )-<br/>
وفي فتاوى الهندية : إذا طلق الرجل امرأته ثلاثا قبل الدخول بها وقعن عليها فإن فرق الطلاق بانت بالأولى ولم تقع الثانية والثالثة الخ ( كتاب الطلاق، الفصل الرابع في الطلاق قبل الدخول ، ج۲، ص۲۳۷، ط: رشيدية) – <br/>
وفيها أيضا : امرأة قالت لزوجها : ""مرا طلاق ده "" ( أعطني الطلاق ) فقال الزوج: ""داده وكرده كير"" أو قال ""داده باد و کرده باد"" (افرضي أنه أعطى و فعل (أو قال) ليكن معطى أو ليكن فعل إن نوى يقع ويكون رجعيا وإن لم ينوى لا يقع، ولو قال : ""داده است او كره است "" ( اعطى أو فعل ) يقع، نوى أولم ينوى الخ ) الفصل السابع في الطلاق بالألفاظ الفارسية ،ج ۲، ص۲۵۹، ط: رشيدية )- <br/>
و في فتاوى قاضي خان : ولو دخلت على الرجل امرأته ولم يعرفها أو دخل الرجل على امرأته فمكث ساعة ثم خرج ولم يعرفها اختلفوا فيه قال الفقيه أبو الليث رحمه الله : لا يكون خلوة ويصدق أنه لم يعرفها الخ ( فصل في الخلوة وتأكد المهر، ج ۲ ص79،ط: رشيدية)- <br/>
</br></p>
<div class=""ftw-writer amiri"">
<div class=""row"">
<div class=""col-md-8 col-sm-8 col-lg-8""></div>
<div class=""col-md-4 col-sm-4 col-lg-4 text-center"">
                                                            واللہ تعالی اعلم بالصواب  <br/><a href=""https://onlinefatawa.com/fatawa/writer_profile/545"">محمد عبدالمجید نور </a> عُفی  عنه  <br/> دار الافتاء جامعه بنوریه عالمیه                                                          <br/>
<a class=""text-center print-only"" href=""https://onlinefatawa.com/view_fatwa_unicode/70459""> فتوی  نمبر   70459کی تصدیق کریں  </a>
</div>
<div class=""col-md-1 col-sm-1""></div>
</div>
</div>
<div class=""row my-4 screen-only"">
<div class=""col-7 fs-sm"">
<a class=""my-twit link-info"" data-show-count=""false"" href=""https://twitter.com/share?ref_src=twsrc%5Etfw""><i class=""fab fa-twitter""></i></a> | 
                        <a class=""fb-xfbml-parse-ignore link-primary"" href=""https://www.facebook.com/sharer/sharer.php?u=https%3A%2F%2Fwww.onlinefatawa.com/view_fatwa_unicode/70459%2F&amp;src=sdkpreparse"" target=""_blank""><i class=""fab fa-facebook""></i></a> |
                        <a class=""link-success"" data-action=""share/whatsapp/share"" href=""whatsapp://send?text=https://onlinefatawa.com/view_fatwa_unicode/70459""> <i class=""fab fa-whatsapp""></i></a> |
                        <a class=""link-secondary"" onclick=""window.print()"" title=""Print this Fatwa"" type=""button""><i class=""fa fa-print""></i></a> |     
                        <span class=""amiri fs-sm"">
<a class=""link-danger"" href=""https://onlinefatawa.com/view_fatwa_unicode/70459/ہنسی-مذاق-میں-کئے-ہوئے-نکاح-کا-حکم-""> یونیکوڈ   </a>|
                                                                                                            </span>
</div>
<div class=""col-5"">
<div class=""text-start fs-sm"">
<a class=""like-link link-info"" onclick=""savelike(70459);"">
<i class=""far fa-thumbs-up"" id=""like-icon""></i>
</a>
<span id=""70459"">0</span>    
                            <i class=""far fa-eye""></i> 569                        </div>
</div>
</div>
</div>"
https://onlinefatawa.com/view_fatwa_unicode/71188,غیر رہائشی مدرسہ کیلئے زکوٰۃ لینا,"<p class=""text-justify urdu resizable""> کیا فرماتے ہیں علمائے کرام و مفتیانِ عظام اس مسئلہ کے بارے میں کہ ایک شخص جو کہ مدرسہ کے معلم و معلّمات کو تنخواہ بھی دیتا ہے اور جس جگہ مدرسہ ہے اس کا کرایہ بھی ادا کرتا ہے، تو کیا اُس شخص کو اس مدرسہ کیلئے زکوٰۃ لینا جائز ہے؟ حالانکہ اس مدرسہ میں کوئی طالبعلم اور طالبہ مسافر نہیں ہے صرف اساتذہ کی  تنخواہیں اور کرایہ ہے۔</p>","<h5 class=""text-center amiri""> <strong> الجوابُ  حامِدا ًو مُصلیِّا ً   </strong></h5><p class=""text-justify urdu resizable""> مذکور مدرسہ میں کوئی مصرفِ زکوٰہ نہ ہونے کی وجہ سے زکوٰۃ اور دیگر صدقاتِ واجبہ کا دینا جائز نہیں، لہٰذا بلا واسطہ تملیک زکوٰۃ کی رقم ان مذکور مصارف میں خرچ کرنے سے احتراز لازم ہے، ان مصارف میں نفلی صدقات اور  عطیات کی مد سے خرچ کرنا جائز ہے اور ایسا ہی کرنا چاہیئے۔ </p><h5 class=""text-center amiri""> <strong>  مأخَذُ الفَتوی   </strong></h5><p class=""text-justify hawala amiri resizable""> وفی الدر المختار: ویشترط ان یکون الصرف (تملیکا) لا اباحة. (244/2) </p><div class=""ftw-writer amiri"">
<div class=""row"">
<div class=""col-md-8 col-sm-8 col-lg-8""></div>
<div class=""col-md-4 col-sm-4 col-lg-4 text-center"">
                                                            واللہ تعالی اعلم بالصواب  <br/><a href=""https://onlinefatawa.com/fatawa/writer_profile/73"">عبد القیوم سلطان </a> عُفی  عنه  <br/> دار الافتاء جامعه بنوریه عالمیه                                                          <br/>
<a class=""text-center print-only"" href=""https://onlinefatawa.com/view_fatwa_unicode/71188""> فتوی  نمبر   71188کی تصدیق کریں  </a>
</div>
<div class=""col-md-1 col-sm-1""></div>
</div>
</div>",2024-03-08,71188,onlinefatawa.com,عبادات , زکوۃ و صدقات , زکوۃ و نصاب زکوۃ,"<div class=""col-md-8"">
<div class=""card"">
<div class=""card-body"">
<div class=""d-flex justify-content-between align-items-center screen-only"">
<div class=""col-auto"">
<div class=""lbl amiri""> فتوی   نمبر : </div>
<div class=""txt robotolight"">71188</div>
<div class=""lbl mobile""> |  تاریخ :  </div>
<div class=""txt robotolight mobile"">0000-00-00</div>
</div>
<div class=""col-auto"">
<div aria-label="""" class=""btn-group me-2"" role=""group"">
<button class=""btn btn-secondary increase"" type=""button"">+</button>
<button class=""btn btn-secondary reset"" type=""button"">Aa</button>
<button class=""btn btn-secondary decrease"" type=""button"">-</button>
</div>
</div>
</div>
</div>
</div>
<div class=""urdu text-center print-only"">
<img alt=""Online Fatwa Darulifta Binoria"" class=""img-responsive logo"" src=""https://onlinefatawa.com/assets/images/Binoria_Logo.png"" style=""max-width: 150px;"" title=""Darulifta Binoria""/>
<br/> <span class=""amiri""> فتوی  نمبر : </span><span class=""robotolight""> 71188</span>
<br/>غیر رہائشی مدرسہ کیلئے زکوٰۃ لینا                </div>
<div class=""eight"">
<h6 class=""kufi fs-sm"">
                        عبادات / زکوۃ و صدقات / زکوۃ و نصاب زکوۃ                    </h6>
</div>
<h3 class=""text-center text-danger screen-only urdu-heading mx-4 my-2"">غیر رہائشی مدرسہ کیلئے زکوٰۃ لینا</h3>
<p class=""text-justify urdu resizable""> کیا فرماتے ہیں علمائے کرام و مفتیانِ عظام اس مسئلہ کے بارے میں کہ ایک شخص جو کہ مدرسہ کے معلم و معلّمات کو تنخواہ بھی دیتا ہے اور جس جگہ مدرسہ ہے اس کا کرایہ بھی ادا کرتا ہے، تو کیا اُس شخص کو اس مدرسہ کیلئے زکوٰۃ لینا جائز ہے؟ حالانکہ اس مدرسہ میں کوئی طالبعلم اور طالبہ مسافر نہیں ہے صرف اساتذہ کی  تنخواہیں اور کرایہ ہے۔</p>
<h5 class=""text-center amiri""> <strong> الجوابُ  حامِدا ًو مُصلیِّا ً   </strong></h5>
<p class=""text-justify urdu resizable""> مذکور مدرسہ میں کوئی مصرفِ زکوٰہ نہ ہونے کی وجہ سے زکوٰۃ اور دیگر صدقاتِ واجبہ کا دینا جائز نہیں، لہٰذا بلا واسطہ تملیک زکوٰۃ کی رقم ان مذکور مصارف میں خرچ کرنے سے احتراز لازم ہے، ان مصارف میں نفلی صدقات اور  عطیات کی مد سے خرچ کرنا جائز ہے اور ایسا ہی کرنا چاہیئے۔ </p>
<h5 class=""text-center amiri""> <strong>  مأخَذُ الفَتوی   </strong></h5>
<p class=""text-justify hawala amiri resizable""> وفی الدر المختار: ویشترط ان یکون الصرف (تملیکا) لا اباحة. (244/2) </p>
<div class=""ftw-writer amiri"">
<div class=""row"">
<div class=""col-md-8 col-sm-8 col-lg-8""></div>
<div class=""col-md-4 col-sm-4 col-lg-4 text-center"">
                                                            واللہ تعالی اعلم بالصواب  <br/><a href=""https://onlinefatawa.com/fatawa/writer_profile/73"">عبد القیوم سلطان </a> عُفی  عنه  <br/> دار الافتاء جامعه بنوریه عالمیه                                                          <br/>
<a class=""text-center print-only"" href=""https://onlinefatawa.com/view_fatwa_unicode/71188""> فتوی  نمبر   71188کی تصدیق کریں  </a>
</div>
<div class=""col-md-1 col-sm-1""></div>
</div>
</div>
<div class=""row my-4 screen-only"">
<div class=""col-7 fs-sm"">
<a class=""my-twit link-info"" data-show-count=""false"" href=""https://twitter.com/share?ref_src=twsrc%5Etfw""><i class=""fab fa-twitter""></i></a> | 
                        <a class=""fb-xfbml-parse-ignore link-primary"" href=""https://www.facebook.com/sharer/sharer.php?u=https%3A%2F%2Fwww.onlinefatawa.com/view_fatwa_unicode/71188%2F&amp;src=sdkpreparse"" target=""_blank""><i class=""fab fa-facebook""></i></a> |
                        <a class=""link-success"" data-action=""share/whatsapp/share"" href=""whatsapp://send?text=https://onlinefatawa.com/view_fatwa_unicode/71188""> <i class=""fab fa-whatsapp""></i></a> |
                        <a class=""link-secondary"" onclick=""window.print()"" title=""Print this Fatwa"" type=""button""><i class=""fa fa-print""></i></a> |     
                        <span class=""amiri fs-sm"">
<a class=""link-danger"" href=""https://onlinefatawa.com/view_fatwa_unicode/71188/غیر-رہائشی-مدرسہ-کیلئے-زکوٰۃ-لینا""> یونیکوڈ   </a>|
                                                                                                            </span>
</div>
<div class=""col-5"">
<div class=""text-start fs-sm"">
<a class=""like-link link-info"" onclick=""savelike(71188);"">
<i class=""far fa-thumbs-up"" id=""like-icon""></i>
</a>
<span id=""71188"">0</span>    
                            <i class=""far fa-eye""></i> 321                        </div>
</div>
</div>
</div>"
