issued_at,link,title,question,answer,fatwa_number,dar_ul_ifta,category_level_1,category_level_2
06-Apr-2022,https://darulifta-deoband.com/home/ur/salah-prayer/610731,ہاتھ میں فیوی كویك لگا رہ گیا اور غسل و نماز كے بعد دیكھا تو كیا حكم ہے؟,سوال : کیا فرماتے ہیں مفتیانِ کرام مسئلہ ذیل کے بارے میں کہ میرے ہاتھ میں رات کو الگ الگ جگہ فیوی کویک (Fevikwik)لگ گیا تھا جس کی وجہ سے مجھے پتا نہی چلا جس جس جگہ کا مجھے پتا تھا میں اس جگہ چھڑایاجس قدر ممکن ہو سکا اس قدر اور میرا دل مطمئن ہوگیا تھا کے پورا چھوٹ گیا ہے اُس کے بعد مجھے رات کو احتلام ہوگیا پھر میں صبح کو اچھا سے غسل کیا اور اچھا سے صابن لگایا پھر ظہر کی نماز میں نے پڑھائی پھر اُس کے بعد دیکھا کے ایک جگہ پے فیوي کویک لگا ہوا ہے ہی پھر اس فيوی کویک کو میں نے دوبارہ چھڑوایا تو اب ایسی صورت میں کیا حکم ہے ساری چیزوں کو واضح طور پر بیان کردے تاکہ مجھے کوئی وسوسے یا شک نہ رہے جیسے مثال کے طور پر میری نماز ہوئی یا نہی میرا غسل ہوا تھا یا نہی ساری نمازیں لوٹانی پڑےگی یا ساری نمازیں ہوگئی یا اسکے علاوہ کچھ اور حکم ہے پورا واضح کر دیں۔,"<p>بسم الله الرحمن الرحيم</p><p> </p><p>Fatwa: 933-211T/M=09/1443</p><p>&nbsp;صورت مسئولہ میں ظہر كی نماز كے بعد جب آپ نے ایك جگہ فیوی كویك لگا ہوا دیكھا اور اسے دوبارہ چھڑا كر اس مقام كو دھولیا تھا تو غسل دہرانے كی ضرورت نہیں؛ البتہ نمازیں لوٹانی پڑے گی‏، اگر فیوی كویك لگنے كا معاملہ عشاء كی نماز كے بعد پیش آیا تھا تو صرف فجر اور ظہر لوٹانی ہوگی اور اگر عشاء سے پہلے پیش آیا تھا تو عشاء بھی لوٹانی ہوگی اور صرف ظہر میں آپ نے امامت كی ہے تو مقتدیوں میں اعلان بھی كرنا ہوگا كہ وہ اپنی اپنی ظہر لوٹالیں۔</p><p></p><br><span style=""font-size:1.2em"">
								<p><strong>واللہ تعالیٰ اعلم</strong></p>
								<br class=""clear"">
								<p><strong>دارالافتاء،</strong><br>دارالعلوم دیوبند</p>
							</span>",610731,deoband,عبادات,صلاة
06-Apr-2022,https://darulifta-deoband.com/home/ur/salah-prayer/610630,ظہر كی سنت قبلیہ بعد میں چار پڑھے یا دو؟,سوال : ایك مسئلہ سے متعلق آپ حضرات كی رائے مطلوب تھی، مسئلہ درجِ ذیل ہے: ”معارف الحدیث“ ۳/۱۹۸، بعنوان: دن رات كی مؤكد سنتیں، رقم الحدیث: ۱۸۱، كے تحت مولانا نعمانی صاحب رحمہ اللہ فرماتے ہیں: ”تمام حدیثوں كو سامنے ركھنے سے معلوم ہوتا ہے كہ رسول ﷺ ظہر سے پہلے اكثر وبیشتر چار ركعات پڑھتے تھے، اور كبھی كبھی صرف دو بھی پڑھتے تھے، بہر حال دونوں عمل ہی آپ ﷺ سے ثابت ہیں، اور جس پر بھی عمل كیا جائے سنت ادا ہو جائے گی“۔ اس كے بعد فرماتے ہیں: ”اس ناچیز نے بعض اہلِ علم كو دیكھا ہے كہ وہ ظہر سے پہلے اكثر وبیشتر چار ركعات سنت پڑھتے ہیں، لیكن جب دیكھتے ہیں كہ جماعت كا وقت قریب ہے، تو صرف دو ركعات پر اكتفا كرتے ہیں“۔ اس ضمن میں آنجناب سے یہ معلوم كرنا كرتا تھا كہ جب دونوں طریقے درست ہیں، تو اگر كوئی شخص جماعت كا وقت قریب ہونے كی صورت میں صرف دو ركعات پر اكتفاكرلے، اور اپنے دیگر رفقاء و معتقدین كو بھی بتادے ، تو آیا اس كی گنجائش ہے؟ نیز دو ركعات جب ایك بار سنت كی نیت سے ادا كرلی جائیں، تو پھر فرائض كے بعد چار سننِ قبلیہ لوٹانے كی ضرورت ہوگی یا نہیں؟ اس سلسلے میں راہ نمائی فرماكر عند اللہ ماجور ہوں۔,"<p>بسم الله الرحمن الرحيم</p><p> </p><p>Fatwa: 937-214T/M=09/1443</p><p>&nbsp;ظہر كی سنت قبلیہ كے متعلق اختلاف ہے‏، حضرت شاہ ولی اللہ دہلوی رحمہ اللہ فرماتے ہیں: ’’اور سنن مؤكدہ دس ركعتیں یا بارہ ركعتیں ہیں اختلاف اس میں ہے كہ ظہر سے پہلے دو سنتیں ہیں یا چار؟ دونوں باتیں صحیح روایات سے ثابت ہیں۔ پس چار پڑھے یہی كامل سنت ہے اور موقعہ نہ ہوتو دو ہی پڑھ لے‘‘۔ (دیكھئے رحمۃ اللہ الواسعۃ: 3/475) اور فرض كے بعد چار ركعت سنت ظہر پڑھ لینی چاہئے‏، فتاوی دارالعلوم دیوبند میں ہے: سوال: زید ظہر كی سنت پڑھ رہا تھا ابھی ایك ركعت پڑھی تھی كہ جماعت كھڑی ہوگئی‏، اس نے دو ركعت پوری پڑھ كر سلام پھیر دیا تو اس كو فرضوں كے بعد دو ركعت پڑھنی چاہئے یا چار؟ الجواب: اس كو بعد فرض كے چار ركعت سنت ظہر كی پڑھنی چاہئے۔ (فتاوی دارالعلوم دیوبند: 4/248‏، طبع جدید)</p><p></p><br><span style=""font-size:1.2em"">
								<p><strong>واللہ تعالیٰ اعلم</strong></p>
								<br class=""clear"">
								<p><strong>دارالافتاء،</strong><br>دارالعلوم دیوبند</p>
							</span>",610630,deoband,عبادات,صلاة
24-Mar-2022,https://darulifta-deoband.com/home/ur/salah-prayer/610567,امام کے اٹھنے کے بعد تکبیر کہنے سے پہلے کوئی شامل ہوجائے تو کیا رکعت پالے گا,"سوال : بعض امام کو دیکھا ہے جب وہ رکوع سے اٹھتے ہیں کوئی امام پہلے تھوڑا سا اٹھ کر پِھر تکبیر کہتے ہیں اور   کوئی امام پورا اٹھ کر تکبیر کہتے ہیں تو   ایسی صورت میں؛ 1 . امام كے تکبیر کہنے اور اٹھنے كے درمیان میں جو مقتدی رکوع کرے گا اس کی رکعت کا کیا حکم ہو گا؟
2. اگر مقتدی کو رکعت نہیں ملی حالانکہ مقتدی سمجھ رہا ہے کہ رکعت مل گئی تو ایسی صورت میں نماز ہو جائے گی یا نہیں؟
3. اگر نہیں ہوگی تو اس کا گناہ گار کون مقتدی یا امام؟
4. اگر امام اکثر ایک بھی سنت چھوڑ رہا ہو نماز میں تو کیا ہمیں اسکو بتانا ضروری ہے؟
5. یہ بہتر ہے؟
6. انہیں ادب كے ساتھ کیسے بتانا چاہیے؟","<p>بسم الله الرحمن الرحيم</p><p> </p><p>Fatwa: 1120-287T/H=08/1443</p><p>&nbsp;(1)&nbsp;&nbsp;&nbsp;&nbsp;&nbsp;&nbsp;&nbsp;&nbsp;&nbsp;&nbsp;&nbsp;&nbsp;&nbsp; اصل طریقہ یہی ہے كہ جیسے ہی ركوع سے اٹھنا شروع كریں اُسی وقت تكبیر كہنا شروع كردیں ركوع سے اٹھ كر پھر تكبیر كہنا خلافِ سنت ہے۔</p><p>(2)&nbsp;&nbsp;&nbsp;&nbsp;&nbsp;&nbsp;&nbsp;&nbsp;&nbsp; اگر امام ركوع كے قریب ہو یعنی اٹھنا شروع تو كردیا مگر امام كے ہاتھ گھٹنوں كے مقابل ہیں اور مقتدی نے ركوع كیا تو ركوع درست ہوگیا اور ركعت مل گئی اگر امام كھڑے ہونے كے قریب ہو یا كھڑا ہوجائے اور پھر مقتدی ركوع كرے تو مقتدی كو ركعت نہیں ملی اگر مقتدی كو یقین یا ظن غالب ركوع میں امام صاحب كے ساتھ شریك ہوجانے كا ہے تو ركعت مل گئی اور نماز درست ہوگئی اگر ظن غالب ركوع میں امام صاحب كے ساتھ شركت كا نہ ہو تو ركعت نہ ملی۔</p><p>(3)&nbsp;&nbsp;&nbsp;&nbsp;&nbsp;&nbsp;&nbsp;&nbsp;&nbsp; اگر امام صاحب سنت كے مطابق تكبیر كہیں تونہ مقتدی كی نماز خطرہ میں پڑے نہ كوئی گناہ لازم آئے اور مقتدی (نمبر 2) كے تحت ذكر كردہ تفصیل كے مطابق عمل كرے تو اس پر بھی كچھ مؤاخذہ نہیں۔</p><p>(4)&nbsp;&nbsp;&nbsp;&nbsp;&nbsp;&nbsp;&nbsp;&nbsp;&nbsp; (5) (6) مقتدیوں میں اگر اہل علم ہوں تو ان سے درخواست كردیں وہ یا پھر ذمہ دارانِ مسجد سے كہیں وہ امام صاحب كے منصب امامت كو ملحوظ ركھ كر تنہائی میں سمجھادیں گے نصیحت و موعظت افہام و تفہیم میں نرمی و حكمت كی ضرورت ہوتی ہے۔</p><p></p><br><span style=""font-size:1.2em"">
								<p><strong>واللہ تعالیٰ اعلم</strong></p>
								<br class=""clear"">
								<p><strong>دارالافتاء،</strong><br>دارالعلوم دیوبند</p>
							</span>",610567,deoband,عبادات,صلاة
24-Mar-2022,https://darulifta-deoband.com/home/ur/salah-prayer/610546,شیعوں کی اذان کے ان کلمات کا جواب دینا,شیعوں کی اذان کے ان کلمات کا جواب دینا جو ہماری اذان میں کہے جاتے ہیں کیسا ہے؟,"<p>بسم الله الرحمن الرحيم</p><p> </p><p>Fatwa: 805-382/B-Mulhaqa=8/1443</p><p>&nbsp;شیعوں كی اذان كی طرف دھیان دینے اوراس كا جواب دینے كی ضرورت نہیں ہے۔</p><p></p><br><span style=""font-size:1.2em"">
								<p><strong>واللہ تعالیٰ اعلم</strong></p>
								<br class=""clear"">
								<p><strong>دارالافتاء،</strong><br>دارالعلوم دیوبند</p>
							</span>",610546,deoband,عبادات,صلاة
27-Mar-2022,https://darulifta-deoband.com/home/ur/salah-prayer/610538,اذان واقامت وغیرہ کی ادائیگی میں جھجھک,"امید ہے کہ آپ حضرات بخیر و سلامتی ہوں گے ۔رب لم یزل آ پ کی مساعی جمیلہ کو اپنی بارگاہِ رحمت میں شرف قبولیت سے نوازے۔ آمین ۔
بندہ ناچیز اپنی ذاتی حالت کے متعلق آنجناب سے دریافت کرنا چاہتا ہے، معلوم نہیں کہ کیا وجہ ہے کہ میں جب بھی عوام میں یا کسی مجمع میں کوئی نیک عمل مثلاً اذان اقامت یا نماز کی جماعت وغیرہم سرانجام دینا چاہتا ہوں تو ہچکچاہٹ سی پیدا ہو جاتی ہے اور آواز کانپنے لگ پڑتی ہے اور ساتھ ہی بدن پر کپکپی طاری ہوجاتی ہے۔میں اپنی اس حالت پر انتہائی تشویش کا شکار ہوں۔
برائے کرم میرے اس مسئلہ کا تسلی بخش اور جامع حل ارسال فرمادیجیے۔عین نوازش ہوگی۔","<p>بسم الله الرحمن الرحيم</p><p> </p><p>Fatwa: 621-359/D-Mulhaqa=8/1443</p><p>&nbsp;آپ فرض نمازوں کے بعد یہ دعا مانگا کریں:رَبِّ اشْرَحْ لِي صَدْرِي وَيَسِّرْ لِي أَمْرِي وَاحْلُلْ عُقْدَةً مِّن لِّسَانِي يَفْقَهُوا قَوْلِي، اس کے ساتھ کسی ماہر طبیب سے بھی رجوع کریں ۔</p><p></p><br><span style=""font-size:1.2em"">
								<p><strong>واللہ تعالیٰ اعلم</strong></p>
								<br class=""clear"">
								<p><strong>دارالافتاء،</strong><br>دارالعلوم دیوبند</p>
							</span>",610538,deoband,عبادات,صلاة
24-Mar-2022,https://darulifta-deoband.com/home/ur/salah-prayer/610481,تکبیر سے پہلے صفیں درست کرنا؟,سوال : میں نے اکثر اپنی وادی کشمیر میں دیکھا کہ پہلے صفیں بنتیں اور پھر تکبیر کہی جاتی ہے۔اس کے علاوہ جمعہ کے دن اکثر خطباء حضرات علان کرتے ہیں کہ صفیں درست کریں اور پھر تکبیر پڑنے کو کہتے ہیں۔ آپ سے گذاش ہے کیا یہ طریقہ صیح ہے اگر صحیح نہیں ہے تو سنت طریقہ سمجھائیں۔,"<p>بسم الله الرحمن الرحيم</p><p> </p><p>Fatwa: 903-663/D=08/1443</p><p>&nbsp;فقہی روایات سے معلوم ہوتا ہے كہ مقتدی حضرات اقامت شروع ہونے كے بعد كھڑے ہوں اور اسی دوران صفیں درست كرلیں‏؛ البتہ اگر بھیڑ بھاڑ زیادہ ہو جیسے جمعہ و عیدین كے موقع پر تو قبل از اقامت بھی صف بندی كی جاسكتی ہے‏، اسی طرح امام صفیں درست كرنے كا اعلان بھی كرسكتے ہیں؛ كیونكہ صفوں كی درستگی كی حدیث میں بہت تاكید آئی ہے۔</p><p>والقيام لإمام ومؤتم حين قيل حي على الفلاح خلافاً لزفر فعنده عند حي على الصلاة. (درمختار: 2/177، زكريا)</p><p>حدثنا أنس رضي الله عنه قال: أقيمت الصلاة، فأقبل علينا رسول الله صلى الله عليه وسلم لوجهه، فقال: أقيموا صفوفك وتراصوا، فإني أراكم من وراء ظهري (رواه البخاري)</p><p></p><br><span style=""font-size:1.2em"">
								<p><strong>واللہ تعالیٰ اعلم</strong></p>
								<br class=""clear"">
								<p><strong>دارالافتاء،</strong><br>دارالعلوم دیوبند</p>
							</span>",610481,deoband,عبادات,صلاة
17-Mar-2022,https://darulifta-deoband.com/home/ur/salah-prayer/610472,وطنِ اصلی میں نماز قصر نہیں ہوتی,سوال : میرا وطن اصلی دو سو کلومیٹر دور ہے اور میں یہاں دس سال سے مقیم ہوں اور وطنِ اصلی جانا آنا رہتاہے کیا وطنِ اصلی میں نماز قصر ہوگی 8دن کا قیام ہے۔,"<p>بسم الله الرحمن الرحيم</p><p> </p><p>Fatwa: 884-670/M=08/1443</p><p>&nbsp;وطن اصلی میں قصر نہیں وہاں اتمام لازم ہے چاہے پندرہ دن سے كم قیام ہو۔</p><p></p><br><span style=""font-size:1.2em"">
								<p><strong>واللہ تعالیٰ اعلم</strong></p>
								<br class=""clear"">
								<p><strong>دارالافتاء،</strong><br>دارالعلوم دیوبند</p>
							</span>",610472,deoband,عبادات,صلاة
24-Mar-2022,https://darulifta-deoband.com/home/ur/salah-prayer/610459,ایک سورت چھـڑنے کی وجہ سے کیا سجدہٴ سہو لازم ہوگا؟,نماز میں اگر پہلی رکعات میں چھوٹی سورہ پڑھنے کے بعد دوسری رکعت میں دوسری سورہ نہیں بلکہ تیسری سورہ پڑھ لی تو کیا سجدہ سہو کرنا ہو گا؟,"<p>بسم الله الرحمن الرحيم</p><p> </p><p>Fatwa: 1073-816/L=8/1443</p><p>&nbsp;اس صورت میں سجدہ سہو كا حكم نہیں ہے ؛ البتہ اگر چھوڑی جانے والی سورت چھوٹی تھی تو ایسا كرنا مكروہ ہوا۔ (قوله ويكره الفصل بسورة قصيرة) أما بسورة طويلة بحيث يلزم منه إطالة الركعة الثانية إطالة كثيرة فلا يكره شرح المنية: كما إذا كانت سورتان قصيرتان.[الدر المختار وحاشية ابن عابدين (رد المحتار) 1/ 546]</p><p></p><br><span style=""font-size:1.2em"">
								<p><strong>واللہ تعالیٰ اعلم</strong></p>
								<br class=""clear"">
								<p><strong>دارالافتاء،</strong><br>دارالعلوم دیوبند</p>
							</span>",610459,deoband,عبادات,صلاة
13-Apr-2022,https://darulifta-deoband.com/home/ur/salah-prayer/610458,اگر امام جماعت شروع ہونے كے بعد پہنچے تو وہ كیا كرے؟,میرا سوال یہ ہے کہ میں ایک حافظ ہوں، ہمارے یہاں جو مسجد ہے میں نماز پڑھاتا ہوں کبھی کبھی میں لیٹ ہوتا ہوں تو ان لوگو ں میں سے کوئی ایک نماز پرھاتا ہے جب میں مسجد جاتا ہوں توں دیکھتا ہوں ان لوگو ں میں سے امامت کررہا ہے تو اس حالت میں میں کیا کروں؟ ان کے پیچھے اقتداء کرو ں؟ان لوگو ں کے قرآن مجید کی تلاوت بہت غلط ہے، بتائیں کہ میں اس حالت میں کیا کروں گا؟,"<p>بسم الله الرحمن الرحيم</p><p> </p><p>Fatwa: 1072-931/L-9/1443</p><p>&nbsp;مذكورہ بالا صورت میں اگر آپ كو یہ یقین ہوجائے كہ میں اب وقت پر نہیں پہونچ سكتا تو ایسی صورت میں آپ كسی اور مسجد میں جاكر باجماعت نماز ادا كرلیں ، ان كی اقتداء میں نماز ادا نہ كریں ؛ كیونكہ بسا اوقات لحن جلی سے نماز فاسد ہوجاتی ہے۔واضح رہے كہ جب مقتدیوں كی یہ حالت ہے تو آپ حتی الوسع كوشش كریں كہ تاخیر نہ ہو ؛ بلكہ وقت پر پہونچ كر ازخود امامت كریں۔</p><p></p><br><span style=""font-size:1.2em"">
								<p><strong>واللہ تعالیٰ اعلم</strong></p>
								<br class=""clear"">
								<p><strong>دارالافتاء،</strong><br>دارالعلوم دیوبند</p>
							</span>",610458,deoband,عبادات,صلاة
27-Mar-2022,https://darulifta-deoband.com/home/ur/salah-prayer/610447,فجر کی سنتیں گھر پر پڑھنے کے بعد مسجد میں فجر سے پہلے تحیۃ المسجد پڑھنے کا حکم,"سوال : جناب مفتیان کرام صاحبان۔ امید کرتا ہوں کہ آپ سب خیریت سے ہوں گے۔ میرا سوال یہ ہے کہ اگر کوئی شخص فجر کی سنتیں گھر میں پڑھ لیں اور جب مسجد آئے تو ابھی جماعت کھڑی ہونے میں وقت ہوں تو آیا اس شخص کے لئے مسجد میں بیٹھنے سے پہلے دو رکعت نفل یعنی تحیاة المسجد پڑھنے کا کیا حکم ہے؟ آیا یہ شخص تحیةالمسجد پڑھ سکتاہے یا نہیں؟ اس بات کی وضاحت فرمائیں کہ احناف اور دیگر ائمہ کے نزدیک کیا حکم ہے؟
جزاك الله خيرا","<p>بسم الله الرحمن الرحيم</p><p> </p><p>Fatwa: 610-356/D-Mulhaqa=8/1443</p><p>&nbsp;فجر سے پہلے فجر کی سنتوں کے علاوہ کوئی دوسری نفل پڑھنا مکروہ ہے، اس لیے فجر سے پہلے تحیۃ المسجد نہیں پڑھنی چاہیے۔""(وكره نفل) قصداً ..... (بعد طلوع فجر سوى سنته)؛ لشغل الوقت به""۔ ( الدر المختار مع رد المحتار: ۱/۳۷۵، دار الفکر، بیروت)</p><p></p><br><span style=""font-size:1.2em"">
								<p><strong>واللہ تعالیٰ اعلم</strong></p>
								<br class=""clear"">
								<p><strong>دارالافتاء،</strong><br>دارالعلوم دیوبند</p>
							</span>",610447,deoband,عبادات,صلاة
23-Mar-2022,https://darulifta-deoband.com/home/ur/salah-prayer/610407,لاعلمی میں ناپاکی کی حالت میں پڑھی گئی نمازوں کا حکم؟,استنجا کرنے کےکچھ دیر بعد کرسی پر بیٹھنے پر پیشاب کے قطرے نکلنا محسوس ہوا، شلوار یا ٹانگیوں پر نمی محسوس نہ ہونے کی وجہ سے کچھ دیر بعد بھول گیا اور وضو کرکے نمازیں ادا کیں اور تلاوت قرآن پاک بھی کی ، تو نمازوں اور تلاوت کے بارے میں شرعی حکم کیا ہے؟,"<p>بسم الله الرحمن الرحيم</p><p> </p><p>Fatwa: 1050-796/L=8/1443</p><p>&nbsp;اگر پیشاب ایك درہم سے زائد لگ گیا تھا تو نماز كا اعادہ كرنا ضروری ہوگا اور اگر ایك درہم یا اس سے كم لگا تھا تو نماز كے اعادہ كا حكم نہ ہوگا ،علم نہ ہونےكی صورت میں لوٹا لینا بہتر ہوگا ، جہاں تك تلاوت كا تعلق ہے تو اگرچہ اس حال میں تلاوت كرنا اچھا نہیں؛ مگر اس كا ثواب ملے گا بالخصوص جبكہ آپ كو نجاست كے لگنے كا علم بھی نہیں تھا۔فإذا أصاب الثوب أكثر من قدر الدرهم يمنع جواز الصلاة. كذا في المحيط.[الفتاوى الهندية 1/ 46] الحاصل أن الموت إن كان حدثا فلا كراهة في القراءة عنده، وإن كان نجسا كرهت...وذكر ط أن محل الكراهة إذا كان قريبا منه، أما إذا بعد عنه بالقراءة فلا كراهة. اهـ.[الدر المختار وحاشية ابن عابدين (رد المحتار) 2/ 194]</p><p></p><br><span style=""font-size:1.2em"">
								<p><strong>واللہ تعالیٰ اعلم</strong></p>
								<br class=""clear"">
								<p><strong>دارالافتاء،</strong><br>دارالعلوم دیوبند</p>
							</span>",610407,deoband,عبادات,صلاة
27-Mar-2022,https://darulifta-deoband.com/home/ur/salah-prayer/610405,نماز کی تدعون کی جگہ تکذبون پڑھ دینا؟,"سوال : حضرت، اگر امام صاحب نماز میں قرأت پڑھتے وقت سورۃ ملک کی ٢٧ویں آیات... ""وقىل ہاذا الذی کنتم بہ..... تدعون... کی جگہ... تكذبون... پڑھا.. تو کیا اس سے نماز صحیح ہو جائےگی؟","<p>بسم الله الرحمن الرحيم</p><p> </p><p>Fatwa: 767-386/B-Mulhaqa=08/1443</p><p>&nbsp;صورت مسئولہ میں نماز صحیح ہوگئی‏، اعادے كی ضرورت نہیں ہے‏، حضرت عبد اللہ بن عباس رضی اللہ عنہما سے ""تدعون"" كی تفسیر ""تكذبون"" كے ساتھ مروی ہے‏، امام قرطبی رحمہ اللہ نے اپنی تفسیر میں اسے نقل كیا ہے۔ وقال ابن عباس: تكذبون، وتأويله هذا الذي كنتم من أجله تدعون الأبابيل والأحاديث، قاله الزجاج الخ (تفسير قرطبي: 27/564، مطبوعه: بيروت)</p><p></p><br><span style=""font-size:1.2em"">
								<p><strong>واللہ تعالیٰ اعلم</strong></p>
								<br class=""clear"">
								<p><strong>دارالافتاء،</strong><br>دارالعلوم دیوبند</p>
							</span>",610405,deoband,عبادات,صلاة
17-Mar-2022,https://darulifta-deoband.com/home/ur/salah-prayer/610385,ریح كی كتنی مقدار سے وضو ٹوٹتا ہے؟ آواز سے وضو ٹوٹ جائے گا؟,"آپ کی خدمت میں ایک سوال عرض کرنا تھا کے کتنی مقدار میں ریخ خارج ہونے سے وضو ٹوٹتا ہے؟ نیز کیا سورین سے کسی بھی قسم کی آواز نکلے تو کیا اس سے وضو ٹوٹ جاتا ہے ۔
(۲): یہ کے مجھے پیٹ میں گیس رہتی ہے جس سے بہت بار ایسے محسوس ہوتا ہے کے ہوا نکل گئی لیکن مکمل ہوا نہیں نکلتی ۔ ایسی صورت میں کیا وضو ٹوٹ جاتا ہے ۔ اس مسئلہ میں میری مکمل رہنمائی فرما دیں۔","<p>بسم الله الرحمن الرحيم</p><p> </p><p>Fatwa: 773-397/TB-Mulhaqa=8/1443</p><p>&nbsp;(1) جب ہوا نكلنے كا یقین یا ظن غالب ہو جائے تو وضو ٹوٹ جاتا ہے‏، خواہ كم نكلے یا زیادہ‏، پیچھے كے راستے سے نكلنے والی آواز خروج ریح كا قرینہ ہے؛ اس لیے آواز سننے پر وضو ٹوٹنے كا حكم ہوگا‏۔</p><p>(2) محض شك یا وہم كی وجہ سےوضو ٹوٹنے كا حكم نہ ہوگا ؛ بلكہ خروج ریح كا ظن غالب ہونا ضروری ہے‏، ایك حدیث میں اللہ كے رسول ﷺ نے فر مایا كہ اگر تم میں سے كسی كو اپنے پیٹ كچھ محسوس ہو اور خروج ریح كا شبہ ہوجائے تو جب تك&nbsp;&nbsp; آواز نہ سنے یا بو محسوس نہ كرے مسجد سے ہرگز نہ نكلے یعنی آواز سننے یا بو نكلنے پر ہی وضوٹوٹنے كا حكم ہوگا‏، محض شبہ كی وجہ سے وضو ٹوٹنے كا حكم نہ ہوگا ۔ القاعدة الثالثة: اليقين لا يزول بالشك. و دليلها ما رواه مسلم عن أبي هريرة رضي الله عنه مرفوعا {إذا وجد أحدكم في بطنه شيئا فأشكل عليه أخرج منه شيء أم لا فلا يخرجن من المسجد حتى يسمع صوتا، أو يجد ريحا}[الأشباه والنظائر لابن نجيم ص: 48، دار الكتب العلمية، بيروت - لبنان]</p><p></p><br><span style=""font-size:1.2em"">
								<p><strong>واللہ تعالیٰ اعلم</strong></p>
								<br class=""clear"">
								<p><strong>دارالافتاء،</strong><br>دارالعلوم دیوبند</p>
							</span>",610385,deoband,عبادات,صلاة
23-Mar-2022,https://darulifta-deoband.com/home/ur/salah-prayer/610369,وقت مقررہ پر نماز پڑھنے سے کیا مراد ہے,سوال : کیا فرماتے ہیں علماء دین مسئلہ ذیل کے بارے میں کہ مومنین پر نماز فرض ہے اپنے مقررہ وقتوں میں۔ مقررہ وقت سے مراد وہ وقت جو مسجد کے امام صاحب مقرر کرتے ہیں مثلا عصر کی نماز آج کل 5:00 بجے ہورہی ہے ۔ یا یہ مراد ہے کہ عصر کا اول سے آخر تک کا وقت مثلا عصر کا وقت آج کل شروع ہورہا ہے ۔ 4:37 ۔ پر اور ختم ہورہا ہے۔6:15 ۔ پر ۔ آیت میں جو آیا ہے کہ ان الصلاة كانت علي المؤمنين كتابا موقوتا، اس سے مراد عصر کا پور وقت ہوگا یا جو امام صاحب نے مقرر کیا ہے وہ مراد ہوگا ؟برائے مہربانی جواب مدلل عنایت فرمائیں ۔,"<p>بسم الله الرحمن الرحيم</p><p> </p><p>Fatwa: 1040-811/L=08/1443</p><p>&nbsp;مذكورہ آیت میں ’’موقوتا‘‘ (مقررہ وقت) سے مراد شریعت كا مقررہ وقت ہے جو ہر نماز كا ابتداء سے انتہاء تك ہوتا ہے؛ لہٰذا ہرنماز كو اس كے مقررہ وقت سے پہلے (مثلاً: ظہر كو فجر كے وقت میں) پڑھنا جائز نہیں اور نہ مقررہ وقت سے مؤخر كركے قضاء كردینا (مثلاً: ظہر كو عصر كے وقت میں پڑھنا)</p><p>اس سے مراد امام صاحب كی جانب سے مقررہ وقت نہیں ہے وہ تو نمازیوں كی سہولت كے لیے ایك وقت طے كیا جاتا ہے كہ سب اس میں پہونچ جائیں اور كوئی جماعت كی فضیلت سے محروم نہ ہو؛ لہٰذا اس وقت سے پہلے پڑھنا ناجائز یا بعد میں پڑھنا قضاء نہ كہلائے گا جب كہ نماز كے اصل وقت كے اندر اندر ہو‏، ہاں اگر بلاعذرِ شرعی انفرادی پڑھ لے تو جماعت چھوڑنے كا وبال بہرحال ہوگا۔</p><p>قال الجصاص في تفسير هذه الآية: ""موقوتا"" معناه أنه مفروض في أوقات معلومة معيّنة فأجمل ذكر الأوقات في هذه الآية، وبيّنها في مواضع أخر من الكتاب من غير تحديد أوائلها وأواخرها وبيّن على لسان الرّسول تحديدها ومقاديرها"" (أحكام القرآن: 2/333، النّساء: 103، م: دارالكتب العلميّة)</p><p></p><br><span style=""font-size:1.2em"">
								<p><strong>واللہ تعالیٰ اعلم</strong></p>
								<br class=""clear"">
								<p><strong>دارالافتاء،</strong><br>دارالعلوم دیوبند</p>
							</span>",610369,deoband,عبادات,صلاة
17-Mar-2022,https://darulifta-deoband.com/home/ur/salah-prayer/610351,نماز فجر كے بعد سنت پڑھنا,حضرات علماء کرام اہلست والجماعت ، مسئلہ درپیش ہے کہ(1) نماز فجر جماعت کے ساتھ فرض ادا کرلی (2)بعد میں سنتوں کو پڑنا درست ہے کہ نہیں؟ (3)کیا نماز ہوجائے گی کہ نہیں؟ کیا فرماتے ہیں علماء حق؟,"<p>بسم الله الرحمن الرحيم</p><p> </p><p>Fatwa: 760-373/TB-Mulhaqa=8/1443</p><p>&nbsp;اگر سنتِ فجر چھوٹ جائے تو فرض كے بعدطلوع آفتاب سے پہلےاسے پڑھنا درست نہیں ہے‏،(گو فریضہ ادا ہوجائے گا)‏؛ ہاں طلوع آفتات كے بعد پڑھ سكتا ہے‏، امام محمد ؒ نے اس كی اجازت دی ہے۔</p><p>(وكره نفل) قصدا ولو تحية مسجد (وكل ما كان واجبا) لا لعينه بل (لغيره)...(والذي شرع فيه) في وقت مستحب أو مكروه (ثم أفسده و) لو سنة الفجر (بعد صلاة فجر و) صلاة (عصر)إلخ [الدر المختار](قوله: وكره نفل إلخ)....والكراهة هنا تحريمية أيضا كما صرح به في الحلية ولذا عبر في الخانية والخلاصة بعدم الجواز، والمراد عدم الحل لا عدم الصحة كما لا يخفى.[الدر المختار مع رد المحتار:2/ 37، بداية كتاب الصلاة، مطبوعة: مكتبة زكريا، ديوبند]</p><p>(ولا يقضيها إلا بطريق التبعية ل) قضاء (فرضها قبل الزوال لا بعده في الأصح) ...(بخلاف سنة الظهر)[الدر المختار](قوله ولا يقضيها إلا بطريق التبعية إلخ)...وما إذا فاتت وحدها فلا تقضى قبل طلوع الشمس بالإجماع، لكراهة النفل بعد الصبح. وأما بعد طلوع الشمس فكذلك عندهما. وقال محمد: أحب إلي أن يقضيها إلى الزوال كما في الدرر. قيل هذا قريب من الاتفاق لأن قوله أحب إلي دليل على أنه لو لم يفعل لا لوم عليه. وقالا: لا يقضي، وإن قضى فلا بأس به، كذا في الخبازية؛ ومنهم من حقق الخلاف وقال الخلاف في أنه لو قضى كان نفلا مبتدأ أو سنة، كذا في العناية يعني نفلا عندهما سنة عنده كما ذكره في الكافي إسماعيل[الدر المختار مع رد المحتار:2/ 512، باب إدراك لفريضة، مطبوعة: مكتبة زكريا، ديوبند]</p><p></p><br><span style=""font-size:1.2em"">
								<p><strong>واللہ تعالیٰ اعلم</strong></p>
								<br class=""clear"">
								<p><strong>دارالافتاء،</strong><br>دارالعلوم دیوبند</p>
							</span>",610351,deoband,عبادات,صلاة
23-Mar-2022,https://darulifta-deoband.com/home/ur/salah-prayer/610336,اگر ایک طرف دو دفعہ سلام پھیردے تو کیا حکم ہے؟,سوال : آپ سے ایک سوال پوچھنا تھا کہ اگر کسی نے نماز میں ایک طرف سلام پھیرا اور الفاظ درست ادا نہ ہوئے اور اس کے بعد پھر السلام وعلیکم کہا تو کیا اس طرح کرنے سے سجدہِ سہو کرنا ہوگا؟,"<p>بسم الله الرحمن الرحيم</p><p> </p><p>Fatwa: 868-681/M=08/1443</p><p>&nbsp;مذكورہ صورت میں سجدہٴ سہو لازم نہیں۔</p><p></p><br><span style=""font-size:1.2em"">
								<p><strong>واللہ تعالیٰ اعلم</strong></p>
								<br class=""clear"">
								<p><strong>دارالافتاء،</strong><br>دارالعلوم دیوبند</p>
							</span>",610336,deoband,عبادات,صلاة
17-Mar-2022,https://darulifta-deoband.com/home/ur/salah-prayer/610307,چند لوگوں کی رعایت میں فجر کی جماعت پہلے کرنا,محترم مفتی صاحب ہمارے محلے میں نئی نئی مسجد بنی ہے جس کی متولی میرے والد صاحب ہیں اور وہی جماعت بھی کرواتے ہیں سوال یہ ہے کہ کچھ بندے ایسے ہیں جنہوں نے کام پر جانا ہوتا ہے تو وہ فجر کی نماز باجماعت پڑھ کر جاتے ہیں لیکن وہ کہتے ہیں کہ مقررہ وقت سے پہلے جماعت کی جائے فرض کریں۔ جماعت کا وقت 6:10 منٹ ہے تو 6:00 بجے یا 5:45 پر جماعت کروا سکتے ہیں کیا مدلل جواب چاہیے۔,"<p>بسم الله الرحمن الرحيم</p><p> </p><p>Fatwa: 573-329/D-Mulhaqa=8/1443</p><p>&nbsp;مسجد میں فجر کی جماعت کا جو مستحب وقت متعین ہے، جماعت اسی وقت پر ہونی چاہیے، تاکہ عام مصلیوں کو پریشانی نہ ہو اور ان کی جماعت نہ چھوٹے،مسجد کی اصل جماعت میںتکثیر مطلوب ہے، جن لوگوں کو پہلے کام پر جانا ہے، ان کی رعایت میں جماعت پہلے نہیں کرنی چاہیے، ان کے لیے اگر مسجد کی جماعت میں شرکت مشکل ہو تو وہ مسجد سے ہٹ کر اپنی الگ جماعت کرسکتے ہیں۔</p><p></p><br><span style=""font-size:1.2em"">
								<p><strong>واللہ تعالیٰ اعلم</strong></p>
								<br class=""clear"">
								<p><strong>دارالافتاء،</strong><br>دارالعلوم دیوبند</p>
							</span>",610307,deoband,عبادات,صلاة
24-Mar-2022,https://darulifta-deoband.com/home/ur/salah-prayer/610305,پینٹ شارٹ پہن کر مسجد میں آنا,اگر کوئی شخص شارٹ پینٹ (half paint) پہن کر مسجد میں آئے تو اس کا کیا حکم ہے؟,"<p>بسم الله الرحمن الرحيم</p><p> </p><p>Fatwa: 571-332/D-Mulhaqa=8/1443</p><p>&nbsp;پینٹ شرٹ اگر چست نہ ہوں کہ واجب الستر اعضاء(وہ اعضاء جن کا چھپانا واجب ہے) کا حجم اور بناوٹ نمایاں ہو تو اس کو پہن کر مسجد آنے اور نماز پڑھنے کی گنجائش ہے؛ لیکن یہ لباس ؛ بہرحال صلحاء کا لباس نہیں ہے، اس لیے اس کا پہننا کراہت سے خالی نہیں ، ایک مسلمان کو صلحاء اور نیک لوگوں کا لباس پہننا چاہیے۔ قال الملاعلی القاری : (قال: قال رسول اللہ - صلی اللہ علیہ وسلم - (من تشبہ بقوم) : أی من شبہ نفسہ بالکفار مثلا فی اللباس وغیرہ، أو بالفساق أو الفجار أو بأہل التصوف والصلحاء الأبرار.( مرقاة المفاتیح مع مشکاة المصابیح :۳۰۷/۸، کتاب اللباس )</p><p></p><br><span style=""font-size:1.2em"">
								<p><strong>واللہ تعالیٰ اعلم</strong></p>
								<br class=""clear"">
								<p><strong>دارالافتاء،</strong><br>دارالعلوم دیوبند</p>
							</span>",610305,deoband,عبادات,صلاة
17-Mar-2022,https://darulifta-deoband.com/home/ur/salah-prayer/610281,140 کلومیٹر دور اکثر جانا ہوتا ہے مگر قیام پندرہ دن سے کم رہتا ہے وہاں نماز قصر پڑھیں گے یا اتمام کریں گے؟,"سوال : میں راولپنڈی میں ایک کمپنی میں ملازمت کرتا ہوں اور کمپنی کے ہوسٹل میں رہائش پذیر ہوں لیکن تقریباً ہر ہفتے نہ جا سکوں تو دوسرے ہفتے لازماً جاتا ہوں اور میرے گاؤں کا فاصلہ جائے ملازمت سے کم وبیش 140 کلومیٹر ہے۔ میں تقریباً گزشتہ 21 برس سے راولپنڈی میں ہی ہوں لیکن ہوسٹل میں ، کبھی کبھار 15 دن سے زیادہ بھی میں رہتا رہا ہوں۔ لیکن اب پندرہ دن سے کم ہی قیام ہوتا ہے۔
اب سوال یہ ہے کہ مندرجہ بالا صورت حال میں میری نماز قصر ہوگی یا مکمل؟ براہِ کرم جواب سے مرحمت فرمائیں۔ جزاک اللہ خیرا","<p>بسم الله الرحمن الرحيم</p><p> </p><p>Fatwa: 735-369/B-Mulhaqa=08/1443</p><p>&nbsp;جب راولپنڈی میں اب آپ كا قیام پندرہ دن سے كم ہوتا ہے تو صورت مسئولہ میں چار ركعت والی نمازوں میں آپ قصر كریں گے‏، اتمام جائز نہیں ہے‏۔ یہ حكم تنہا نماز پڑھنے كی صورت میں ہے‏۔ اگر كسی مقیم امام كی اقتداء میں نماز ادا كریں گے تو چار ركعت ہی پڑھیں گے‏۔ واضح رہے كہ قصر كا تعلق صرف فرض نمازوں سے ہے‏، چار ركعت والی سنتوں میں بہرصورت اتمام ہی كریں گے۔</p><p></p><br><span style=""font-size:1.2em"">
								<p><strong>واللہ تعالیٰ اعلم</strong></p>
								<br class=""clear"">
								<p><strong>دارالافتاء،</strong><br>دارالعلوم دیوبند</p>
							</span>",610281,deoband,عبادات,صلاة
02-Mar-2022,https://darulifta-deoband.com/home/ur/salah-prayer/610217,حضور صلی اللہ علیہ وسلم کا نماز میں خیال آنا,سوال : کیا فرماتے ہیں مفتیان کرام کی دورانِ نماز میں اگر حضور صلی اللہ علیہ وسلم کا خیال آ جائے تو کیا نماز فاسد ہو جاتی ہے؟,"<p>بسم الله الرحمن الرحيم</p><p> </p><p>Fatwa: 1032-258T/H=07/1443</p><p>&nbsp;حضور صلی اللہ تعالی علیہ وسلم كا نام نامی اسم گرامی دوران نماز بار بار آتا ہے تو آپ صلی اللہ تعالی علیہ وسلم كا خیال مبارك نماز میں كیوں نہ آئے گا ایسے خیال سے تو نماز اعلیٰ درجہ كی ہوجاتی ہے نہ كہ فاسد ہوگی البتہ صرف ہمت كو محققین علماء تصوف نماز میں منع فرماتے ہیں صرف ہمت ایك مخصوص علاج ہے وساوس كا۔ اُس (صرف ہمت) كا بعض لوگوں نے دانستہ یا نادانستہ ترجمہ خیال كا كردیا ہے جو درست نہیں ہے صرف ہمت صوفیاء كرام كی مخصوص اصطلاح ہے اس كا مخصوص طریقہ ہے الغرض حضرت نبی اكرم صلی اللہ تعالی علیہ وعلیٰ آلہ واصحابہ وبارك وسلم كا خیال آنے سے نماز كے فاسد ہونے كا كوئی قائل نہیں۔ شیخ المشائح حضرت مولانا محمد اسماعیل شہید دہلوی رحمہ اللہ تعالی رحمۃ واسعہ نے اپنی كتاب صراطِ مستقیم میں اس پر مفصل بحث فرمائی ہے۔ اور اس كتاب پر بعض كرم فرما لوگوں نے جو اعتراضاتِ بیجا كئے ہیں ان كے بالتفصیل مدلل جوابات (الف) عباراتِ اكابر (ب) فتاویٰ محمودیہ میں موجود ہیں ایك چھوٹی سی كتاب ’’غلط فہمیوں كا ازالہ‘‘ ہے حضرت مولانا الحاج قاری محمد طیب صاحب علیہ الرحمہ كی تصنیف ہے مكتبہ دارالعلوم دیوبند سے شائع ہوئی ہے اس كو منگاكر اطمینان سے بار بار پڑھئے پھر كچھ اشكال رہے تو لكھئے مزید تفصیل ان شاء اللہ اُس وقت لكھ دی جائے گی۔</p><p></p><br><span style=""font-size:1.2em"">
								<p><strong>واللہ تعالیٰ اعلم</strong></p>
								<br class=""clear"">
								<p><strong>دارالافتاء،</strong><br>دارالعلوم دیوبند</p>
							</span>",610217,deoband,عبادات,صلاة
