link,title,question_html,answer_html,issued_at,dar_ul_ifta,html_container
https://www.suffahpk.com/azan-fajar-tak-sehri-khany-sai-mutaliq-tehqeq/,اذان فجر تک سحری کھانے سے متعلق تحقیق,,"<p dir=""rtl""><span style=""color: #000000; font-size: 14pt;"">پچھلے سال کی طرح اس سال بھی سوشل میڈیابالخصوص فیس بک پربعض لوگ ابوداؤد شریف کی ایک حدیث کی آیت قرآنی اور دیگر احادیث کومدنظررکھے بغیرغلط تشریح کرکے یہ بات بہت زور و شور سے پھیلار ہےہیں کہ اگر کوئی شخص سحری کررہاہواور کھانے کابرتن اس کے ہاتھ میں ہو اوراسی حالت میں اذان فجر ہوجائے تو وہ اذان فجر کی وجہ سے کھانے سے نہ رک جائے بلکہ اپنی حاجت پوری کرلے،یعنی عوام میں یہ بات مشہورکرنے کی کوشش کی جارہی ہے کہ سحری کے ختم ہونے کا وقت طلوع صبح صادق نہیں ہے بلکہ فجر کی اذان کے وقت بھی کھانے پینے کی کوئی چیز ہاتھ میں ہو تواس ختم کھاسکتے ہیں ،حالانکہ یہ بات قرآن وسنت کی روسےدرست نہیں ہے ،لہذاسحری کا وقت ختم ہونے کے سلسلےمیں قرآن و سنت کے احکامات کا خلاصہ پیش ِخدمت ہیں۔</span><br/>
<span style=""color: #000000; font-size: 14pt;"">.</span><br/>
<span style=""color: #000000; font-size: 14pt;"">(1)۔۔۔ اللہ تبارک و تعالی نے سورت بقرہ کی آیت نمبر 187میں فرمایا :</span><br/>
<span style=""color: #000000; font-size: 14pt;"">كُلُوا وَاشْرَبُوا حَتَّى يَتَبَيَّنَ لَكُمُ الْخَيْطُ الْأَبْيَضُ مِنَ الْخَيْطِ الْأَسْوَدِ مِنَ الْفَجْرِ</span><br/>
<span style=""color: #000000; font-size: 14pt;"">ترجمہ:’’کھاؤاورپیو یہاں تک کہ صبح کی سفیددھاری سیاہ دھاری سے ممتاز ہوکرتم پر واضح ہوجائے‘‘</span><br/>
<span style=""color: #000000; font-size: 14pt;"">اس آیت میں سحری کےختم ہونے کا وقت بتایا گیاہےاوراس کی تفسیر کرتےہوئےمفسرین نے’’الخیط الابیض‘‘ سے مراد صبح کاذب اور ’’الخیط الاسود‘‘ سے مراد صبح صادق بتایاہے،لہذا معلوم ہواکہ اللہ تبارک وتعالی نے اس آیت میں سحری کےختم ہونےکا وقت صبح صادق کاطلوع ہونابتایاہے۔(دیکھئےعبارات نمبر1)</span><br/>
<span style=""color: #000000; font-size: 14pt;"">.</span><br/>
<span style=""color: #000000; font-size: 14pt;"">تفسیربغوی اور ثعلبی میں اسی آیت کی تفسیرمیں مزیدواضح کیا کہ فجر کی دو قسمیں ہیں:</span><br/>
<span style=""color: #000000; font-size: 14pt;"">1.فجرِکاذب یا صبح کاذب:وہ روشنی جوآسمانِ افق میں بلندی کی طرف (طولاً)نظرآتی ہےاور اس کے طلوع ہونے سے نہ تو رات ختم ہوتی ہے،نہ نماز فجرجائزہےاور نہ ہی روزہ دار پرکھاناپیناحرام ہوتا ہے۔</span><br/>
<span style=""color: #000000; font-size: 14pt;"">2.فجرِصادق یا صبح صادق:وہ روشنی جوآسمانِ افق پر(عرضا)نظرآئے،اور اس کے طلوع ہونے سےرات ختم ہوکر دن شروع ہو جاتا ہے، سحری کا وقت ختم کر روزہ دار پر کھاناپینا حرام ہوجاتا ہےاورنماز فجرکاوقت شروع ہوجاتا ہے۔(دیکھئے عبارات نمبر2)</span><br/>
<span style=""color: #000000; font-size: 14pt;"">==============</span><br/>
<span style=""color: #000000; font-size: 14pt;"">(2)۔۔۔تفاسیر اور احادیث کی کتابوں میں یہ بات تفصیل سےمذکور ہے کہ آنحضرت محمدﷺ کے دور میں ایک اذان حضرت بلالؓ دیتے تھے جوتہجداورسحری کی اطلاع کیلئے ہوتی تھی،اوردوسری اذان حضرت عبداللہ ابن ام مکتومؓ دیتے تھےجوفجرِ(صبح)صادق کےطلوع ہونےکے بعد دیتے تھے،مذکورہ واقعہ اور دیگر احادیث سے یہ بات صراحتا ًمعلوم ہوتی ہے کہ سحری کا اختتامی وقت طلوعِ صبحِ صادق ہےاور اس کے طلوع کے بعد روزہ دار کیلئے کھانے پینے کی اجازت نہیں ۔(دیکھئے عبارات نمبر3)</span><br/>
<span style=""color: #000000; font-size: 14pt;"">==============</span><br/>
<span style=""color: #000000; font-size: 14pt;"">(4)۔۔۔صاحبِ تفسیرِمنیرؒ لکھتے ہیں کہ جوشخص صبح صادق طلوع ہونےکےبعدتک سحری کرتارہاتوائمہِ </span><br/>
<span style=""color: #000000; font-size: 14pt;"">اربعہ کا اتفاق ہے کہ اس شخص پر اس روزہ کی قضاء واجب ہے۔(دیکھئے عبارت نمبر4)</span><br/>
<span style=""color: #000000; font-size: 14pt;"">==============</span><br/>
<span style=""color: #000000; font-size: 14pt;"">(5)۔۔۔جہاں تک ابوداؤد میں موجودحدیث(إِذَا سَمِعَ أَحَدُكُمُ النِّدَاءَ وَالإِنَاءُ عَلَى يَدِهِ فَلاَ يَضَعْهُ حَتَّى يَقْضِىَ حَاجَتَهُ مِنْهُ،’’جب تم میں سے کوئی(فجرکی) اذان سنےاور(کھانے یا پینے)کابرتن اس کے ہاتھ میں ہوتواسے نہ رکھے ،بلکہ اس سے اپنی ضرورت پوری کرلے‘‘) کاتعلق ہے تویہ صرف ظاہری طورپرمذکورہ بالا آیت ِقرآنی اور احادیث کے خلاف نظر آتی ہے،لیکن حقیقت میں دونوں میں کوئی تعارض نہیں ہےکیونکہ حدیث کی اہم کتاب’’مشکوۃ‘‘ کی شرح ’’مرعاۃ‘‘ میں اس حدیث کی تشریح میں لکھاہےکہ ’’النداء‘‘سے مراد حضرت بلال ؓ کی اذان ہے جوکہ صبح صادق سے پہلےصبح کاذب کے وقت دی جاتی تھی(دیکھئے عبارات نمبر3اور5)اور اس بات کی تائید (کہ سحری کااختتامی وقت طلوعِ صبحِ صادق ہےنہ کہ اذانِ فجریااس کے بعد تک )ابوداؤد کی وہ تمام روایات ہیں جو ’’باب وَقْتِ السُّحُورِ‘‘ میں ذکرکی گئی ہیں جن سے صرحتا معلوم ہورہا ہے کہ سحری کے ختم ہونے کا وقت طلوعِ صبح صادق ہے(دیکھئے عبارات نمبر6)</span><br/>
<span style=""color: #000000; font-size: 14pt;"">.</span><br/>
<span style=""color: #000000; font-size: 14pt;"">مذکورہ بالا تفصیل سےمعلوم ہواکہ ابوداؤدشریف کےایک حدیث کے ظاہری معنی کو لیکر دیگرآیات، احادیث، مفسرین اور محدثین کی تشریحات سے نظریں چراکرصبح صادق طلوع ہونے کے بعد اذان فجریا اس کے بعد تک تک سحری کاوقت ثابت کرنایا کھانےکی اجازت دینادرست نہیں ہے۔لہذامعلوم ہوا کہ: </span><br/>
<span style=""color: #000000; font-size: 14pt;"">.</span><br/>
<span style=""color: #000000; font-size: 14pt;"">(الف) سحری کا اختتامی وقت ’’طلوعِ صبحِ صادق‘‘ہےنہ کی اذانِ فجر،لہذااذانِ فجرتک کھاناپینادرست نہیں ہے کیونکہ ہمارے ہاں رمضان میں عموماً صبح صادق طلوع ہونے کےپانچ سے دس منٹ بعد فجر کی اذان دی جاتی ہے،بلکہ بہتر تویہ ہے کہ صبح صادق طلوع ہونےسے بھی تقریباًدومنٹ پہلے کھانے پینے سےاحتیاطاً رک جانا چاہئے۔</span><br/>
<span style=""color: #000000; font-size: 14pt;"">.</span><br/>
<span style=""color: #000000; font-size: 14pt;"">(ب)اگرکسی مسجد میں صبح صادق طلوع ہونے سے پہلےہی فجرکی اذان ہوتی ہو(اگرچہ اذان کا وقت نہ ہونے کی وجہ سےایسا کرنا درست نہیں)توصرف ایسی صورت میں فجر کی اذان کے وقت کھاناممنوع نہ ہوگاکیونکہ ابھی تک سحری کا اختتامی یعنی صبح صادق کا وقت نہیں ہوا۔</span><br/>
<span style=""color: #000000; font-size: 14pt;"">.</span><br/>
<span style=""color: #000000; font-size: 14pt;"">(ج)اگرکسی مسجد میں صبح صادق(اپنے شہر کے مستندنقشہ کے مطابق) کے فورا بعد اذان ہوگئی اور کوئی شخص اس وقت تک کھاتا رہاتواگریہ صبح صادق(نقشہ کے مطابق) سے ایک دو منٹ کی حد تک دیرہےتواس کا روزہ توہوجائے گا کیونکہ نقشہ میں بھی ایک دو منٹ احتیاط کے رکھے جاتے ہیں،لیکن اس کی عادت بنالیناہرگزدرست نہیں ہے بلکہ صبح صادق طلوع ہونےسے بھی تقریباًدومنٹ پہلے کھانے پینے سےاحتیاطاً رک جانا چاہئے۔</span><br/>
<span style=""color: #000000; font-size: 14pt;"">اوراگرفجر کی اذان صبح صادق(نقشہ کے مطابق) طلوع ہونے کے ایک دو منٹ سے زیادہ تاخیر سے ہواورکوئی شخص اتنی تاخیر تک کھاتا رہاتواس کاروزہ نہ ہوگااوراسے اس دن کے روزہ کی قضا کرنا ہوگی، کیونکہ حقیقتاً صبح صادق طلوع ہونے کے ایک منٹ بعد بھی کھایاجائے توروزہ نہیں ہوتا، نیز اس کیلئے باقی دن روزہ داروں کی طرح رہنا بھی واجب ہوگا۔</span><br/>
<span style=""color: #000000; font-size: 14pt;"">.</span><br/>
<span style=""color: #000000; font-size: 14pt;"">(د) سب سے بہتر طریقہ یہ ہے کہ اپنے شہر کے کسی معتبر دینی ادارے کا سحری و افطاری کا نقشہ لے لیا جائے اور اسی کے مطابق سحری و افطاری کی جائے،کیونکہ موجودہ حالات میں اپنے مشاہدہ سے صبح کاذب وصادق کا اندازہ لگاناممکن نہیں ہے(الایہ کہ کوئی ماہرہویا دیہات یاجنگل میں رہنے کی وجہ اس کی پہچان رکھتا ہو)</span><br/>
<span style=""color: #000000; font-size: 14pt;"">.</span><br/>
<span style=""color: #000000; font-size: 14pt;"">نوٹ:معمولی ردوبدل کے بعد اسے دوبارہ شیئر کیا جارہاہے، اگر اس میں مخلصین کو کوئی علمی اعتبار سے سقم محسوس ہو تو بندہ کو آگاہ کریں۔ جزاک اللہ خیرا</span></p><p dir=""rtl""><span style=""color: #000000; font-size: 14pt;"">=========</span><br/>
<span style=""color: #000000; font-size: 14pt;"">(1)التفسير الحديث – (6 / 300)</span><br/>
<span style=""color: #000000; font-size: 14pt;"">كناية عن بزوغ الفجر الصادق الذي يفرق بين ظلمة الليل وضوء النهار</span></p><p dir=""rtl""><span style=""color: #000000; font-size: 14pt;"">أيسر التفاسير لكلام العلي الكبير – (1 / 166)</span><br/>
<span style=""color: #000000; font-size: 14pt;"">{الْخَيْطُ الأَبْيَضُ} الفجر الكاذب وهو بياض يلوح في الأفق؛…{الْخَيْطِ الأَسْوَدِ} : سواد يأتي بعد البياض الأول فينسخه تماماً. </span><br/>
<span style=""color: #000000; font-size: 14pt;"">=========</span><br/>
<span style=""color: #000000; font-size: 14pt;"">(2) تفسير البغوي – (1 / 208):</span><br/>
<span style=""color: #000000; font-size: 14pt;"">واعلم أن الفجر فجران كاذب وصادق، فالكاذب يطلع أولا مستطيلا كذنب السرحان يصعد إلى السماء فبطلوعه لا يخرج الليل ولا يحرم الطعام والشراب على الصائم، ثم يغيب فيطلع بعده الفجر الصادق مستطيرا ينتشر سريعا في الأفق، فبطلوعه يدخل النهار ويحرم الطعام والشراب علىالصائم.</span></p><p dir=""rtl""><span style=""color: #000000; font-size: 14pt;"">الكشف والبيان – تفسير الثعلبي – (2 / 80):</span><br/>
<span style=""color: #000000; font-size: 14pt;"">والفجر إنشقاق عمود الصبح وابتداء ضوءه ، وهو مصدر من قولك فجرّ الماء يفجر فجراً إذا إنبعث وجرى شبهّه شق الضوء بظلمة الفجر ، الماء الحوض إذا شقه وخرج منه وهما فجران ، أحدهما : يسطع في السماء مستطيلاً كذّذ السرحان ولا ينتشر فذلك لا يحل الصلاة ولا يحرم الطعام على الصائم وهو الفجر الكاذب .</span><br/>
<span style=""color: #000000; font-size: 14pt;"">والثاني : هو المستطير الذي ينتشر ويأخذ الأفق ضوء الفجر الصادق الذي يحل الصلاة ويحرم الطعام على الصائم وهو المعني بهذه الآية .</span><br/>
<span style=""color: #000000; font-size: 14pt;"">=========</span><br/>
<span style=""color: #000000; font-size: 14pt;"">(3) صحيح مسلم – عبد الباقي – (2 / 770):</span><br/>
<span style=""color: #000000; font-size: 14pt;"">لا يغرنكم من سحوركم أذان بلال ولا بياض الأفق المستطيل هكذا حتى يستطير هكذا وحكاه حماد بيديه قال يعني معترضا</span></p><p dir=""rtl""><span style=""color: #000000; font-size: 14pt;"">مرقاة المفاتيح شرح مشكاة المصابيح – (2 / 573):</span><br/>
<span style=""color: #000000; font-size: 14pt;"">680 – (عَنِ ابْنِ عُمَرَ قَالَ: قَالَ رَسُولُ اللَّهِ صَلَّى اللَّهُ عَلَيْهِ وَسَلَّمَ: (إِنَّ</span><br/>
<span style=""color: #000000; font-size: 14pt;"">بِلَالًا يُنَادِي) أَيْ: يَذْكُرُ وَقَالَ ابْنُ الْمَلَكِ: يُؤَذِّنُ (بِلَيْلٍ) أَيْ: فِيهِ يَعْنِي لِلتَّهَجُّدِ أَوْ لِلسُّحُورِ، لِمَا وَرَدَ فِي خَبَرِ: ” إِنَّهُ نُهِيَ عَنِ الْأَذَانِ قَبْلَ الْفَجْرِ ” وَإِنْ قِيلَ بِضَعْفِهِ ” (فَكُلُوا وَاشْرَبُوا حَتَّى يُنَادِيَ ابْنُ أُمِّ مَكْتُومٍ) اسْمُهُ عَبْدُ اللَّهِ بْنُ قَيْسٍ، وَكَانَ يُنَادِي بَعْدَ طُلُوعِ الْفَجْرِ الصَّادِقِ،</span></p><p dir=""rtl""><span style=""color: #000000; font-size: 14pt;"">جامع الأحاديث – (17 / 201):</span><br/>
<span style=""color: #000000; font-size: 14pt;"">17949- لا يغرنكم من سحوركم أذان بلال ولا هذا البياض وفى لفظ ولا بياض الأفق المستطيل حتى يستطير (الطيالسى ، ومسلم ، والنسائى ، وابن خزيمة ، والدارقطنى عن سمرة بن جندب)</span></p><p dir=""rtl""><span style=""color: #000000; font-size: 14pt;"">السنن الكبرى للبيهقي – (1 / 380):</span><br/>
<span style=""color: #000000; font-size: 14pt;"">قال رسول الله -صلى الله عليه وسلم- :« لا يغرنكم من سحوركم أذان بلال ولا بياض الأفق المستطيل حتى يستطير هكذا ».</span></p><p dir=""rtl""><span style=""color: #000000; font-size: 14pt;"">الجامع لأحكام القرآن – (2 / 318):</span><br/>
<span style=""color: #000000; font-size: 14pt;"">روى مسلم عن سمرة بن جندب رضي اللّه عنه قال قال رسول اللّه صلى اللّه عليه وسلم : ” لا يغرنكم من سحوركم أذان بلال ولا بياض الأفق المستطيل هكذا حتى يستطير هكذا”. وحكاه حماد بيديه قال : يعني معترضا</span></p><p dir=""rtl""><span style=""color: #000000; font-size: 14pt;"">تفسير ابن كثير-ط دار طيبة – (1 / 515):</span><br/>
<span style=""color: #000000; font-size: 14pt;"">الإمام أحمد: حدثنا موسى بن داود، حدثنا محمد بن جابر، عن قيس بن طَلْق، عن أبيه: أن رسول الله صلى الله عليه وسلم قال: “ليس الفجرُ المستطيل في الأفق ولكنه المعترض الأحمر” . ورواه أبو داود، والترمذي ولفظهما: “كلوا واشربوا ولا يَهِيدَنَّكُمْ الساطع المصعد، فكلوا واشربوا حتى يعترض لكم الأحمر”.</span><br/>
<span style=""color: #000000; font-size: 14pt;"">وقال ابن جرير: حدثنا محمد بن المثنى، حدثنا عبد الرحمن بن مهدي، حدثنا شعبة، عن شيخ من بني قشير: سمعت سَمُرة بن جُنْدَب يقول: قال رسول الله صلى الله عليه وسلم: “لا يغرنكم نداء بلال وهذا البياض حتى ينفجر الفجر، أو يطلع الفجر”.</span><br/>
<span style=""color: #000000; font-size: 14pt;"">ثم رواه من حديث شعبة وغيره، عن سوادة بن حنظلة، عن سمرة قال: قال رسول الله صلى الله عليه وسلم: “لا يمنعكم من سَحُوركم أذان بلال ولا الفجر المستطيل، ولكن الفجر المستطير في الأفق” .</span><br/>
<span style=""color: #000000; font-size: 14pt;"">قال: وحدثني يعقوب بن إبراهيم، حدثنا ابن عُلَية، عن عبد الله بن سَوادة القُشَيري، عن أبيه، عن سمرة بن جندب قال: قال رسول الله صلى الله عليه وسلم: “لا يغرنكم أذان بلال ولا هذا البياض، تعمدوا الصبح حين يستطير”</span></p><p dir=""rtl""><span style=""color: #000000; font-size: 14pt;"">.ورواه مسلم في صحيحه عن زهير بن حرب، عن إسماعيل بن إبراهيم -يعني ابن علية -مثله سواء .</span><br/>
<span style=""color: #000000; font-size: 14pt;"">وقال ابن جرير: حدثنا ابن حمَيد، حدثنا ابن المبارك، عن سُلَيمان التيمي، عن أبي عثمان النهدي، عن ابن مسعود قال: قال رسول الله صلى الله عليه وسلم: “لا يمنعَنّ أحدكم أذان بلال عن سحوره -أو قال نداء بلال -فإن بلالا يؤذن -أو [قال] ينادي -لينبه نائمكم وليَرْجع قائمكم، وليس الفجر أن يقول</span><br/>
<span style=""color: #000000; font-size: 14pt;"">=========</span><br/>
<span style=""color: #000000; font-size: 14pt;"">(4)التفسير المنير للزحيلي – (2 / 158):</span><br/>
<span style=""color: #000000; font-size: 14pt;"">ومن شك في طلوع الفجر، لزمه الكف عن الأكل، فإن أكل مع شكه، فعليه القضاء كالناسي، في مذهب مالك، وقال أبو حنيفة والشافعي: لا شيء عليه حتى يتبين له طلوع الفجر. فإن تبين طلوع الفجر وجب عليه القضاء باتفاق أئمة المذاهب إذ «لا عبرة بالظن البين خطؤه».</span><br/>
<span style=""color: #000000; font-size: 14pt;"">=========</span><br/>
<span style=""color: #000000; font-size: 14pt;"">(5) مشكاة المصابيح مع شرحه مرعاة المفاتيح – (6 / 931):</span><br/>
<span style=""color: #000000; font-size: 14pt;"">المراد بالنداء الأذان الأول أي أذان بلال قبل الفجر لقوله {صلى الله عليه وسلم} إن بلالاً يؤذن بليل فكلوا وأشربوا حتى يؤذن ابن أم مكتوم.</span><br/>
<span style=""color: #000000; font-size: 14pt;"">=========</span><br/>
<span style=""color: #000000; font-size: 14pt;"">(6) سنن أبى داود-ن – (2 / 275):</span><br/>
<span style=""color: #000000; font-size: 14pt;"">قَالَ رَسُولُ اللَّهِ -صلى الله عليه وسلم- « لاَ يَمْنَعَنَّ مِنْ سَحُورِكُمْ أَذَانُ بِلاَلٍ وَلاَ بَيَاضُ الأُفُقِ الَّذِى هَكَذَا حَتَّى يَسْتَطِيرَ ».</span></p><p dir=""rtl""><span style=""color: #000000; font-size: 14pt;"">سنن أبى داود-ن – (2 / 275):</span><br/>
<span style=""color: #000000; font-size: 14pt;"">عَنْ عَبْدِ اللَّهِ بْنِ مَسْعُودٍ قَالَ قَالَ رَسُولُ اللَّهِ -صلى الله عليه وسلم- « لاَ يَمْنَعَنَّ أَحَدَكُمْ أَذَانُ بِلاَلٍ مِنْ سَحُورِهِ فَإِنَّهُ يُؤَذِّنُ – أَوْ قَالَ يُنَادِى – لِيَرْجِعَ قَائِمُكُمْ وَيَنْتَبِهَ نَائِمُكُمْ وَلَيْسَ الْفَجْرُ أَنْ يَقُولَ هَكَذَا ». قَالَ مُسَدَّدٌ وَجَمَعَ يَحْيَى كَفَّيْهِ حَتَّى يَقُولَ هَكَذَا وَمَدَّ يَحْيَى بِأُصْبَعَيْهِ السَّبَّابَتَيْنِ.</span></p><p dir=""rtl""><span style=""color: #000000; font-size: 14pt;"">سنن أبى داود-ن – (2 / 275):</span><br/>
<span style=""color: #000000; font-size: 14pt;"">قَالَ رَسُولُ اللَّهِ -صلى الله عليه وسلم- « كُلُوا وَاشْرَبُوا وَلاَ يَهِيدَنَّكُمُ السَّاطِعُ الْمُصْعِدُ فَكُلُوا وَاشْرَبُوا حَتَّى يَعْتَرِضَ لَكُمُ الأَحْمَرُ ».</span><br/>
<span style=""color: #000000; font-size: 14pt;"">=========</span><br/>
<span style=""color: #000000; font-size: 14pt;"">واللہ تعالی اعلم بالصواب</span></p><p dir=""rtl""><span style=""color: #000000; font-size: 14pt;"">تحریر:</span><br/>
<span style=""color: #000000; font-size: 14pt;"">محمدعاصم عصمہ اللہ تعالی، متخصص فی الافتاء جامعہ دارالعلوم کراچی</span></p>","June 21, 2022",suffah-darul-uloom-karachi,"<div class=""entry-content"" id=""post-conten-single""><p dir=""rtl""><span style=""color: #000000; font-size: 14pt;"">پچھلے سال کی طرح اس سال بھی سوشل میڈیابالخصوص فیس بک پربعض لوگ ابوداؤد شریف کی ایک حدیث کی آیت قرآنی اور دیگر احادیث کومدنظررکھے بغیرغلط تشریح کرکے یہ بات بہت زور و شور سے پھیلار ہےہیں کہ اگر کوئی شخص سحری کررہاہواور کھانے کابرتن اس کے ہاتھ میں ہو اوراسی حالت میں اذان فجر ہوجائے تو وہ اذان فجر کی وجہ سے کھانے سے نہ رک جائے بلکہ اپنی حاجت پوری کرلے،یعنی عوام میں یہ بات مشہورکرنے کی کوشش کی جارہی ہے کہ سحری کے ختم ہونے کا وقت طلوع صبح صادق نہیں ہے بلکہ فجر کی اذان کے وقت بھی کھانے پینے کی کوئی چیز ہاتھ میں ہو تواس ختم کھاسکتے ہیں ،حالانکہ یہ بات قرآن وسنت کی روسےدرست نہیں ہے ،لہذاسحری کا وقت ختم ہونے کے سلسلےمیں قرآن و سنت کے احکامات کا خلاصہ پیش ِخدمت ہیں۔</span><br/>
<span style=""color: #000000; font-size: 14pt;"">.</span><br/>
<span style=""color: #000000; font-size: 14pt;"">(1)۔۔۔ اللہ تبارک و تعالی نے سورت بقرہ کی آیت نمبر 187میں فرمایا :</span><br/>
<span style=""color: #000000; font-size: 14pt;"">كُلُوا وَاشْرَبُوا حَتَّى يَتَبَيَّنَ لَكُمُ الْخَيْطُ الْأَبْيَضُ مِنَ الْخَيْطِ الْأَسْوَدِ مِنَ الْفَجْرِ</span><br/>
<span style=""color: #000000; font-size: 14pt;"">ترجمہ:’’کھاؤاورپیو یہاں تک کہ صبح کی سفیددھاری سیاہ دھاری سے ممتاز ہوکرتم پر واضح ہوجائے‘‘</span><br/>
<span style=""color: #000000; font-size: 14pt;"">اس آیت میں سحری کےختم ہونے کا وقت بتایا گیاہےاوراس کی تفسیر کرتےہوئےمفسرین نے’’الخیط الابیض‘‘ سے مراد صبح کاذب اور ’’الخیط الاسود‘‘ سے مراد صبح صادق بتایاہے،لہذا معلوم ہواکہ اللہ تبارک وتعالی نے اس آیت میں سحری کےختم ہونےکا وقت صبح صادق کاطلوع ہونابتایاہے۔(دیکھئےعبارات نمبر1)</span><br/>
<span style=""color: #000000; font-size: 14pt;"">.</span><br/>
<span style=""color: #000000; font-size: 14pt;"">تفسیربغوی اور ثعلبی میں اسی آیت کی تفسیرمیں مزیدواضح کیا کہ فجر کی دو قسمیں ہیں:</span><br/>
<span style=""color: #000000; font-size: 14pt;"">1.فجرِکاذب یا صبح کاذب:وہ روشنی جوآسمانِ افق میں بلندی کی طرف (طولاً)نظرآتی ہےاور اس کے طلوع ہونے سے نہ تو رات ختم ہوتی ہے،نہ نماز فجرجائزہےاور نہ ہی روزہ دار پرکھاناپیناحرام ہوتا ہے۔</span><br/>
<span style=""color: #000000; font-size: 14pt;"">2.فجرِصادق یا صبح صادق:وہ روشنی جوآسمانِ افق پر(عرضا)نظرآئے،اور اس کے طلوع ہونے سےرات ختم ہوکر دن شروع ہو جاتا ہے، سحری کا وقت ختم کر روزہ دار پر کھاناپینا حرام ہوجاتا ہےاورنماز فجرکاوقت شروع ہوجاتا ہے۔(دیکھئے عبارات نمبر2)</span><br/>
<span style=""color: #000000; font-size: 14pt;"">==============</span><br/>
<span style=""color: #000000; font-size: 14pt;"">(2)۔۔۔تفاسیر اور احادیث کی کتابوں میں یہ بات تفصیل سےمذکور ہے کہ آنحضرت محمدﷺ کے دور میں ایک اذان حضرت بلالؓ دیتے تھے جوتہجداورسحری کی اطلاع کیلئے ہوتی تھی،اوردوسری اذان حضرت عبداللہ ابن ام مکتومؓ دیتے تھےجوفجرِ(صبح)صادق کےطلوع ہونےکے بعد دیتے تھے،مذکورہ واقعہ اور دیگر احادیث سے یہ بات صراحتا ًمعلوم ہوتی ہے کہ سحری کا اختتامی وقت طلوعِ صبحِ صادق ہےاور اس کے طلوع کے بعد روزہ دار کیلئے کھانے پینے کی اجازت نہیں ۔(دیکھئے عبارات نمبر3)</span><br/>
<span style=""color: #000000; font-size: 14pt;"">==============</span><br/>
<span style=""color: #000000; font-size: 14pt;"">(4)۔۔۔صاحبِ تفسیرِمنیرؒ لکھتے ہیں کہ جوشخص صبح صادق طلوع ہونےکےبعدتک سحری کرتارہاتوائمہِ </span><br/>
<span style=""color: #000000; font-size: 14pt;"">اربعہ کا اتفاق ہے کہ اس شخص پر اس روزہ کی قضاء واجب ہے۔(دیکھئے عبارت نمبر4)</span><br/>
<span style=""color: #000000; font-size: 14pt;"">==============</span><br/>
<span style=""color: #000000; font-size: 14pt;"">(5)۔۔۔جہاں تک ابوداؤد میں موجودحدیث(إِذَا سَمِعَ أَحَدُكُمُ النِّدَاءَ وَالإِنَاءُ عَلَى يَدِهِ فَلاَ يَضَعْهُ حَتَّى يَقْضِىَ حَاجَتَهُ مِنْهُ،’’جب تم میں سے کوئی(فجرکی) اذان سنےاور(کھانے یا پینے)کابرتن اس کے ہاتھ میں ہوتواسے نہ رکھے ،بلکہ اس سے اپنی ضرورت پوری کرلے‘‘) کاتعلق ہے تویہ صرف ظاہری طورپرمذکورہ بالا آیت ِقرآنی اور احادیث کے خلاف نظر آتی ہے،لیکن حقیقت میں دونوں میں کوئی تعارض نہیں ہےکیونکہ حدیث کی اہم کتاب’’مشکوۃ‘‘ کی شرح ’’مرعاۃ‘‘ میں اس حدیث کی تشریح میں لکھاہےکہ ’’النداء‘‘سے مراد حضرت بلال ؓ کی اذان ہے جوکہ صبح صادق سے پہلےصبح کاذب کے وقت دی جاتی تھی(دیکھئے عبارات نمبر3اور5)اور اس بات کی تائید (کہ سحری کااختتامی وقت طلوعِ صبحِ صادق ہےنہ کہ اذانِ فجریااس کے بعد تک )ابوداؤد کی وہ تمام روایات ہیں جو ’’باب وَقْتِ السُّحُورِ‘‘ میں ذکرکی گئی ہیں جن سے صرحتا معلوم ہورہا ہے کہ سحری کے ختم ہونے کا وقت طلوعِ صبح صادق ہے(دیکھئے عبارات نمبر6)</span><br/>
<span style=""color: #000000; font-size: 14pt;"">.</span><br/>
<span style=""color: #000000; font-size: 14pt;"">مذکورہ بالا تفصیل سےمعلوم ہواکہ ابوداؤدشریف کےایک حدیث کے ظاہری معنی کو لیکر دیگرآیات، احادیث، مفسرین اور محدثین کی تشریحات سے نظریں چراکرصبح صادق طلوع ہونے کے بعد اذان فجریا اس کے بعد تک تک سحری کاوقت ثابت کرنایا کھانےکی اجازت دینادرست نہیں ہے۔لہذامعلوم ہوا کہ: </span><br/>
<span style=""color: #000000; font-size: 14pt;"">.</span><br/>
<span style=""color: #000000; font-size: 14pt;"">(الف) سحری کا اختتامی وقت ’’طلوعِ صبحِ صادق‘‘ہےنہ کی اذانِ فجر،لہذااذانِ فجرتک کھاناپینادرست نہیں ہے کیونکہ ہمارے ہاں رمضان میں عموماً صبح صادق طلوع ہونے کےپانچ سے دس منٹ بعد فجر کی اذان دی جاتی ہے،بلکہ بہتر تویہ ہے کہ صبح صادق طلوع ہونےسے بھی تقریباًدومنٹ پہلے کھانے پینے سےاحتیاطاً رک جانا چاہئے۔</span><br/>
<span style=""color: #000000; font-size: 14pt;"">.</span><br/>
<span style=""color: #000000; font-size: 14pt;"">(ب)اگرکسی مسجد میں صبح صادق طلوع ہونے سے پہلےہی فجرکی اذان ہوتی ہو(اگرچہ اذان کا وقت نہ ہونے کی وجہ سےایسا کرنا درست نہیں)توصرف ایسی صورت میں فجر کی اذان کے وقت کھاناممنوع نہ ہوگاکیونکہ ابھی تک سحری کا اختتامی یعنی صبح صادق کا وقت نہیں ہوا۔</span><br/>
<span style=""color: #000000; font-size: 14pt;"">.</span><br/>
<span style=""color: #000000; font-size: 14pt;"">(ج)اگرکسی مسجد میں صبح صادق(اپنے شہر کے مستندنقشہ کے مطابق) کے فورا بعد اذان ہوگئی اور کوئی شخص اس وقت تک کھاتا رہاتواگریہ صبح صادق(نقشہ کے مطابق) سے ایک دو منٹ کی حد تک دیرہےتواس کا روزہ توہوجائے گا کیونکہ نقشہ میں بھی ایک دو منٹ احتیاط کے رکھے جاتے ہیں،لیکن اس کی عادت بنالیناہرگزدرست نہیں ہے بلکہ صبح صادق طلوع ہونےسے بھی تقریباًدومنٹ پہلے کھانے پینے سےاحتیاطاً رک جانا چاہئے۔</span><br/>
<span style=""color: #000000; font-size: 14pt;"">اوراگرفجر کی اذان صبح صادق(نقشہ کے مطابق) طلوع ہونے کے ایک دو منٹ سے زیادہ تاخیر سے ہواورکوئی شخص اتنی تاخیر تک کھاتا رہاتواس کاروزہ نہ ہوگااوراسے اس دن کے روزہ کی قضا کرنا ہوگی، کیونکہ حقیقتاً صبح صادق طلوع ہونے کے ایک منٹ بعد بھی کھایاجائے توروزہ نہیں ہوتا، نیز اس کیلئے باقی دن روزہ داروں کی طرح رہنا بھی واجب ہوگا۔</span><br/>
<span style=""color: #000000; font-size: 14pt;"">.</span><br/>
<span style=""color: #000000; font-size: 14pt;"">(د) سب سے بہتر طریقہ یہ ہے کہ اپنے شہر کے کسی معتبر دینی ادارے کا سحری و افطاری کا نقشہ لے لیا جائے اور اسی کے مطابق سحری و افطاری کی جائے،کیونکہ موجودہ حالات میں اپنے مشاہدہ سے صبح کاذب وصادق کا اندازہ لگاناممکن نہیں ہے(الایہ کہ کوئی ماہرہویا دیہات یاجنگل میں رہنے کی وجہ اس کی پہچان رکھتا ہو)</span><br/>
<span style=""color: #000000; font-size: 14pt;"">.</span><br/>
<span style=""color: #000000; font-size: 14pt;"">نوٹ:معمولی ردوبدل کے بعد اسے دوبارہ شیئر کیا جارہاہے، اگر اس میں مخلصین کو کوئی علمی اعتبار سے سقم محسوس ہو تو بندہ کو آگاہ کریں۔ جزاک اللہ خیرا</span></p><p dir=""rtl""><span style=""color: #000000; font-size: 14pt;"">=========</span><br/>
<span style=""color: #000000; font-size: 14pt;"">(1)التفسير الحديث – (6 / 300)</span><br/>
<span style=""color: #000000; font-size: 14pt;"">كناية عن بزوغ الفجر الصادق الذي يفرق بين ظلمة الليل وضوء النهار</span></p><p dir=""rtl""><span style=""color: #000000; font-size: 14pt;"">أيسر التفاسير لكلام العلي الكبير – (1 / 166)</span><br/>
<span style=""color: #000000; font-size: 14pt;"">{الْخَيْطُ الأَبْيَضُ} الفجر الكاذب وهو بياض يلوح في الأفق؛…{الْخَيْطِ الأَسْوَدِ} : سواد يأتي بعد البياض الأول فينسخه تماماً. </span><br/>
<span style=""color: #000000; font-size: 14pt;"">=========</span><br/>
<span style=""color: #000000; font-size: 14pt;"">(2) تفسير البغوي – (1 / 208):</span><br/>
<span style=""color: #000000; font-size: 14pt;"">واعلم أن الفجر فجران كاذب وصادق، فالكاذب يطلع أولا مستطيلا كذنب السرحان يصعد إلى السماء فبطلوعه لا يخرج الليل ولا يحرم الطعام والشراب على الصائم، ثم يغيب فيطلع بعده الفجر الصادق مستطيرا ينتشر سريعا في الأفق، فبطلوعه يدخل النهار ويحرم الطعام والشراب علىالصائم.</span></p><p dir=""rtl""><span style=""color: #000000; font-size: 14pt;"">الكشف والبيان – تفسير الثعلبي – (2 / 80):</span><br/>
<span style=""color: #000000; font-size: 14pt;"">والفجر إنشقاق عمود الصبح وابتداء ضوءه ، وهو مصدر من قولك فجرّ الماء يفجر فجراً إذا إنبعث وجرى شبهّه شق الضوء بظلمة الفجر ، الماء الحوض إذا شقه وخرج منه وهما فجران ، أحدهما : يسطع في السماء مستطيلاً كذّذ السرحان ولا ينتشر فذلك لا يحل الصلاة ولا يحرم الطعام على الصائم وهو الفجر الكاذب .</span><br/>
<span style=""color: #000000; font-size: 14pt;"">والثاني : هو المستطير الذي ينتشر ويأخذ الأفق ضوء الفجر الصادق الذي يحل الصلاة ويحرم الطعام على الصائم وهو المعني بهذه الآية .</span><br/>
<span style=""color: #000000; font-size: 14pt;"">=========</span><br/>
<span style=""color: #000000; font-size: 14pt;"">(3) صحيح مسلم – عبد الباقي – (2 / 770):</span><br/>
<span style=""color: #000000; font-size: 14pt;"">لا يغرنكم من سحوركم أذان بلال ولا بياض الأفق المستطيل هكذا حتى يستطير هكذا وحكاه حماد بيديه قال يعني معترضا</span></p><p dir=""rtl""><span style=""color: #000000; font-size: 14pt;"">مرقاة المفاتيح شرح مشكاة المصابيح – (2 / 573):</span><br/>
<span style=""color: #000000; font-size: 14pt;"">680 – (عَنِ ابْنِ عُمَرَ قَالَ: قَالَ رَسُولُ اللَّهِ صَلَّى اللَّهُ عَلَيْهِ وَسَلَّمَ: (إِنَّ</span><br/>
<span style=""color: #000000; font-size: 14pt;"">بِلَالًا يُنَادِي) أَيْ: يَذْكُرُ وَقَالَ ابْنُ الْمَلَكِ: يُؤَذِّنُ (بِلَيْلٍ) أَيْ: فِيهِ يَعْنِي لِلتَّهَجُّدِ أَوْ لِلسُّحُورِ، لِمَا وَرَدَ فِي خَبَرِ: ” إِنَّهُ نُهِيَ عَنِ الْأَذَانِ قَبْلَ الْفَجْرِ ” وَإِنْ قِيلَ بِضَعْفِهِ ” (فَكُلُوا وَاشْرَبُوا حَتَّى يُنَادِيَ ابْنُ أُمِّ مَكْتُومٍ) اسْمُهُ عَبْدُ اللَّهِ بْنُ قَيْسٍ، وَكَانَ يُنَادِي بَعْدَ طُلُوعِ الْفَجْرِ الصَّادِقِ،</span></p><p dir=""rtl""><span style=""color: #000000; font-size: 14pt;"">جامع الأحاديث – (17 / 201):</span><br/>
<span style=""color: #000000; font-size: 14pt;"">17949- لا يغرنكم من سحوركم أذان بلال ولا هذا البياض وفى لفظ ولا بياض الأفق المستطيل حتى يستطير (الطيالسى ، ومسلم ، والنسائى ، وابن خزيمة ، والدارقطنى عن سمرة بن جندب)</span></p><p dir=""rtl""><span style=""color: #000000; font-size: 14pt;"">السنن الكبرى للبيهقي – (1 / 380):</span><br/>
<span style=""color: #000000; font-size: 14pt;"">قال رسول الله -صلى الله عليه وسلم- :« لا يغرنكم من سحوركم أذان بلال ولا بياض الأفق المستطيل حتى يستطير هكذا ».</span></p><p dir=""rtl""><span style=""color: #000000; font-size: 14pt;"">الجامع لأحكام القرآن – (2 / 318):</span><br/>
<span style=""color: #000000; font-size: 14pt;"">روى مسلم عن سمرة بن جندب رضي اللّه عنه قال قال رسول اللّه صلى اللّه عليه وسلم : ” لا يغرنكم من سحوركم أذان بلال ولا بياض الأفق المستطيل هكذا حتى يستطير هكذا”. وحكاه حماد بيديه قال : يعني معترضا</span></p><p dir=""rtl""><span style=""color: #000000; font-size: 14pt;"">تفسير ابن كثير-ط دار طيبة – (1 / 515):</span><br/>
<span style=""color: #000000; font-size: 14pt;"">الإمام أحمد: حدثنا موسى بن داود، حدثنا محمد بن جابر، عن قيس بن طَلْق، عن أبيه: أن رسول الله صلى الله عليه وسلم قال: “ليس الفجرُ المستطيل في الأفق ولكنه المعترض الأحمر” . ورواه أبو داود، والترمذي ولفظهما: “كلوا واشربوا ولا يَهِيدَنَّكُمْ الساطع المصعد، فكلوا واشربوا حتى يعترض لكم الأحمر”.</span><br/>
<span style=""color: #000000; font-size: 14pt;"">وقال ابن جرير: حدثنا محمد بن المثنى، حدثنا عبد الرحمن بن مهدي، حدثنا شعبة، عن شيخ من بني قشير: سمعت سَمُرة بن جُنْدَب يقول: قال رسول الله صلى الله عليه وسلم: “لا يغرنكم نداء بلال وهذا البياض حتى ينفجر الفجر، أو يطلع الفجر”.</span><br/>
<span style=""color: #000000; font-size: 14pt;"">ثم رواه من حديث شعبة وغيره، عن سوادة بن حنظلة، عن سمرة قال: قال رسول الله صلى الله عليه وسلم: “لا يمنعكم من سَحُوركم أذان بلال ولا الفجر المستطيل، ولكن الفجر المستطير في الأفق” .</span><br/>
<span style=""color: #000000; font-size: 14pt;"">قال: وحدثني يعقوب بن إبراهيم، حدثنا ابن عُلَية، عن عبد الله بن سَوادة القُشَيري، عن أبيه، عن سمرة بن جندب قال: قال رسول الله صلى الله عليه وسلم: “لا يغرنكم أذان بلال ولا هذا البياض، تعمدوا الصبح حين يستطير”</span></p><p dir=""rtl""><span style=""color: #000000; font-size: 14pt;"">.ورواه مسلم في صحيحه عن زهير بن حرب، عن إسماعيل بن إبراهيم -يعني ابن علية -مثله سواء .</span><br/>
<span style=""color: #000000; font-size: 14pt;"">وقال ابن جرير: حدثنا ابن حمَيد، حدثنا ابن المبارك، عن سُلَيمان التيمي، عن أبي عثمان النهدي، عن ابن مسعود قال: قال رسول الله صلى الله عليه وسلم: “لا يمنعَنّ أحدكم أذان بلال عن سحوره -أو قال نداء بلال -فإن بلالا يؤذن -أو [قال] ينادي -لينبه نائمكم وليَرْجع قائمكم، وليس الفجر أن يقول</span><br/>
<span style=""color: #000000; font-size: 14pt;"">=========</span><br/>
<span style=""color: #000000; font-size: 14pt;"">(4)التفسير المنير للزحيلي – (2 / 158):</span><br/>
<span style=""color: #000000; font-size: 14pt;"">ومن شك في طلوع الفجر، لزمه الكف عن الأكل، فإن أكل مع شكه، فعليه القضاء كالناسي، في مذهب مالك، وقال أبو حنيفة والشافعي: لا شيء عليه حتى يتبين له طلوع الفجر. فإن تبين طلوع الفجر وجب عليه القضاء باتفاق أئمة المذاهب إذ «لا عبرة بالظن البين خطؤه».</span><br/>
<span style=""color: #000000; font-size: 14pt;"">=========</span><br/>
<span style=""color: #000000; font-size: 14pt;"">(5) مشكاة المصابيح مع شرحه مرعاة المفاتيح – (6 / 931):</span><br/>
<span style=""color: #000000; font-size: 14pt;"">المراد بالنداء الأذان الأول أي أذان بلال قبل الفجر لقوله {صلى الله عليه وسلم} إن بلالاً يؤذن بليل فكلوا وأشربوا حتى يؤذن ابن أم مكتوم.</span><br/>
<span style=""color: #000000; font-size: 14pt;"">=========</span><br/>
<span style=""color: #000000; font-size: 14pt;"">(6) سنن أبى داود-ن – (2 / 275):</span><br/>
<span style=""color: #000000; font-size: 14pt;"">قَالَ رَسُولُ اللَّهِ -صلى الله عليه وسلم- « لاَ يَمْنَعَنَّ مِنْ سَحُورِكُمْ أَذَانُ بِلاَلٍ وَلاَ بَيَاضُ الأُفُقِ الَّذِى هَكَذَا حَتَّى يَسْتَطِيرَ ».</span></p><p dir=""rtl""><span style=""color: #000000; font-size: 14pt;"">سنن أبى داود-ن – (2 / 275):</span><br/>
<span style=""color: #000000; font-size: 14pt;"">عَنْ عَبْدِ اللَّهِ بْنِ مَسْعُودٍ قَالَ قَالَ رَسُولُ اللَّهِ -صلى الله عليه وسلم- « لاَ يَمْنَعَنَّ أَحَدَكُمْ أَذَانُ بِلاَلٍ مِنْ سَحُورِهِ فَإِنَّهُ يُؤَذِّنُ – أَوْ قَالَ يُنَادِى – لِيَرْجِعَ قَائِمُكُمْ وَيَنْتَبِهَ نَائِمُكُمْ وَلَيْسَ الْفَجْرُ أَنْ يَقُولَ هَكَذَا ». قَالَ مُسَدَّدٌ وَجَمَعَ يَحْيَى كَفَّيْهِ حَتَّى يَقُولَ هَكَذَا وَمَدَّ يَحْيَى بِأُصْبَعَيْهِ السَّبَّابَتَيْنِ.</span></p><p dir=""rtl""><span style=""color: #000000; font-size: 14pt;"">سنن أبى داود-ن – (2 / 275):</span><br/>
<span style=""color: #000000; font-size: 14pt;"">قَالَ رَسُولُ اللَّهِ -صلى الله عليه وسلم- « كُلُوا وَاشْرَبُوا وَلاَ يَهِيدَنَّكُمُ السَّاطِعُ الْمُصْعِدُ فَكُلُوا وَاشْرَبُوا حَتَّى يَعْتَرِضَ لَكُمُ الأَحْمَرُ ».</span><br/>
<span style=""color: #000000; font-size: 14pt;"">=========</span><br/>
<span style=""color: #000000; font-size: 14pt;"">واللہ تعالی اعلم بالصواب</span></p><p dir=""rtl""><span style=""color: #000000; font-size: 14pt;"">تحریر:</span><br/>
<span style=""color: #000000; font-size: 14pt;"">محمدعاصم عصمہ اللہ تعالی، متخصص فی الافتاء جامعہ دارالعلوم کراچی</span></p></div>"
https://www.suffahpk.com/shaers-ki-khared-wa-farokht-ko-zarya-maash-banana/,شیئرز کی خرید و فروخت کو ذریعہ معاش بنانا,,"<p dir=""rtl""><span style=""font-size: 18pt; color: #800000;"">دارالعلوم کراچی فتویٰ نمبر:33</span></p><p dir=""rtl""><span style=""font-size: 14pt; color: #000000;"">سوال:کیا فرماتے ہیں علمائے کرام “شیئرز “کے مسئلہ کے متعلق کہ اسکے ذریعہ آدمی کا کمانا جائز ہے یا نہیں ،اگر کوئی شخص اسی کو ذریعہ معاش بنالے تو کیا اسکی روزی حلال ہے </span></p><p dir=""rtl""><span lang=""AR-SA"" style=""font-size: 14pt; color: #000000;"">جواب:اگر یہ شیئرز کسی ایسی کمپنی کے ہیں جس کا کل کاروبار یا اکثر جائز ہے تو اس کے شیئرز خریدنا اور اسے فروخت کرنا جائز ہے اور اس سے حاصل شدہ رقم بھی حلال ہوگی ۔</span></p><p dir=""rtl""><span style=""font-size: 14pt; color: #000000;"">        حصص کی خرید و فروخت کا کاروبار درج ِ ذیل شرائط کے ساتھ جائز ہے :</span></p><p dir=""rtl""><span style=""font-size: 14pt; color: #000000;"">(۱) جس کمپنی کے شیئرز خریدنا چاہتے ہیں ،اس کاسارا کاروبار حلال ہو، یا اکثر کاروبار حلال ہو،اگر کمپنی کا اصل کاروبار یا اکثر معاملات سودی یا غیر شرعی ہیں ،تو انکے شیئرز کی خرید و فروخت جائز نہیں ۔</span></p><p dir=""rtl""><span style=""font-size: 14pt; color: #000000;"">(۲)اس کمپنی کا کاروبار واقعۃً شروع ہوچکا ہو، اور اس کمپنی کا املاک وجود میں آچکے ہوں ،مثلاً عمارت اور مشینری وغیرہ وجودمیں آچکی ہو ،صرف پلاننگ اور منصوبہ بندی تک کمپنی کے املاک ،اثاثے وجود میں نہ آئے ہوں ،شیئرز کو صرف ان کی اصل قیمت (Face  Value)پر خریدنا یا بیچنا جائز ہے ، اس سے کم و بیش پر خریدنا جائز نہیں ۔</span></p><p dir=""rtl""><span style=""font-size: 14pt; color: #000000;"">(۳)نفع اور نقصان دونوں میں شرکت ہو یعنی اگر کمپنی کو نفع ہو تو شیئرز کے خریدار بھی نفع میں شریک ہونگے اور اگر نقصان ہوتو اپنے سرمایہ کے تناسب سے نقصان میں بھی شریک ہونگے ۔</span></p><p dir=""rtl""><span style=""font-size: 14pt; color: #000000;"">(۴)نفع فیصد کے  اعتبار سے طے ہو،یعنی نفع کی ماہانہ یا سالانہ کوئی خاص رقم یقینی طور پر مقرر نہ ہوبلکہ فیصد کے حساب سے نفع مقرر کیا گیا ہوکہ جو نفع ملے گا اس میں سے اتنے فیصد کمپنی کا ہوگا ،اور اتنے فیصد شیئرز ہولڈرمیں تقسیم کیا جائے گا۔</span></p><p dir=""rtl""><span style=""font-size: 14pt; color: #000000;"">(۵)شیئرز خریدنےمیں یہ بھی  ضروری ہے کہ شیئرز خریدنے والا اس ارادے سے خریدے کہ وہ کمپنی کو ناجائز اور حرام معاملات کرنے سے ہر طرح منع کرے گا ،تحریری طور پر بھی اور خصوصاً کمپنی کے سالانہ اجلاس میں بھی یہ آواز اٹھائے گا کہ کمپنی ناجائز اور حرام کاروبار نہ کرے اور کم از کم ہمارا سرمایہ کسی حرام اور ناجائز کاروبار میں نہ لگائے ۔</span></p><p dir=""rtl""><span style=""font-size: 14pt; color: #000000;"">(۶)جب کمپنی سے سالانہ نفع وصول ہو،تو شیئرز رکھنے والا اس کمپنی کی بیلنس شیٹ میں دیکھے کہ کمپنی نے کتنے فیصد سرمایہ ناجائز کاروبار میں لگاکر نفع حاصل کیا ہے، پھر نفع کا اتنا فیصد اپنے حاصل شدہ نفع سے صدقہ کردے ۔</span></p><p dir=""rtl""><span style=""font-size: 14pt; color: #000000;"">(۷)شیئرز فروخت کرنے میں ایک شرط یہ بھی ہے، کہ شیئرز خریدنے کے بعد شیئرز ہولڈر ان شیئرز سرٹیفیکٹس پر قبضہ کرے اور ان کو فروخت کرے،شیئرز سرٹیفیکٹس پر قبضہ  کئے بغیر انھیں فروخت کرنا درست نہیں ۔</span></p><p dir=""rtl""><span style=""font-size: 14pt; color: #000000;"">مزید تفصیل کے لئے حضرت مولانا مفتی محمد تقی عثمانی دامت برکاتہم العالیہ کے رسالہ “شیئرز کی خرید و فروخت ”کا مطالعہ کریں ، یہ رسالہ مکتبہ دارالعلوم کراچی ۱۴ کے پتہ سے قیمۃً حاصل کیا جاسکتا ہے</span></p><p dir=""rtl""></p>","March 20, 2016",suffah-darul-uloom-karachi,"<div class=""entry-content"" id=""post-conten-single""><p dir=""rtl""><span style=""font-size: 18pt; color: #800000;"">دارالعلوم کراچی فتویٰ نمبر:33</span></p><p dir=""rtl""><span style=""font-size: 14pt; color: #000000;"">سوال:کیا فرماتے ہیں علمائے کرام “شیئرز “کے مسئلہ کے متعلق کہ اسکے ذریعہ آدمی کا کمانا جائز ہے یا نہیں ،اگر کوئی شخص اسی کو ذریعہ معاش بنالے تو کیا اسکی روزی حلال ہے </span></p><p dir=""rtl""><span lang=""AR-SA"" style=""font-size: 14pt; color: #000000;"">جواب:اگر یہ شیئرز کسی ایسی کمپنی کے ہیں جس کا کل کاروبار یا اکثر جائز ہے تو اس کے شیئرز خریدنا اور اسے فروخت کرنا جائز ہے اور اس سے حاصل شدہ رقم بھی حلال ہوگی ۔</span></p><p dir=""rtl""><span style=""font-size: 14pt; color: #000000;"">        حصص کی خرید و فروخت کا کاروبار درج ِ ذیل شرائط کے ساتھ جائز ہے :</span></p><p dir=""rtl""><span style=""font-size: 14pt; color: #000000;"">(۱) جس کمپنی کے شیئرز خریدنا چاہتے ہیں ،اس کاسارا کاروبار حلال ہو، یا اکثر کاروبار حلال ہو،اگر کمپنی کا اصل کاروبار یا اکثر معاملات سودی یا غیر شرعی ہیں ،تو انکے شیئرز کی خرید و فروخت جائز نہیں ۔</span></p><p dir=""rtl""><span style=""font-size: 14pt; color: #000000;"">(۲)اس کمپنی کا کاروبار واقعۃً شروع ہوچکا ہو، اور اس کمپنی کا املاک وجود میں آچکے ہوں ،مثلاً عمارت اور مشینری وغیرہ وجودمیں آچکی ہو ،صرف پلاننگ اور منصوبہ بندی تک کمپنی کے املاک ،اثاثے وجود میں نہ آئے ہوں ،شیئرز کو صرف ان کی اصل قیمت (Face  Value)پر خریدنا یا بیچنا جائز ہے ، اس سے کم و بیش پر خریدنا جائز نہیں ۔</span></p><p dir=""rtl""><span style=""font-size: 14pt; color: #000000;"">(۳)نفع اور نقصان دونوں میں شرکت ہو یعنی اگر کمپنی کو نفع ہو تو شیئرز کے خریدار بھی نفع میں شریک ہونگے اور اگر نقصان ہوتو اپنے سرمایہ کے تناسب سے نقصان میں بھی شریک ہونگے ۔</span></p><p dir=""rtl""><span style=""font-size: 14pt; color: #000000;"">(۴)نفع فیصد کے  اعتبار سے طے ہو،یعنی نفع کی ماہانہ یا سالانہ کوئی خاص رقم یقینی طور پر مقرر نہ ہوبلکہ فیصد کے حساب سے نفع مقرر کیا گیا ہوکہ جو نفع ملے گا اس میں سے اتنے فیصد کمپنی کا ہوگا ،اور اتنے فیصد شیئرز ہولڈرمیں تقسیم کیا جائے گا۔</span></p><p dir=""rtl""><span style=""font-size: 14pt; color: #000000;"">(۵)شیئرز خریدنےمیں یہ بھی  ضروری ہے کہ شیئرز خریدنے والا اس ارادے سے خریدے کہ وہ کمپنی کو ناجائز اور حرام معاملات کرنے سے ہر طرح منع کرے گا ،تحریری طور پر بھی اور خصوصاً کمپنی کے سالانہ اجلاس میں بھی یہ آواز اٹھائے گا کہ کمپنی ناجائز اور حرام کاروبار نہ کرے اور کم از کم ہمارا سرمایہ کسی حرام اور ناجائز کاروبار میں نہ لگائے ۔</span></p><p dir=""rtl""><span style=""font-size: 14pt; color: #000000;"">(۶)جب کمپنی سے سالانہ نفع وصول ہو،تو شیئرز رکھنے والا اس کمپنی کی بیلنس شیٹ میں دیکھے کہ کمپنی نے کتنے فیصد سرمایہ ناجائز کاروبار میں لگاکر نفع حاصل کیا ہے، پھر نفع کا اتنا فیصد اپنے حاصل شدہ نفع سے صدقہ کردے ۔</span></p><p dir=""rtl""><span style=""font-size: 14pt; color: #000000;"">(۷)شیئرز فروخت کرنے میں ایک شرط یہ بھی ہے، کہ شیئرز خریدنے کے بعد شیئرز ہولڈر ان شیئرز سرٹیفیکٹس پر قبضہ کرے اور ان کو فروخت کرے،شیئرز سرٹیفیکٹس پر قبضہ  کئے بغیر انھیں فروخت کرنا درست نہیں ۔</span></p><p dir=""rtl""><span style=""font-size: 14pt; color: #000000;"">مزید تفصیل کے لئے حضرت مولانا مفتی محمد تقی عثمانی دامت برکاتہم العالیہ کے رسالہ “شیئرز کی خرید و فروخت ”کا مطالعہ کریں ، یہ رسالہ مکتبہ دارالعلوم کراچی ۱۴ کے پتہ سے قیمۃً حاصل کیا جاسکتا ہے</span></p><p dir=""rtl""></p></div>"
https://www.suffahpk.com/isha-k-baad-silai-ya-khana-pakany-ka-hukum/,عشاء کے بعد سلائی یا کھانا پکانے کا  حکم,,"<p style=""direction: rtl;""><span style=""font-size: 18pt; color: #800000;"">فتویٰ نمبر:03</span></p><p style=""direction: rtl;""><span style=""font-size: 14pt; color: #000000;"">سوال:  کیا عشاء  کی نماز کے بعد سلائی کرنا  یا کھانا پکانا  وغیرہ کرسکتے ہیں  ؟</span></p><p style=""direction: rtl;""><span style=""font-size: 14pt; color: #000000;""> جواب: عشاء  کی نماز کے بعد  سلائی کرنا یا کھانا پکانا  اس وقت  درست نہیں ہے جب  اس سے نماز فجر   ضائع ہونے ک ااندیشہ ہو لہذا  اگر نماز فجر  ضائع ہونے کا اندیشہ  نہ ہو تو جائز ہے  ۔</span></p><p style=""direction: rtl;""><span style=""font-size: 14pt; color: #000000;""> جیسا کہ  ” درس ترمذی ” میں ہے  :</span></p><p style=""direction: rtl;""><span style=""font-size: 14pt; color: #000000;""> ” عشاء   کے بعد  گفتگو کسی صحیح  دینی غرض  کی وجہ سے ہو جائز ہے ۔ بشرطیکہ  اسکا ظن  غالب ہو کہ رات  کو جاگنے سے  نماز فجر   پر کوئی اثر  نہیں پڑیگا ۔”</span></p><p style=""direction: rtl;""><span style=""font-size: 14pt; color: #000000;""> ( درس ترمذی  : جلد  1 صفحہ  413 ) ( مکتبہ دارالعلوم  کراچی )</span></p>","February 8, 2016",suffah-darul-uloom-karachi,"<div class=""entry-content"" id=""post-conten-single""><p style=""direction: rtl;""><span style=""font-size: 18pt; color: #800000;"">فتویٰ نمبر:03</span></p><p style=""direction: rtl;""><span style=""font-size: 14pt; color: #000000;"">سوال:  کیا عشاء  کی نماز کے بعد سلائی کرنا  یا کھانا پکانا  وغیرہ کرسکتے ہیں  ؟</span></p><p style=""direction: rtl;""><span style=""font-size: 14pt; color: #000000;""> جواب: عشاء  کی نماز کے بعد  سلائی کرنا یا کھانا پکانا  اس وقت  درست نہیں ہے جب  اس سے نماز فجر   ضائع ہونے ک ااندیشہ ہو لہذا  اگر نماز فجر  ضائع ہونے کا اندیشہ  نہ ہو تو جائز ہے  ۔</span></p><p style=""direction: rtl;""><span style=""font-size: 14pt; color: #000000;""> جیسا کہ  ” درس ترمذی ” میں ہے  :</span></p><p style=""direction: rtl;""><span style=""font-size: 14pt; color: #000000;""> ” عشاء   کے بعد  گفتگو کسی صحیح  دینی غرض  کی وجہ سے ہو جائز ہے ۔ بشرطیکہ  اسکا ظن  غالب ہو کہ رات  کو جاگنے سے  نماز فجر   پر کوئی اثر  نہیں پڑیگا ۔”</span></p><p style=""direction: rtl;""><span style=""font-size: 14pt; color: #000000;""> ( درس ترمذی  : جلد  1 صفحہ  413 ) ( مکتبہ دارالعلوم  کراچی )</span></p></div>"
https://www.suffahpk.com/al-huda-international-ki-haqeqat/,الھدیٰ انٹر نیشنل کی حقیقت,,"<p style=""direction: rtl;""><span style=""font-size: 14pt; color: #000000;"">سوال: الھدیٰ انٹرنیشنل کے بارے میں معلومات درکار ہیں ؟</span></p><p style=""direction: rtl;""><span style=""font-size: 14pt; color: #000000;"">الجواب حامداً و مصلیاً</span><br/>
<span style=""font-size: 14pt; color: #000000;"">ڈاکٹر فرحت ہاشمی صاحبہ اور ان کے ادارے الہدیٰ انٹر نیشنل سے تعلیم حاصل کرنے والے افراد کے جو نظریات اب تک دارالافتاء جامعہ دارالعلوم کراچی کو مختلف سوالات کے ذریعہ معلوم ہوئے ہیں وہ کافی سنگین ہیں مثلاً اجماعِ امت سے ہٹ کر نئی راہ اختیار کرنا ، تقلید کو علی الاطلاق شرک قرار دینا ، فوت شدہ نمازوں کی قضاء کو غیر ضروری سمجھنا ، تین طلاقوں کو ایک قرار دینا ، صرف ترجمۂ قرآن پڑھ لینے کو اجتہاد کے لئے کافی سمجھنا ، فقہی اختلافات کے ذریعہ دین میں شکوک و شبہات پیدا کرنا ، علماء و فقہاء سے بدظن کرکے ان پر اعتماد کو ختم کرنا اور اپنی من پسند ذاتی رائے کے مطابق عمل کرلینے کی ترغیب دینا وغیرہ یہ سب غلط ، گمراہ کن اور فتنہ انگیز نظریات ہیں ۔ جو شخص یا ادارہ اس قسم کے نظریات کی تعلیم و تبلیغ کرتا ہو وہ نہ صرف یہ کہ بہت سے گمراہانہ ، گمراہ کن اور اور فتنہ انگیز نظریات کا حامل ہے بلکہ اس سے مسلمانوں کے درمیان افتراق و انتشار پیدا ہونے کا قوی اندیشہ ہے ۔ ایسے نظریا ت کی حامل شخصیت کے دروس میں شرکت کرنا یا ایسے ادارے میں تعلیم حاصل کرنا جائز نہیں۔</span></p>","December 7, 2015",suffah-darul-uloom-karachi,"<div class=""entry-content"" id=""post-conten-single""><p style=""direction: rtl;""><span style=""font-size: 14pt; color: #000000;"">سوال: الھدیٰ انٹرنیشنل کے بارے میں معلومات درکار ہیں ؟</span></p><p style=""direction: rtl;""><span style=""font-size: 14pt; color: #000000;"">الجواب حامداً و مصلیاً</span><br/>
<span style=""font-size: 14pt; color: #000000;"">ڈاکٹر فرحت ہاشمی صاحبہ اور ان کے ادارے الہدیٰ انٹر نیشنل سے تعلیم حاصل کرنے والے افراد کے جو نظریات اب تک دارالافتاء جامعہ دارالعلوم کراچی کو مختلف سوالات کے ذریعہ معلوم ہوئے ہیں وہ کافی سنگین ہیں مثلاً اجماعِ امت سے ہٹ کر نئی راہ اختیار کرنا ، تقلید کو علی الاطلاق شرک قرار دینا ، فوت شدہ نمازوں کی قضاء کو غیر ضروری سمجھنا ، تین طلاقوں کو ایک قرار دینا ، صرف ترجمۂ قرآن پڑھ لینے کو اجتہاد کے لئے کافی سمجھنا ، فقہی اختلافات کے ذریعہ دین میں شکوک و شبہات پیدا کرنا ، علماء و فقہاء سے بدظن کرکے ان پر اعتماد کو ختم کرنا اور اپنی من پسند ذاتی رائے کے مطابق عمل کرلینے کی ترغیب دینا وغیرہ یہ سب غلط ، گمراہ کن اور فتنہ انگیز نظریات ہیں ۔ جو شخص یا ادارہ اس قسم کے نظریات کی تعلیم و تبلیغ کرتا ہو وہ نہ صرف یہ کہ بہت سے گمراہانہ ، گمراہ کن اور اور فتنہ انگیز نظریات کا حامل ہے بلکہ اس سے مسلمانوں کے درمیان افتراق و انتشار پیدا ہونے کا قوی اندیشہ ہے ۔ ایسے نظریا ت کی حامل شخصیت کے دروس میں شرکت کرنا یا ایسے ادارے میں تعلیم حاصل کرنا جائز نہیں۔</span></p></div>"
https://www.suffahpk.com/jaidad-ki-taqeem/,جائیدادکی تقسیم,,"<p style=""direction: rtl;""><span style=""font-size: 14pt; color: #000000;"">سوال: والد کی زندگی  میں جائیداد کی تقسیم  چھ بھائی  ہیں ان میں  سے ایک  دوسروں سے  پہلے جائیداد  میں سے حصہ لے کر  الگ ہوجاتا ہے ۔ الگ ہونےوالے کو دوسرے سے کم حصہ ملتا ہے ۔</span></p><p style=""direction: rtl;""><span style=""font-size: 14pt; color: #000000;"">1)کیا اس کا حصہ بھی  دوسروں کے برابر ہوگا ۔ کیا والد کی   مرضی  ہے کہ اس کو  کم حصہ  دے دوسروں کے برابر ہوگا ۔ کیا والد کی مرضی ہے کہ اس کو کم حصہ دے  دوسروں سے ۔ بعد میں   دوسرے بھائی   بھی الگ ہوگئے  ڈیڑھ   یا دو سال  بعد  اور ان  کو الگ ہونے والے بھائی سے جائیداد  میں  سے   زیادہ حصہ   ملا ( الگ  ہونے والے کو دوسروں کے برابر  ملے گا  یا کم)</span></p><p style=""direction: rtl;""><span style=""font-size: 14pt; color: #000000;"">  جواب: واضح  رہے کہ زندگی  میں جائیداد کی تقسیم  شرعاً  ہدیہ   اور گفٹ   ہے۔  میراث   نہیں۔  اورا حادیث  میں حضور ﷺ  نے ہدیہ  میں اولاد   کے درمیان   برابری کا حکم دیا اور بغیر   کسی خاص شرعی  وجہ   کے کسی کو کم   ، کسی کو زیادہ  دینے  کو ناپسندیدگی  کی نگاہ  سے دیکھا ہے ۔ البتہ   اولاد   کو ہر حالت  میں والدین  کی عزت  اور ان کی  فرماں برداری   کا حکم دیاہے  ۔</span></p><p style=""direction: rtl;""><span style=""font-size: 14pt; color: #000000;"">  لہذا والد صاحب   کو چاہیے تھا کہ اگر کوئی شرعی  وجہ  نہ تھی   تو سب  اولاد  میں جائیداد  برابر تقسیم  کرتے ۔ اگر بغیر  کسی شرعی  وجہ   کے انہوں نے  کسی کو کم ، کسی کو زیادہ  دیا  تو شرعاً ناپسندیدہ  کام کیا۔ البتہ   اگر دوسروں   کو اس لیے زیادہ   دیاکہ وہ   زیادہ تنگ دست   تھے یا علم  وتقویٰ   میں آگے   تھے یا خدمت   واخلاق کا وصف   ان میں  زیادہ تھا اور اس کے ساتھ ساتھ   مقصد پہلے کی دل شکنی   بھی نہ تھی  تو یہ بلا کراہت  جائز تھا۔</span></p><p style=""direction: rtl;""><span style=""font-size: 14pt; color: #000000;"">تاہم  جو بھی صورت  ہو چونکہ  اب جائیداد تقسیم ہوچکی  ہے اس لیے  جس کو جو ملا اس پر بخوشی   راضی  ہونا چاہیے ، نئے سرے سے   تقسیم   کا مطالبہ نہیں  کرنا چاہیے  ۔کیونکہ  ہدیہ کرنے والے  کے لیے ہدیہ  سے رجوع  کرنا احادیث   کی  روشنی میں بڑا گناہ ہے  ۔</span></p><p style=""direction: rtl;""><span style=""font-size: 14pt; color: #000000;""> نیز تمام  اولاد پر لازم   ہے کہ والد  کی عزت   وتوقیر   اور ان کی خدمت  واطاعت   میں کسی قسم   کی کمی نہ آنے دیں   اور پس  میں سب   محبت   کے تعلقات   رکھیں ۔ حسد  وعداوت   سے گریز کریں  ۔</span></p><p style=""direction: rtl;""><span style=""font-size: 14pt; color: #000000;""> 1۔ فی الصحیح   لمسلم   ؒ  :” عن  ابن عباس  عن رسول اللہ ﷺ  قال:  ” العائد  فی  ھبتہ ، کالکلب  بقیء، ثم  یعود  فی  قیئہ ” ( 2/36 کتاب  الھبات ، قدیمی)</span></p><p style=""direction: rtl;""><span style=""font-size: 14pt; color: #000000;"">2۔ وفیہ   : ” عن   النعمان   بن بشیر  قال:  تصدیق علی  ابی  ببعض   مالہ ، فقالت   امی  عمرۃ بنت  رواحۃ : “لاارضی  حتی تشھد   رسول اللہ ﷺ، فانطلق  ابی   الی النبی ﷺ لیشھد  علی   صدقتی ، فقال   لہ رسول اللہ ﷺ : “افعلت   ھذا بولدک   کلھم  ؟ قال   : ‘ا قال  : ‘القوا اللہ   واعدلوا  فی  اولادکم ، فرجع   ابی ، فرد تلک   الصدقۃ ” (  2/37)</span></p><p style=""direction: rtl;""><span style=""font-size: 14pt; color: #000000;"">3۔ فی الشامیۃ : “لاباس بہ اذا کان   التفضیل  لزیادۃ فضل  فی الدین ، وان کانوا سواء یکرہ ” ( 6/520 سعید)  </span></p><p style=""direction: rtl;""><span style=""font-size: 14pt; color: #000000;"">4۔۔فی  تکملۃ  فتح  الملھم  : ” ان   الوالد  ان وھب  لاحد  ابنائہ  ھبۃ  اکثر  من غیرہ   اتفاقا، او بسبب  علمہ ، اوعملہ ۔ او برہ   بالوالدین ۔ من غیران  یقصد  بذلک  اضرار   الاخرین  ولاالجور  علیھم ، کان   جائز  علی قول  الجمھور۔ ۔۔اما  اذا قصد   الوالد  الاضرار ، او تفضیل  احد   الابناء  علی غیرہ   بقصد   التفضیل  من غیر  داعیۃ  مجوزۃ  لذلک ،  فانہ  لایبیحہ  احد  ” (  2/71 مکتبہ دارالعلوم  کراتشی )</span></p><p style=""direction: rtl;""><span style=""font-size: 14pt; color: #000000;"">واللہ سبحانہ وتعالیٰ</span></p>","November 30, 2015",suffah-darul-uloom-karachi,"<div class=""entry-content"" id=""post-conten-single""><p style=""direction: rtl;""><span style=""font-size: 14pt; color: #000000;"">سوال: والد کی زندگی  میں جائیداد کی تقسیم  چھ بھائی  ہیں ان میں  سے ایک  دوسروں سے  پہلے جائیداد  میں سے حصہ لے کر  الگ ہوجاتا ہے ۔ الگ ہونےوالے کو دوسرے سے کم حصہ ملتا ہے ۔</span></p><p style=""direction: rtl;""><span style=""font-size: 14pt; color: #000000;"">1)کیا اس کا حصہ بھی  دوسروں کے برابر ہوگا ۔ کیا والد کی   مرضی  ہے کہ اس کو  کم حصہ  دے دوسروں کے برابر ہوگا ۔ کیا والد کی مرضی ہے کہ اس کو کم حصہ دے  دوسروں سے ۔ بعد میں   دوسرے بھائی   بھی الگ ہوگئے  ڈیڑھ   یا دو سال  بعد  اور ان  کو الگ ہونے والے بھائی سے جائیداد  میں  سے   زیادہ حصہ   ملا ( الگ  ہونے والے کو دوسروں کے برابر  ملے گا  یا کم)</span></p><p style=""direction: rtl;""><span style=""font-size: 14pt; color: #000000;"">  جواب: واضح  رہے کہ زندگی  میں جائیداد کی تقسیم  شرعاً  ہدیہ   اور گفٹ   ہے۔  میراث   نہیں۔  اورا حادیث  میں حضور ﷺ  نے ہدیہ  میں اولاد   کے درمیان   برابری کا حکم دیا اور بغیر   کسی خاص شرعی  وجہ   کے کسی کو کم   ، کسی کو زیادہ  دینے  کو ناپسندیدگی  کی نگاہ  سے دیکھا ہے ۔ البتہ   اولاد   کو ہر حالت  میں والدین  کی عزت  اور ان کی  فرماں برداری   کا حکم دیاہے  ۔</span></p><p style=""direction: rtl;""><span style=""font-size: 14pt; color: #000000;"">  لہذا والد صاحب   کو چاہیے تھا کہ اگر کوئی شرعی  وجہ  نہ تھی   تو سب  اولاد  میں جائیداد  برابر تقسیم  کرتے ۔ اگر بغیر  کسی شرعی  وجہ   کے انہوں نے  کسی کو کم ، کسی کو زیادہ  دیا  تو شرعاً ناپسندیدہ  کام کیا۔ البتہ   اگر دوسروں   کو اس لیے زیادہ   دیاکہ وہ   زیادہ تنگ دست   تھے یا علم  وتقویٰ   میں آگے   تھے یا خدمت   واخلاق کا وصف   ان میں  زیادہ تھا اور اس کے ساتھ ساتھ   مقصد پہلے کی دل شکنی   بھی نہ تھی  تو یہ بلا کراہت  جائز تھا۔</span></p><p style=""direction: rtl;""><span style=""font-size: 14pt; color: #000000;"">تاہم  جو بھی صورت  ہو چونکہ  اب جائیداد تقسیم ہوچکی  ہے اس لیے  جس کو جو ملا اس پر بخوشی   راضی  ہونا چاہیے ، نئے سرے سے   تقسیم   کا مطالبہ نہیں  کرنا چاہیے  ۔کیونکہ  ہدیہ کرنے والے  کے لیے ہدیہ  سے رجوع  کرنا احادیث   کی  روشنی میں بڑا گناہ ہے  ۔</span></p><p style=""direction: rtl;""><span style=""font-size: 14pt; color: #000000;""> نیز تمام  اولاد پر لازم   ہے کہ والد  کی عزت   وتوقیر   اور ان کی خدمت  واطاعت   میں کسی قسم   کی کمی نہ آنے دیں   اور پس  میں سب   محبت   کے تعلقات   رکھیں ۔ حسد  وعداوت   سے گریز کریں  ۔</span></p><p style=""direction: rtl;""><span style=""font-size: 14pt; color: #000000;""> 1۔ فی الصحیح   لمسلم   ؒ  :” عن  ابن عباس  عن رسول اللہ ﷺ  قال:  ” العائد  فی  ھبتہ ، کالکلب  بقیء، ثم  یعود  فی  قیئہ ” ( 2/36 کتاب  الھبات ، قدیمی)</span></p><p style=""direction: rtl;""><span style=""font-size: 14pt; color: #000000;"">2۔ وفیہ   : ” عن   النعمان   بن بشیر  قال:  تصدیق علی  ابی  ببعض   مالہ ، فقالت   امی  عمرۃ بنت  رواحۃ : “لاارضی  حتی تشھد   رسول اللہ ﷺ، فانطلق  ابی   الی النبی ﷺ لیشھد  علی   صدقتی ، فقال   لہ رسول اللہ ﷺ : “افعلت   ھذا بولدک   کلھم  ؟ قال   : ‘ا قال  : ‘القوا اللہ   واعدلوا  فی  اولادکم ، فرجع   ابی ، فرد تلک   الصدقۃ ” (  2/37)</span></p><p style=""direction: rtl;""><span style=""font-size: 14pt; color: #000000;"">3۔ فی الشامیۃ : “لاباس بہ اذا کان   التفضیل  لزیادۃ فضل  فی الدین ، وان کانوا سواء یکرہ ” ( 6/520 سعید)  </span></p><p style=""direction: rtl;""><span style=""font-size: 14pt; color: #000000;"">4۔۔فی  تکملۃ  فتح  الملھم  : ” ان   الوالد  ان وھب  لاحد  ابنائہ  ھبۃ  اکثر  من غیرہ   اتفاقا، او بسبب  علمہ ، اوعملہ ۔ او برہ   بالوالدین ۔ من غیران  یقصد  بذلک  اضرار   الاخرین  ولاالجور  علیھم ، کان   جائز  علی قول  الجمھور۔ ۔۔اما  اذا قصد   الوالد  الاضرار ، او تفضیل  احد   الابناء  علی غیرہ   بقصد   التفضیل  من غیر  داعیۃ  مجوزۃ  لذلک ،  فانہ  لایبیحہ  احد  ” (  2/71 مکتبہ دارالعلوم  کراتشی )</span></p><p style=""direction: rtl;""><span style=""font-size: 14pt; color: #000000;"">واللہ سبحانہ وتعالیٰ</span></p></div>"
https://www.suffahpk.com/aurat-tafreh-k-liy-bahir-jasakti-hai/,کیاعورت تفریح کے لیے باہر جاسکتی ہے,,"<p style=""direction: rtl;""><span style=""font-size: 18pt; color: #800000;"">دارالعلوم کراچی فتویٰ نمبر:32</span></p><p style=""direction: rtl; text-align: right;""><span style=""line-height: 1.5; font-size: 14pt; color: #000000;"">سوال: کیا فرماتے ہیں علمائے کرام ومفتیان عظام اس مسئلہ کے بارے میں :</span></p><p style=""direction: rtl; text-align: right;""><span style=""line-height: 1.5; font-size: 14pt; color: #000000;"">قرآن کریم میں ارشاد ہے :</span></p><p style=""direction: rtl; text-align: right;""><span style=""line-height: 1.5; font-size: 14pt; color: #000000;"">وقرن فی بیوتکن “</span></p><p style=""direction: rtl; text-align: right;""><span style=""line-height: 1.5; font-size: 14pt; color: #000000;"">1۔کیا عورتیں تفریح کے لیے جاسکتی ہیں ؟</span></p><p style=""direction: rtl; text-align: right;""><span style=""line-height: 1.5; font-size: 14pt; color: #000000;"">2۔عورتوں کا بازار جانا کیسا ہے ؟ نیز اگر گھر کے مرد نہ جاتے ہوں تو عورتیں بازار جاسکتی ہیں ؟</span></p><p style=""direction: rtl; text-align: right;""><span style=""line-height: 1.5; font-size: 14pt; color: #000000;"">3۔ اگر کوئی شخص نماز کی دوسری رکعت میں وہ سورۃ پڑھ لے جو پہلی رکعت والی سورۃ سے پہلے آتی ہو تو یہ مکروہ ہے اگر بھولے سے ایسا ہو تو کیا حکم ہے ؟</span></p><p style=""direction: rtl; text-align: right;""><span style=""line-height: 1.5; font-size: 14pt; color: #000000;"">جواب: </span></p><p style=""direction: rtl; text-align: right;""><span style=""line-height: 1.5; font-size: 14pt; color: #000000;"">1۔اسلام نے عورت کو خاتون خانہ اور گھر کی ملکہ بنایا ہے اور اس کی عفت وعصمت کی حجاظت ، شیطانی آنکھوں سے بچاؤ اور دیگر کئی وسیع البنیاد مصالح کی بنا پر اسے گھر کے آنگن میں ہی رہنے ک احکم عطا کیا ہے ۔ لیکن ساتھ میں اپنی وسعت نظر اور انسانی ضرورتوں کی بنا پر مواقع ضرورت میں، بودر ضرورت ، حجاب کے ساتھ باہر نکلنے کی بھی اجازت دی ہے ۔ دماغی تفریح اور نشاط کے لیے باہر نکلنا بھی ایک گونہ ضرورت ہے ۔ چنانچہ حضور اقدس ﷺ نے حجرہ شریف کے دروازے پر کھڑے ہو کر ، جسد مبارک کی اوٹ میں ، حضرت عائشہ رضی اللہ عنہا کو حبشیوں کے کرتب از خود دکھائے ہیں ۔ جس سے تفریح کی اہمیت وضرورت اجاگر ہوتی ہے ۔</span></p><p style=""direction: rtl; text-align: right;""><span style=""line-height: 1.5; font-size: 14pt; color: #000000;"">1۔  عورت، سر سے پاؤں تک چادر یا برقعے میں اس طرح مستور ہو کہ راستہ دیکھنے کے لیے صرف ایک آنکھ کھلی ہو ۔</span></p><p style=""direction: rtl; text-align: right;""><span style=""line-height: 1.5; font-size: 14pt; color: #000000;"">2۔ لباس ، سادہ پہلنے ۔ پر کشش اور شوخ قسم کے لباس سےا جتناب کرے ۔</span></p><p style=""direction: rtl; text-align: right;""><span style=""line-height: 1.5; font-size: 14pt; color: #000000;"">3۔   خوشبو نہ لگائے ۔</span></p><p style=""direction: rtl; text-align: right;""><span style=""line-height: 1.5; font-size: 14pt; color: #000000;"">4۔  بجنے والا زیور نہ پہنے </span></p><p style=""direction: rtl; text-align: right;""><span style=""line-height: 1.5; font-size: 14pt; color: #000000;"">5۔  مردوں کے ہجوم میں داخل نہ ہو۔</span></p><p style=""direction: rtl; text-align: right;""><span style=""line-height: 1.5; font-size: 14pt; color: #000000;"">6۔ بلاضرورت کسی اجنبی سے بات نہ کرے ۔</span></p><p style=""direction: rtl; text-align: right;""><span style=""line-height: 1.5; font-size: 14pt; color: #000000;"">7 ۔ وہ جگہ پر امن ہو، کسی قسم کے فتنے وغیرہ کا اندیشہ نہ ہو ۔</span></p><p style=""direction: rtl; text-align: right;""><span style=""line-height: 1.5; font-size: 14pt; color: #000000;"">8 ۔ تفریح کے لیے اگر شرعی مسافت سفر یعنی 77 کلو میٹر 2485 سینٹی میٹر یا اس سے زیادہ آگے جانا ہو تو محرم بھی ساتھ ہو ۔</span></p><p style=""direction: rtl; text-align: right;""><span style=""line-height: 1.5; font-size: 14pt; color: #000000;"">9۔ اسے معمول نہ بنایاجائے ، بلکہ بقدر ضرورت پر ہی اکتفا کیاجائے ۔</span></p><p style=""direction: rtl; text-align: right;""><span style=""line-height: 1.5; font-size: 14pt; color: #000000;"">ان تمام شرائط کی رعایت از حد ضروری ہے۔ بصورت دیگر باہر نکلنے کی اجازت نہ ہوگی ۔</span></p><p style=""direction: rtl; text-align: right;""><span style=""line-height: 1.5; font-size: 14pt; color: #000000;"">1۔ عن عائشۃ قالت کنت العب بالبنات عند النبی ﷺ ، وکان لی صواحب یلعن معی ، فکان رسول اللہ ﷺ اذا دخل ینقمعن منہ ،فیسربھن الی، فیلعبن معی ۔ ” متفق علیہ ۔ ( مشکوۃ :280 باب عشر ۃ النساء ) </span></p><p style=""direction: rtl; text-align: right;""><span style=""line-height: 1.5; font-size: 14pt; color: #000000;"">2۔وعنھا قالت : ” واللہ ! لقد رایت النبی ﷺ یقوم علی باب حجرتی ، والحبشۃ یلعبون بالحراب فی المسجد ، ورسول اللہ ﷺ یستر نی بردائہ لانظر الی لعبھم بین اذنہ وعاتقہ ۔ ثم یقوم من اجلی ، حتی اکون انا التی انصرف ، فاقدرواقدر الجاریۃ الحدیثۃ السن ، الحریصۃ علی اللھو ” متفق علیہ ( ایضا) </span></p><p style=""direction: rtl; text-align: right;""><span style=""line-height: 1.5; font-size: 14pt; color: #000000;"">3″ وعنھا انھا کانت مع رسول اللہ ﷺ فی سفر ، قالت : ” فسابقتہ ، فسبقتہ علی رجلتی ، فلما حملت اللحم ، سابقتہ ،فسبقنی ، قال : ” ھذہ ، بتلک السبقۃ ۔” ( ایضاً :282 قدیمی ) </span></p><p style=""direction: rtl; text-align: right;""><span style=""line-height: 1.5; font-size: 14pt; color: #000000;"">2۔ عورتوں کے لیے اصل حکم یہی ہے کہ وہ گھر کی چار دیواری میں رہیں اور بلاضرورت باہر نہ نکلیں ، بازار یا دوکانوں سے سودا سلف لانا نیز گھر کی دیگر ضروری اشیاء مہیا کرنا مردوں کی ذمہ داری ہے ۔جیسے ذمہ داری اور شرعی حکم سمجھ کر پورا کرنا ان پر لازم ہے، ورنہ گناہ گار ہوں گے ۔</span></p><p style=""direction: rtl; text-align: right;""><span style=""line-height: 1.5; font-size: 14pt; color: #000000;"">لیکن اس کے باوجود اگر وہ یہ ذمہ داری نہ نبھاتے ہوں تو عورتوں کابازار نکلنے کا جواز ضرورت شدیدہ یا متوسط درجہ کی ضرورت پر موقوف ہے  اگر واقعی کوئی شدید یا متوسط درجہ کی ضرورت درپیش ہو تو جواب کی شق نمبر ایک میں بیان کردہ شرائط کی رعایت کرتے ہوئے بازار نکلنے کی گنجائش ہے ورنہ نہیں ۔</span></p><p style=""direction: rtl; text-align: right;""><span style=""line-height: 1.5; font-size: 14pt; color: #000000;"">فی الدر المختار : ” لانہ علیہ الصلاۃ والسلام قسم الاعمال بین علی وفاطمۃ، فعل اعمال الخارج علی علی رضی اللہ عنہ والداخل علی فاطمۃ رضی اللہ عنہا، مع انھا سیدۃ نساء العالمین، بحر ۔ ” ( شامیہ :3/579س) وانظر : امدادالفتاویٰ :4/196،197 مکتبہ دارالعلوم کراچی</span></p><p style=""direction: rtl; text-align: right;""><span style=""line-height: 1.5; font-size: 14pt; color: #000000;"">وانظر : خیر الفتاوی :1/237۔238 مکتبہ امدادیہ </span></p><p style=""direction: rtl; text-align: right;""><span style=""line-height: 1.5; font-size: 14pt; color: #000000;"">وفی صحیح البخاری : قال رسول اللہ ﷺ : وانہ قد اذن لکن ان تخرجن لحاجتکن ۔” (3/306 دارالکتب العلمیہ )</span></p><p style=""direction: rtl; text-align: right;""><span style=""line-height: 1.5; font-size: 14pt; color: #000000;"">3۔بھولے سے ہو تو کراہت نہیں رہتی ۔ واللہ سبحانہ وتعالیٰ اعلم ۔</span></p>","November 17, 2015",suffah-darul-uloom-karachi,"<div class=""entry-content"" id=""post-conten-single""><p style=""direction: rtl;""><span style=""font-size: 18pt; color: #800000;"">دارالعلوم کراچی فتویٰ نمبر:32</span></p><p style=""direction: rtl; text-align: right;""><span style=""line-height: 1.5; font-size: 14pt; color: #000000;"">سوال: کیا فرماتے ہیں علمائے کرام ومفتیان عظام اس مسئلہ کے بارے میں :</span></p><p style=""direction: rtl; text-align: right;""><span style=""line-height: 1.5; font-size: 14pt; color: #000000;"">قرآن کریم میں ارشاد ہے :</span></p><p style=""direction: rtl; text-align: right;""><span style=""line-height: 1.5; font-size: 14pt; color: #000000;"">وقرن فی بیوتکن “</span></p><p style=""direction: rtl; text-align: right;""><span style=""line-height: 1.5; font-size: 14pt; color: #000000;"">1۔کیا عورتیں تفریح کے لیے جاسکتی ہیں ؟</span></p><p style=""direction: rtl; text-align: right;""><span style=""line-height: 1.5; font-size: 14pt; color: #000000;"">2۔عورتوں کا بازار جانا کیسا ہے ؟ نیز اگر گھر کے مرد نہ جاتے ہوں تو عورتیں بازار جاسکتی ہیں ؟</span></p><p style=""direction: rtl; text-align: right;""><span style=""line-height: 1.5; font-size: 14pt; color: #000000;"">3۔ اگر کوئی شخص نماز کی دوسری رکعت میں وہ سورۃ پڑھ لے جو پہلی رکعت والی سورۃ سے پہلے آتی ہو تو یہ مکروہ ہے اگر بھولے سے ایسا ہو تو کیا حکم ہے ؟</span></p><p style=""direction: rtl; text-align: right;""><span style=""line-height: 1.5; font-size: 14pt; color: #000000;"">جواب: </span></p><p style=""direction: rtl; text-align: right;""><span style=""line-height: 1.5; font-size: 14pt; color: #000000;"">1۔اسلام نے عورت کو خاتون خانہ اور گھر کی ملکہ بنایا ہے اور اس کی عفت وعصمت کی حجاظت ، شیطانی آنکھوں سے بچاؤ اور دیگر کئی وسیع البنیاد مصالح کی بنا پر اسے گھر کے آنگن میں ہی رہنے ک احکم عطا کیا ہے ۔ لیکن ساتھ میں اپنی وسعت نظر اور انسانی ضرورتوں کی بنا پر مواقع ضرورت میں، بودر ضرورت ، حجاب کے ساتھ باہر نکلنے کی بھی اجازت دی ہے ۔ دماغی تفریح اور نشاط کے لیے باہر نکلنا بھی ایک گونہ ضرورت ہے ۔ چنانچہ حضور اقدس ﷺ نے حجرہ شریف کے دروازے پر کھڑے ہو کر ، جسد مبارک کی اوٹ میں ، حضرت عائشہ رضی اللہ عنہا کو حبشیوں کے کرتب از خود دکھائے ہیں ۔ جس سے تفریح کی اہمیت وضرورت اجاگر ہوتی ہے ۔</span></p><p style=""direction: rtl; text-align: right;""><span style=""line-height: 1.5; font-size: 14pt; color: #000000;"">1۔  عورت، سر سے پاؤں تک چادر یا برقعے میں اس طرح مستور ہو کہ راستہ دیکھنے کے لیے صرف ایک آنکھ کھلی ہو ۔</span></p><p style=""direction: rtl; text-align: right;""><span style=""line-height: 1.5; font-size: 14pt; color: #000000;"">2۔ لباس ، سادہ پہلنے ۔ پر کشش اور شوخ قسم کے لباس سےا جتناب کرے ۔</span></p><p style=""direction: rtl; text-align: right;""><span style=""line-height: 1.5; font-size: 14pt; color: #000000;"">3۔   خوشبو نہ لگائے ۔</span></p><p style=""direction: rtl; text-align: right;""><span style=""line-height: 1.5; font-size: 14pt; color: #000000;"">4۔  بجنے والا زیور نہ پہنے </span></p><p style=""direction: rtl; text-align: right;""><span style=""line-height: 1.5; font-size: 14pt; color: #000000;"">5۔  مردوں کے ہجوم میں داخل نہ ہو۔</span></p><p style=""direction: rtl; text-align: right;""><span style=""line-height: 1.5; font-size: 14pt; color: #000000;"">6۔ بلاضرورت کسی اجنبی سے بات نہ کرے ۔</span></p><p style=""direction: rtl; text-align: right;""><span style=""line-height: 1.5; font-size: 14pt; color: #000000;"">7 ۔ وہ جگہ پر امن ہو، کسی قسم کے فتنے وغیرہ کا اندیشہ نہ ہو ۔</span></p><p style=""direction: rtl; text-align: right;""><span style=""line-height: 1.5; font-size: 14pt; color: #000000;"">8 ۔ تفریح کے لیے اگر شرعی مسافت سفر یعنی 77 کلو میٹر 2485 سینٹی میٹر یا اس سے زیادہ آگے جانا ہو تو محرم بھی ساتھ ہو ۔</span></p><p style=""direction: rtl; text-align: right;""><span style=""line-height: 1.5; font-size: 14pt; color: #000000;"">9۔ اسے معمول نہ بنایاجائے ، بلکہ بقدر ضرورت پر ہی اکتفا کیاجائے ۔</span></p><p style=""direction: rtl; text-align: right;""><span style=""line-height: 1.5; font-size: 14pt; color: #000000;"">ان تمام شرائط کی رعایت از حد ضروری ہے۔ بصورت دیگر باہر نکلنے کی اجازت نہ ہوگی ۔</span></p><p style=""direction: rtl; text-align: right;""><span style=""line-height: 1.5; font-size: 14pt; color: #000000;"">1۔ عن عائشۃ قالت کنت العب بالبنات عند النبی ﷺ ، وکان لی صواحب یلعن معی ، فکان رسول اللہ ﷺ اذا دخل ینقمعن منہ ،فیسربھن الی، فیلعبن معی ۔ ” متفق علیہ ۔ ( مشکوۃ :280 باب عشر ۃ النساء ) </span></p><p style=""direction: rtl; text-align: right;""><span style=""line-height: 1.5; font-size: 14pt; color: #000000;"">2۔وعنھا قالت : ” واللہ ! لقد رایت النبی ﷺ یقوم علی باب حجرتی ، والحبشۃ یلعبون بالحراب فی المسجد ، ورسول اللہ ﷺ یستر نی بردائہ لانظر الی لعبھم بین اذنہ وعاتقہ ۔ ثم یقوم من اجلی ، حتی اکون انا التی انصرف ، فاقدرواقدر الجاریۃ الحدیثۃ السن ، الحریصۃ علی اللھو ” متفق علیہ ( ایضا) </span></p><p style=""direction: rtl; text-align: right;""><span style=""line-height: 1.5; font-size: 14pt; color: #000000;"">3″ وعنھا انھا کانت مع رسول اللہ ﷺ فی سفر ، قالت : ” فسابقتہ ، فسبقتہ علی رجلتی ، فلما حملت اللحم ، سابقتہ ،فسبقنی ، قال : ” ھذہ ، بتلک السبقۃ ۔” ( ایضاً :282 قدیمی ) </span></p><p style=""direction: rtl; text-align: right;""><span style=""line-height: 1.5; font-size: 14pt; color: #000000;"">2۔ عورتوں کے لیے اصل حکم یہی ہے کہ وہ گھر کی چار دیواری میں رہیں اور بلاضرورت باہر نہ نکلیں ، بازار یا دوکانوں سے سودا سلف لانا نیز گھر کی دیگر ضروری اشیاء مہیا کرنا مردوں کی ذمہ داری ہے ۔جیسے ذمہ داری اور شرعی حکم سمجھ کر پورا کرنا ان پر لازم ہے، ورنہ گناہ گار ہوں گے ۔</span></p><p style=""direction: rtl; text-align: right;""><span style=""line-height: 1.5; font-size: 14pt; color: #000000;"">لیکن اس کے باوجود اگر وہ یہ ذمہ داری نہ نبھاتے ہوں تو عورتوں کابازار نکلنے کا جواز ضرورت شدیدہ یا متوسط درجہ کی ضرورت پر موقوف ہے  اگر واقعی کوئی شدید یا متوسط درجہ کی ضرورت درپیش ہو تو جواب کی شق نمبر ایک میں بیان کردہ شرائط کی رعایت کرتے ہوئے بازار نکلنے کی گنجائش ہے ورنہ نہیں ۔</span></p><p style=""direction: rtl; text-align: right;""><span style=""line-height: 1.5; font-size: 14pt; color: #000000;"">فی الدر المختار : ” لانہ علیہ الصلاۃ والسلام قسم الاعمال بین علی وفاطمۃ، فعل اعمال الخارج علی علی رضی اللہ عنہ والداخل علی فاطمۃ رضی اللہ عنہا، مع انھا سیدۃ نساء العالمین، بحر ۔ ” ( شامیہ :3/579س) وانظر : امدادالفتاویٰ :4/196،197 مکتبہ دارالعلوم کراچی</span></p><p style=""direction: rtl; text-align: right;""><span style=""line-height: 1.5; font-size: 14pt; color: #000000;"">وانظر : خیر الفتاوی :1/237۔238 مکتبہ امدادیہ </span></p><p style=""direction: rtl; text-align: right;""><span style=""line-height: 1.5; font-size: 14pt; color: #000000;"">وفی صحیح البخاری : قال رسول اللہ ﷺ : وانہ قد اذن لکن ان تخرجن لحاجتکن ۔” (3/306 دارالکتب العلمیہ )</span></p><p style=""direction: rtl; text-align: right;""><span style=""line-height: 1.5; font-size: 14pt; color: #000000;"">3۔بھولے سے ہو تو کراہت نہیں رہتی ۔ واللہ سبحانہ وتعالیٰ اعلم ۔</span></p></div>"
https://www.suffahpk.com/azan-ya-kisi-bhi-waqt-nabi-sallalahu-alaihi-wasallam-ka-naam-mubrak-sunty-waqt-anghoty-chomny-ka-hukum/,اذان یا کسی بھی وقت نبی ﷺ کا نام مبارک سنتے وقت انگوٹھے چومنے کا حکم,"<p dir=""rtl""><span style=""font-size: 18pt; color: #800000;"">دارالعلوم کراچی فتویٰ نمبر:30</span></p><p dir=""rtl""><span style=""font-size: 14pt; color: #000000;"">اذان یا کسی بھی وقت نبی کریم صلی اللہ علیہ وسلم کے اسمِ گرامی سننے کے وقت انگوٹھے چومنے یا آنکھوں سے ملنے کوسنت یا مستحب سمجھ کر کرنا ،اس کو احادیث سے ثابت شدہ ماننا یا اس کو حضور صلی اللہ علیہ وسلم کی تعظیم سمجھناصحیح دلیل سے ثابت نہیں ہے،یہ عمل در اصل آشوب ِ چشم کےعلاج اوراس سےحفاظت کی غرض سےشروع ہوا تھا،اس کا تجربہ کرکےبعض برزگوں کو مطلوبہ نتائج بھی حاصل ہوئے ،جیسا کہ علامہ سخاوی ؒ نے’’المقاصد الحسنہ‘‘میں بعض بزرگوں کے قصےاور اقوال نقل کئے ہیں(ملاحظہ ہو ص:۹)تا ہم بعد میں موضوع اوربےاصل احادیث کی بنیاد پربعض لوگ اسے بطور ِ عبادت اور کار ِ ثواب کے کرنے لگے جو درج ِ ذیل وجوہات کی بناء پرناجائز اور بدعت ہے:</span></p><p dir=""rtl""><span style=""font-size: 14pt; color: #000000;"">(الف) نبی کریم صلی اللہ علیہ وسلم اور صحابہ ؓکے کسی قول،فعل وغیرہ سے اس کا کوئی ثبوت نہیں ہے،باوجودیکہ اذان جیسی عبادت جو دن میں پانچ مرتبہ ادا کی جاتی تھی اور ہجرت کے بعد مدینہ منور ہ میں تقریبا ً دس سال تک حضورﷺکے سامنے ہوتی رہی اور اس کے متعلق تمام تفصیلات حتی ٰ کہ اذان دینے والوں کے نام وغیرہ سب کچھ احادیث میں آیا ہے،لیکن کسی صحیح حدیث میں نہیں آیا ہے کہ آپ ﷺ یا صحابہ کرام نے اذان کے دوران انگوٹھے چومنے کا عمل کیا ہو۔</span></p><p dir=""rtl""><span style=""font-size: 14pt; color: #000000;"">اس سلسلے میں درج ذیل حدیثیں نقل کی جاتی ہیں جو بتصریحِ محدثین اور فقہاء موضوع اوربے اصل ہیں۔</span></p><p dir=""rtl""><span style=""font-size: 14pt; color: #000000;"">حدیث نمبر۱:</span><br/>
<span style=""font-size: 14pt; color: #000000;"">ذَكَرَهُ الدَّيْلَمِيُّ فِي الْفِرْدَوْسِ مِنْ حَدِيثِ أَبِي بَكْرٍ الصِّدِّيقِ أَنَّهُ لَمَّا سَمِعَ قول المؤذن أشهد أن محمد رَسُولُ اللَّه قَالَ هَذَا، وَقَبَّلَ بَاطِنَ الأُنْمُلَتَيْنِ السَّبَّابَتَيْنِ وَمَسَحَ عَيْنَيْهِ، فَقَالَ صَلَّى اللَّهُ عَلَيْهِ وَسَلَّمَ: مَنْ فَعَلَ مِثْلَ مَا فَعَلَ خَلِيلِي فَقَدْ حَلَّتْ عَلَيْهِ شَفَاعَتِي(المقاصد الحسنة:1/604)</span></p><p dir=""rtl""><span style=""font-size: 14pt; color: #000000;"">اس کے بارے میں علامہ سخاوی ؒ فرماتے ہیں :</span><br/>
<span style=""font-size: 14pt; color: #000000;"">ولا يصح</span></p><p dir=""rtl""><span style=""font-size: 14pt; color: #000000;"">کشف الخفاء میں اس حدیث کی روایت کے بعد علامہ عجلونی ؒ فرماتے ہیں :</span><br/>
<span style=""font-size: 14pt; color: #000000;"">قال في المقاصد ولا يصح، وقال القاري وإذا ثبت رفعه إلى الصديق فيكفي العمل به لقوله عليه الصلاة والسلام عليكم بسنتي وسنة الخلفاء الراشدين من بعدي، وقيل لا يفعل ولا ينهي،</span></p><p dir=""rtl""><span style=""font-size: 14pt; color: #000000;"">ملا علی قاری ؒ اس کے رفع کو ثابت نہ مانتے ہوئے بھی اسے حضرت صدیق ِ اکبر ؓ کے فعل کی بناء پر قابلِ عمل قرار دیتے ہوئے فرماتے ہیں :</span></p><p dir=""rtl""><span style=""font-size: 14pt; color: #000000;"">وكل ما يروى في هذا فلا يصح رفعه البتة قلت وإذا ثبت رفعه على الصديق فيكفي العمل به لقوله عليه الصلاة والسلام عليكم بسنتي وسنة الخلفاء الراشدين وقيل لا يفعل ولا ينهى وغرابته لا تخفى على ذوي النهى(الموضوعات الکبری:1/316)</span></p><p dir=""rtl""><span style=""font-size: 14pt; color: #000000;"">لیکن یہ بات اس وجہ سے قابل عمل نہیں ہے کہ حضرت ابوبکر ؓ کی طرف اس کی نسبت ہی صحیح نہیں ہے،کیونکہ یہ حدیث اگر چہ علامہ سخاویؒ نے مسند الفردوس للدیلمی سےنقل کی ہے لیکن مسند ِفردوس میں تلاش ِ بسیار کےباوجود یہ حدیث ہمیں نہیں مل سکی،ملا علی قاری ؒ،علامہ شوکانی ؒاور علامہ طاہر پٹنی ؒ نےبھی کتبِ موضوعات میں اسے علامہ سخاوی ؒ کے حوالے سے ہی ذکر کی ہے، گویاان سب کا مأخذ علامہ سخاوی ؒ کی’’المقاصد الحسنہ‘‘ہےجنہوں نےفردوس دیلمی کے حوالے سےیہ حدیث ذکرکی ہے اور فردوس کے موجودہ نسخہ مطبوعہ (طبع عباس احمد الباز مکۃ ، اورطبع دار الكتب العلمية – بيروت)میں تلاش اور تتبع بسیا ر کے باوجود یہ حدیث ہمیں نہیں مل سکی (فلعله تصرف من النساخ أوحذف من المؤلف،وعلی کل فإنه یوجب شکا فی نسبته إلی الصدیق رضی الله عنه)اسی وجہ سے علامہ سرفراز خان صفدررحمہ اللہ نے اسے ملا علی قاری ؒ کا وہم قرار دیکر رد فرمایا ہے۔(دیکھئے راہ ِسنت:۲۴۰)</span></p><p dir=""rtl""><span style=""font-size: 14pt; color: #000000;"">بریلوی مکتبِ فکر کے غلط عقائد و نظریات چونکہ کسی نہ کسی تاویل پر مبنی ہوتے ہیں اس لئے وہ کافر و مشرک نہیں ۔ البتہ وہ بدعات میں مبتلا ہیں اس لئے انہیں بدعتی کہا جاتا ہے ۔ ایسے لوگوں کاذبیحہ حلال ہے ۔</span><br/>
<span style=""font-size: 14pt; color: #000000;"">اور جو شخص بغیر کسی تاویل کے اللہ تعالیٰ کی مخصوص صفات جیسے تخلیق، علم، سمع ، بصریا قدرت وغیرہ میں کسی دوسرے کو مطلقاً شریک ٹھہرائے مثلاً اللہ تعالیٰ کی صفتِ علم میں کسی کو شریک ٹھہراتے ہوئے یوں سمجھے کہ اس کو بھی اللہ تعالیٰ کی طرح غائب ، حاضر ، قریب، بعید، ماضی، مستقبل سب کی خبر ہے اور وہ ہر چیز کو بذاتِ خود جانتاہے، تو ایسا عقیدہ رکھنے والا کافر اور مشرک ہے۔ ایسے عقائد رکھنے والوں کاذبیحہ حلال نہیں۔ ملا علی قاری ؒ اور دیگر علماء کے اقوال کا یہی مطلب ہے کہ جو شخص کسی تاویل کے بغیر نبی کریم ﷺ کو عالم الغیب سمجھے تو وہ کافر ہے۔</span></p><p dir=""rtl""><span style=""font-size: 14pt; color: #000000;"">الدر المختار : (1 / 561 )[دار الفكر]</span><br/>
<span style=""font-size: 14pt; color: #000000;"">وكل من كان من قبلتنا ( لا يكفر بها ) حتى الخوارج الذين يستحلون دماءنا وأموالنا وسب الرسول وينكرون صفاته تعالى وجواز رؤيته لكونه عن تأويل وشبهة.</span></p><p dir=""rtl""><span style=""font-size: 14pt; color: #000000;"">حاشية ابن عابدين : (1 / 561 دار الفكر)</span><br/>
<span style=""font-size: 14pt; color: #000000;"">قوله ( لكونه عن تأويل الخ ) علة لقوله لا يكفر بها قال المحقق ابن الهمام في أواخر التحرير وجهل المبتدع كالمعتزلة ما نعي ثبوت الصفات زائدة وعذاب القبر والشفاعة وخروج مرتكب الكبيرة والرؤية لا يصلح عذرا لوضوح الأدلة من الكتاب والسنة الصحيحة لكن لا يكفر إذ تمسكه بالقرآن أو الحديث أو العقل وللنهي عن تكفير أهل القبلة.</span></p><p dir=""rtl""><span style=""font-size: 14pt; color: #000000;"">حاشية ابن عابدين : (4 / 224)[دار الفكر]</span><br/>
<span style=""font-size: 14pt; color: #000000;"">وفي الفتاوى الصغرى الكفر شيء عظيم فلا أجعل المؤمن كافرا متى وجدت رواية أنه لا يكفر اه ، وفي الخلاصة وغيرها إذا كان في المسألة وجوه توجب التكفير ووجه واحد يمنعه فعلى المفتي أن يميل إلى الوجه الذي يمنع التكفير تحسينا للظن بالمسلم ، زاد في البزازية إلا إذا صرح بإرادة موجب الكفر فلا ينفعه التأويل ح ، وفي التتارخانية لا يكفر بالمحتمل لأن الكفر نهاية في العقوبة فيستدعي نهاية في الجناية ومع الاحتمال لا نهاية اه ، والذي تحرر أنه لا يفتي بكفر مسلم أمكن حمل كلامه على مجمع حسن أو كان في كفره اختلاف ولو رواية ضعيفة.</span></p><p dir=""rtl""><span style=""font-size: 14pt; color: #000000;"">امدادالاحکام:(۱/۱۲۳)[مکتبہ دارالعلوم کراچی]</span><br/>
<span style=""font-size: 14pt; color: #000000;"">ومن ههنا لم يکفر مشائخنا واکابرنا عابدي القبور والساجدين لها وامثالهم لحملهم حالتهم علي الصورة الثانية دون الاولي وقرينته دعويٰ هولاء الاسلام والتوحيد والتبری من الشرک بخلاف مشرکي العرب والهند فانهم متوحشون من التوحيد ومن نفی القدرة المستقلة عن الهتهم وقالوا اجعل الالهة الها واحدا.والله اعلم</span></p><p dir=""rtl""><span style=""font-size: 14pt; color: #000000;"">فتاوی جامعه دارالعلوم کراچی(۱۵۲ /۵۶)</span><br/>
<span style=""font-size: 14pt; color: #000000;"">‘‘باقی عام بریلوی مسلمان ہیں اگرچہ فاسق ،بدعتی اورشرکِ عملی کےمرتکب ضرورہیں لیکن اس سےکفرکاحکم نہیں لگایاجاسکتا۔’’</span></p><p dir=""rtl""><span style=""font-size: 14pt; color: #000000;"">فتاویٰ عثمانی:(۱/ ۹۶)[مکتبه دار العلوم کراچی]</span><br/>
<span style=""font-size: 14pt; color: #000000;"">بریلوی فر قے سے متعلق ایک سوال کے جواب میں فرمایا:</span><br/>
<span style=""font-size: 14pt; color: #000000;"">‘‘والحديث عن هذه الطريقة يطول، ولکن ما ذکرته هو تصور جملي عن عقائدهم واعمالهم، ويوجد فيهم من يفرط فيها ويلغو ويتعصب، ومن هو معتدل با لنسبة للاخرين.’’</span></p><p dir=""rtl""><span style=""font-size: 18pt; color: #800000;"">فتویٰ نمبر:05</span></p>","<p dir=""rtl""><span style=""font-size: 14pt; color: #000000;"">الجواب حامداًومصلیاً</span></p><p dir=""rtl""><span style=""font-size: 14pt; color: #000000;"">اگر اس سے آپ کی مراد بریلوی مکتبِ فکرہےتوچونکہ ان لوگوں کے غلط عقائد و نظریات چونکہ کسی نہ کسی تاویل پر مبنی ہوتے ہیں اس لئے وہ کافر و مشرک نہیں ۔ البتہ وہ بدعات میں مبتلا ہیں اس لئے انہیں بدعتی کہا جاتا ہے ۔ ایسے لوگوں کاذبیحہ حلال ہے ۔</span><br/>
<span style=""font-size: 14pt; color: #000000;"">اور جو شخص بغیر کسی تاویل کے اللہ تعالیٰ کی مخصوص صفات جیسے تخلیق، علم، سمع ، بصریا قدرت وغیرہ میں کسی دوسرے کو مطلقاً شریک ٹھہرائے مثلاً اللہ تعالیٰ کی صفتِ علم میں کسی کو شریک ٹھہراتے ہوئے یوں سمجھے کہ اس کو بھی اللہ تعالیٰ کی طرح غائب ، حاضر ، قریب، بعید، ماضی، مستقبل سب کی خبر ہے اور وہ ہر چیز کو بذاتِ خود جانتاہے، تو ایسا عقیدہ رکھنے والا کافر اور مشرک ہے۔ ایسے عقائد رکھنے والوں کاذبیحہ حلال نہیں۔ ملا علی قاری ؒ اور دیگر علماء کے اقوال کا یہی مطلب ہے کہ جو شخص کسی تاویل کے بغیر نبی کریم ﷺ کو عالم الغیب سمجھے تو وہ کافر ہے۔</span></p><p dir=""rtl""><span style=""font-size: 14pt; color: #000000;"">الدر المختار : (1 / 561 )[دار الفكر]</span><br/>
<span style=""font-size: 14pt; color: #000000;"">وكل من كان من قبلتنا ( لا يكفر بها ) حتى الخوارج الذين يستحلون دماءنا وأموالنا وسب الرسول وينكرون صفاته تعالى وجواز رؤيته لكونه عن تأويل وشبهة.</span></p><p dir=""rtl""><span style=""font-size: 14pt; color: #000000;"">حاشية ابن عابدين : (1 / 561 دار الفكر)</span><br/>
<span style=""font-size: 14pt; color: #000000;"">قوله ( لكونه عن تأويل الخ ) علة لقوله لا يكفر بها قال المحقق ابن الهمام في أواخر التحرير وجهل المبتدع كالمعتزلة ما نعي ثبوت الصفات زائدة وعذاب القبر والشفاعة وخروج مرتكب الكبيرة والرؤية لا يصلح عذرا لوضوح الأدلة من الكتاب والسنة الصحيحة لكن لا يكفر إذ تمسكه بالقرآن أو الحديث أو العقل وللنهي عن تكفير أهل القبلة.</span></p><p dir=""rtl""><span style=""font-size: 14pt; color: #000000;"">حاشية ابن عابدين : (4 / 224)[دار الفكر]</span><br/>
<span style=""font-size: 14pt; color: #000000;"">وفي الفتاوى الصغرى الكفر شيء عظيم فلا أجعل المؤمن كافرا متى وجدت رواية أنه لا يكفر اه ، وفي الخلاصة وغيرها إذا كان في المسألة وجوه توجب التكفير ووجه واحد يمنعه فعلى المفتي أن يميل إلى الوجه الذي يمنع التكفير تحسينا للظن بالمسلم ، زاد في البزازية إلا إذا صرح بإرادة موجب الكفر فلا ينفعه التأويل ح ، وفي التتارخانية لا يكفر بالمحتمل لأن الكفر نهاية في العقوبة فيستدعي نهاية في الجناية ومع الاحتمال لا نهاية اه ، والذي تحرر أنه لا يفتي بكفر مسلم أمكن حمل كلامه على مجمع حسن أو كان في كفره اختلاف ولو رواية ضعيفة.</span></p><p dir=""rtl""><span style=""font-size: 14pt; color: #000000;"">امدادالاحکام:(۱/۱۲۳)[مکتبہ دارالعلوم کراچی]</span><br/>
<span style=""font-size: 14pt; color: #000000;"">ومن ههنا لم يکفر مشائخنا واکابرنا عابدي القبور والساجدين لها وامثالهم لحملهم حالتهم علي الصورة الثانية دون الاولي وقرينته دعويٰ هولاء الاسلام والتوحيد والتبری من الشرک بخلاف مشرکي العرب والهند فانهم متوحشون من التوحيد ومن نفی القدرة المستقلة عن الهتهم وقالوا اجعل الالهة الها واحدا.والله اعلم</span></p><p dir=""rtl""><span style=""font-size: 14pt; color: #000000;"">فتاوی جامعه دارالعلوم کراچی(۱۵۲ /۵۶)</span><br/>
<span style=""font-size: 14pt; color: #000000;"">‘‘باقی عام بریلوی مسلمان ہیں اگرچہ فاسق ،بدعتی اورشرکِ عملی کےمرتکب ضرورہیں لیکن اس سےکفرکاحکم نہیں لگایاجاسکتا۔’’</span></p><p dir=""rtl""><span style=""font-size: 14pt; color: #000000;"">فتاویٰ عثمانی:(۱/ ۹۶)[مکتبه دار العلوم کراچی]</span></p>","April 20, 2015",suffah-darul-uloom-karachi,"<div class=""entry-content"" id=""post-conten-single""><p dir=""rtl""><span style=""font-size: 18pt; color: #800000;"">دارالعلوم کراچی فتویٰ نمبر:30</span></p><p dir=""rtl""><span style=""font-size: 14pt; color: #000000;"">اذان یا کسی بھی وقت نبی کریم صلی اللہ علیہ وسلم کے اسمِ گرامی سننے کے وقت انگوٹھے چومنے یا آنکھوں سے ملنے کوسنت یا مستحب سمجھ کر کرنا ،اس کو احادیث سے ثابت شدہ ماننا یا اس کو حضور صلی اللہ علیہ وسلم کی تعظیم سمجھناصحیح دلیل سے ثابت نہیں ہے،یہ عمل در اصل آشوب ِ چشم کےعلاج اوراس سےحفاظت کی غرض سےشروع ہوا تھا،اس کا تجربہ کرکےبعض برزگوں کو مطلوبہ نتائج بھی حاصل ہوئے ،جیسا کہ علامہ سخاوی ؒ نے’’المقاصد الحسنہ‘‘میں بعض بزرگوں کے قصےاور اقوال نقل کئے ہیں(ملاحظہ ہو ص:۹)تا ہم بعد میں موضوع اوربےاصل احادیث کی بنیاد پربعض لوگ اسے بطور ِ عبادت اور کار ِ ثواب کے کرنے لگے جو درج ِ ذیل وجوہات کی بناء پرناجائز اور بدعت ہے:</span></p><p dir=""rtl""><span style=""font-size: 14pt; color: #000000;"">(الف) نبی کریم صلی اللہ علیہ وسلم اور صحابہ ؓکے کسی قول،فعل وغیرہ سے اس کا کوئی ثبوت نہیں ہے،باوجودیکہ اذان جیسی عبادت جو دن میں پانچ مرتبہ ادا کی جاتی تھی اور ہجرت کے بعد مدینہ منور ہ میں تقریبا ً دس سال تک حضورﷺکے سامنے ہوتی رہی اور اس کے متعلق تمام تفصیلات حتی ٰ کہ اذان دینے والوں کے نام وغیرہ سب کچھ احادیث میں آیا ہے،لیکن کسی صحیح حدیث میں نہیں آیا ہے کہ آپ ﷺ یا صحابہ کرام نے اذان کے دوران انگوٹھے چومنے کا عمل کیا ہو۔</span></p><p dir=""rtl""><span style=""font-size: 14pt; color: #000000;"">اس سلسلے میں درج ذیل حدیثیں نقل کی جاتی ہیں جو بتصریحِ محدثین اور فقہاء موضوع اوربے اصل ہیں۔</span></p><p dir=""rtl""><span style=""font-size: 14pt; color: #000000;"">حدیث نمبر۱:</span><br/>
<span style=""font-size: 14pt; color: #000000;"">ذَكَرَهُ الدَّيْلَمِيُّ فِي الْفِرْدَوْسِ مِنْ حَدِيثِ أَبِي بَكْرٍ الصِّدِّيقِ أَنَّهُ لَمَّا سَمِعَ قول المؤذن أشهد أن محمد رَسُولُ اللَّه قَالَ هَذَا، وَقَبَّلَ بَاطِنَ الأُنْمُلَتَيْنِ السَّبَّابَتَيْنِ وَمَسَحَ عَيْنَيْهِ، فَقَالَ صَلَّى اللَّهُ عَلَيْهِ وَسَلَّمَ: مَنْ فَعَلَ مِثْلَ مَا فَعَلَ خَلِيلِي فَقَدْ حَلَّتْ عَلَيْهِ شَفَاعَتِي(المقاصد الحسنة:1/604)</span></p><p dir=""rtl""><span style=""font-size: 14pt; color: #000000;"">اس کے بارے میں علامہ سخاوی ؒ فرماتے ہیں :</span><br/>
<span style=""font-size: 14pt; color: #000000;"">ولا يصح</span></p><p dir=""rtl""><span style=""font-size: 14pt; color: #000000;"">کشف الخفاء میں اس حدیث کی روایت کے بعد علامہ عجلونی ؒ فرماتے ہیں :</span><br/>
<span style=""font-size: 14pt; color: #000000;"">قال في المقاصد ولا يصح، وقال القاري وإذا ثبت رفعه إلى الصديق فيكفي العمل به لقوله عليه الصلاة والسلام عليكم بسنتي وسنة الخلفاء الراشدين من بعدي، وقيل لا يفعل ولا ينهي،</span></p><p dir=""rtl""><span style=""font-size: 14pt; color: #000000;"">ملا علی قاری ؒ اس کے رفع کو ثابت نہ مانتے ہوئے بھی اسے حضرت صدیق ِ اکبر ؓ کے فعل کی بناء پر قابلِ عمل قرار دیتے ہوئے فرماتے ہیں :</span></p><p dir=""rtl""><span style=""font-size: 14pt; color: #000000;"">وكل ما يروى في هذا فلا يصح رفعه البتة قلت وإذا ثبت رفعه على الصديق فيكفي العمل به لقوله عليه الصلاة والسلام عليكم بسنتي وسنة الخلفاء الراشدين وقيل لا يفعل ولا ينهى وغرابته لا تخفى على ذوي النهى(الموضوعات الکبری:1/316)</span></p><p dir=""rtl""><span style=""font-size: 14pt; color: #000000;"">لیکن یہ بات اس وجہ سے قابل عمل نہیں ہے کہ حضرت ابوبکر ؓ کی طرف اس کی نسبت ہی صحیح نہیں ہے،کیونکہ یہ حدیث اگر چہ علامہ سخاویؒ نے مسند الفردوس للدیلمی سےنقل کی ہے لیکن مسند ِفردوس میں تلاش ِ بسیار کےباوجود یہ حدیث ہمیں نہیں مل سکی،ملا علی قاری ؒ،علامہ شوکانی ؒاور علامہ طاہر پٹنی ؒ نےبھی کتبِ موضوعات میں اسے علامہ سخاوی ؒ کے حوالے سے ہی ذکر کی ہے، گویاان سب کا مأخذ علامہ سخاوی ؒ کی’’المقاصد الحسنہ‘‘ہےجنہوں نےفردوس دیلمی کے حوالے سےیہ حدیث ذکرکی ہے اور فردوس کے موجودہ نسخہ مطبوعہ (طبع عباس احمد الباز مکۃ ، اورطبع دار الكتب العلمية – بيروت)میں تلاش اور تتبع بسیا ر کے باوجود یہ حدیث ہمیں نہیں مل سکی (فلعله تصرف من النساخ أوحذف من المؤلف،وعلی کل فإنه یوجب شکا فی نسبته إلی الصدیق رضی الله عنه)اسی وجہ سے علامہ سرفراز خان صفدررحمہ اللہ نے اسے ملا علی قاری ؒ کا وہم قرار دیکر رد فرمایا ہے۔(دیکھئے راہ ِسنت:۲۴۰)</span></p><p dir=""rtl""><span style=""font-size: 14pt; color: #000000;"">بریلوی مکتبِ فکر کے غلط عقائد و نظریات چونکہ کسی نہ کسی تاویل پر مبنی ہوتے ہیں اس لئے وہ کافر و مشرک نہیں ۔ البتہ وہ بدعات میں مبتلا ہیں اس لئے انہیں بدعتی کہا جاتا ہے ۔ ایسے لوگوں کاذبیحہ حلال ہے ۔</span><br/>
<span style=""font-size: 14pt; color: #000000;"">اور جو شخص بغیر کسی تاویل کے اللہ تعالیٰ کی مخصوص صفات جیسے تخلیق، علم، سمع ، بصریا قدرت وغیرہ میں کسی دوسرے کو مطلقاً شریک ٹھہرائے مثلاً اللہ تعالیٰ کی صفتِ علم میں کسی کو شریک ٹھہراتے ہوئے یوں سمجھے کہ اس کو بھی اللہ تعالیٰ کی طرح غائب ، حاضر ، قریب، بعید، ماضی، مستقبل سب کی خبر ہے اور وہ ہر چیز کو بذاتِ خود جانتاہے، تو ایسا عقیدہ رکھنے والا کافر اور مشرک ہے۔ ایسے عقائد رکھنے والوں کاذبیحہ حلال نہیں۔ ملا علی قاری ؒ اور دیگر علماء کے اقوال کا یہی مطلب ہے کہ جو شخص کسی تاویل کے بغیر نبی کریم ﷺ کو عالم الغیب سمجھے تو وہ کافر ہے۔</span></p><p dir=""rtl""><span style=""font-size: 14pt; color: #000000;"">الدر المختار : (1 / 561 )[دار الفكر]</span><br/>
<span style=""font-size: 14pt; color: #000000;"">وكل من كان من قبلتنا ( لا يكفر بها ) حتى الخوارج الذين يستحلون دماءنا وأموالنا وسب الرسول وينكرون صفاته تعالى وجواز رؤيته لكونه عن تأويل وشبهة.</span></p><p dir=""rtl""><span style=""font-size: 14pt; color: #000000;"">حاشية ابن عابدين : (1 / 561 دار الفكر)</span><br/>
<span style=""font-size: 14pt; color: #000000;"">قوله ( لكونه عن تأويل الخ ) علة لقوله لا يكفر بها قال المحقق ابن الهمام في أواخر التحرير وجهل المبتدع كالمعتزلة ما نعي ثبوت الصفات زائدة وعذاب القبر والشفاعة وخروج مرتكب الكبيرة والرؤية لا يصلح عذرا لوضوح الأدلة من الكتاب والسنة الصحيحة لكن لا يكفر إذ تمسكه بالقرآن أو الحديث أو العقل وللنهي عن تكفير أهل القبلة.</span></p><p dir=""rtl""><span style=""font-size: 14pt; color: #000000;"">حاشية ابن عابدين : (4 / 224)[دار الفكر]</span><br/>
<span style=""font-size: 14pt; color: #000000;"">وفي الفتاوى الصغرى الكفر شيء عظيم فلا أجعل المؤمن كافرا متى وجدت رواية أنه لا يكفر اه ، وفي الخلاصة وغيرها إذا كان في المسألة وجوه توجب التكفير ووجه واحد يمنعه فعلى المفتي أن يميل إلى الوجه الذي يمنع التكفير تحسينا للظن بالمسلم ، زاد في البزازية إلا إذا صرح بإرادة موجب الكفر فلا ينفعه التأويل ح ، وفي التتارخانية لا يكفر بالمحتمل لأن الكفر نهاية في العقوبة فيستدعي نهاية في الجناية ومع الاحتمال لا نهاية اه ، والذي تحرر أنه لا يفتي بكفر مسلم أمكن حمل كلامه على مجمع حسن أو كان في كفره اختلاف ولو رواية ضعيفة.</span></p><p dir=""rtl""><span style=""font-size: 14pt; color: #000000;"">امدادالاحکام:(۱/۱۲۳)[مکتبہ دارالعلوم کراچی]</span><br/>
<span style=""font-size: 14pt; color: #000000;"">ومن ههنا لم يکفر مشائخنا واکابرنا عابدي القبور والساجدين لها وامثالهم لحملهم حالتهم علي الصورة الثانية دون الاولي وقرينته دعويٰ هولاء الاسلام والتوحيد والتبری من الشرک بخلاف مشرکي العرب والهند فانهم متوحشون من التوحيد ومن نفی القدرة المستقلة عن الهتهم وقالوا اجعل الالهة الها واحدا.والله اعلم</span></p><p dir=""rtl""><span style=""font-size: 14pt; color: #000000;"">فتاوی جامعه دارالعلوم کراچی(۱۵۲ /۵۶)</span><br/>
<span style=""font-size: 14pt; color: #000000;"">‘‘باقی عام بریلوی مسلمان ہیں اگرچہ فاسق ،بدعتی اورشرکِ عملی کےمرتکب ضرورہیں لیکن اس سےکفرکاحکم نہیں لگایاجاسکتا۔’’</span></p><p dir=""rtl""><span style=""font-size: 14pt; color: #000000;"">فتاویٰ عثمانی:(۱/ ۹۶)[مکتبه دار العلوم کراچی]</span><br/>
<span style=""font-size: 14pt; color: #000000;"">بریلوی فر قے سے متعلق ایک سوال کے جواب میں فرمایا:</span><br/>
<span style=""font-size: 14pt; color: #000000;"">‘‘والحديث عن هذه الطريقة يطول، ولکن ما ذکرته هو تصور جملي عن عقائدهم واعمالهم، ويوجد فيهم من يفرط فيها ويلغو ويتعصب، ومن هو معتدل با لنسبة للاخرين.’’</span></p><p dir=""rtl""><span style=""font-size: 18pt; color: #800000;"">فتویٰ نمبر:05</span></p><p dir=""rtl""><span style=""font-size: 14pt; color: #000000;"">الجواب حامداًومصلیاً</span></p><p dir=""rtl""><span style=""font-size: 14pt; color: #000000;"">اگر اس سے آپ کی مراد بریلوی مکتبِ فکرہےتوچونکہ ان لوگوں کے غلط عقائد و نظریات چونکہ کسی نہ کسی تاویل پر مبنی ہوتے ہیں اس لئے وہ کافر و مشرک نہیں ۔ البتہ وہ بدعات میں مبتلا ہیں اس لئے انہیں بدعتی کہا جاتا ہے ۔ ایسے لوگوں کاذبیحہ حلال ہے ۔</span><br/>
<span style=""font-size: 14pt; color: #000000;"">اور جو شخص بغیر کسی تاویل کے اللہ تعالیٰ کی مخصوص صفات جیسے تخلیق، علم، سمع ، بصریا قدرت وغیرہ میں کسی دوسرے کو مطلقاً شریک ٹھہرائے مثلاً اللہ تعالیٰ کی صفتِ علم میں کسی کو شریک ٹھہراتے ہوئے یوں سمجھے کہ اس کو بھی اللہ تعالیٰ کی طرح غائب ، حاضر ، قریب، بعید، ماضی، مستقبل سب کی خبر ہے اور وہ ہر چیز کو بذاتِ خود جانتاہے، تو ایسا عقیدہ رکھنے والا کافر اور مشرک ہے۔ ایسے عقائد رکھنے والوں کاذبیحہ حلال نہیں۔ ملا علی قاری ؒ اور دیگر علماء کے اقوال کا یہی مطلب ہے کہ جو شخص کسی تاویل کے بغیر نبی کریم ﷺ کو عالم الغیب سمجھے تو وہ کافر ہے۔</span></p><p dir=""rtl""><span style=""font-size: 14pt; color: #000000;"">الدر المختار : (1 / 561 )[دار الفكر]</span><br/>
<span style=""font-size: 14pt; color: #000000;"">وكل من كان من قبلتنا ( لا يكفر بها ) حتى الخوارج الذين يستحلون دماءنا وأموالنا وسب الرسول وينكرون صفاته تعالى وجواز رؤيته لكونه عن تأويل وشبهة.</span></p><p dir=""rtl""><span style=""font-size: 14pt; color: #000000;"">حاشية ابن عابدين : (1 / 561 دار الفكر)</span><br/>
<span style=""font-size: 14pt; color: #000000;"">قوله ( لكونه عن تأويل الخ ) علة لقوله لا يكفر بها قال المحقق ابن الهمام في أواخر التحرير وجهل المبتدع كالمعتزلة ما نعي ثبوت الصفات زائدة وعذاب القبر والشفاعة وخروج مرتكب الكبيرة والرؤية لا يصلح عذرا لوضوح الأدلة من الكتاب والسنة الصحيحة لكن لا يكفر إذ تمسكه بالقرآن أو الحديث أو العقل وللنهي عن تكفير أهل القبلة.</span></p><p dir=""rtl""><span style=""font-size: 14pt; color: #000000;"">حاشية ابن عابدين : (4 / 224)[دار الفكر]</span><br/>
<span style=""font-size: 14pt; color: #000000;"">وفي الفتاوى الصغرى الكفر شيء عظيم فلا أجعل المؤمن كافرا متى وجدت رواية أنه لا يكفر اه ، وفي الخلاصة وغيرها إذا كان في المسألة وجوه توجب التكفير ووجه واحد يمنعه فعلى المفتي أن يميل إلى الوجه الذي يمنع التكفير تحسينا للظن بالمسلم ، زاد في البزازية إلا إذا صرح بإرادة موجب الكفر فلا ينفعه التأويل ح ، وفي التتارخانية لا يكفر بالمحتمل لأن الكفر نهاية في العقوبة فيستدعي نهاية في الجناية ومع الاحتمال لا نهاية اه ، والذي تحرر أنه لا يفتي بكفر مسلم أمكن حمل كلامه على مجمع حسن أو كان في كفره اختلاف ولو رواية ضعيفة.</span></p><p dir=""rtl""><span style=""font-size: 14pt; color: #000000;"">امدادالاحکام:(۱/۱۲۳)[مکتبہ دارالعلوم کراچی]</span><br/>
<span style=""font-size: 14pt; color: #000000;"">ومن ههنا لم يکفر مشائخنا واکابرنا عابدي القبور والساجدين لها وامثالهم لحملهم حالتهم علي الصورة الثانية دون الاولي وقرينته دعويٰ هولاء الاسلام والتوحيد والتبری من الشرک بخلاف مشرکي العرب والهند فانهم متوحشون من التوحيد ومن نفی القدرة المستقلة عن الهتهم وقالوا اجعل الالهة الها واحدا.والله اعلم</span></p><p dir=""rtl""><span style=""font-size: 14pt; color: #000000;"">فتاوی جامعه دارالعلوم کراچی(۱۵۲ /۵۶)</span><br/>
<span style=""font-size: 14pt; color: #000000;"">‘‘باقی عام بریلوی مسلمان ہیں اگرچہ فاسق ،بدعتی اورشرکِ عملی کےمرتکب ضرورہیں لیکن اس سےکفرکاحکم نہیں لگایاجاسکتا۔’’</span></p><p dir=""rtl""><span style=""font-size: 14pt; color: #000000;"">فتاویٰ عثمانی:(۱/ ۹۶)[مکتبه دار العلوم کراچی]</span></p></div>"
https://www.suffahpk.com/degital-camera-ya-mobile-sai-tasawer-ya-video-banany-ka-hukum/,ڈیجیٹل کیمروں یا موبائل سےتصاویریاویڈیو بنانے کا حکم,,,"April 20, 2015",suffah-darul-uloom-karachi,"<div class=""entry-content"" id=""post-conten-single""><div class=""_5wd4 _1nc7 direction_rtl _5yt9"" data-reactid="".4j.$mid=11429440115757=20d3ba0343cc3b16379""><div class=""_5wd9"" data-reactid="".4j.$mid=11429440115757=20d3ba0343cc3b16379.2:0""><div class=""_5wde"" data-reactid="".4j.$mid=11429440115757=20d3ba0343cc3b16379.2:0.0""><div class=""_5w1r _d98 _5wdf _3okg"" data-reactid="".4j.$mid=11429440115757=20d3ba0343cc3b16379.2:0.0.0""><div data-reactid="".4j.$mid=11429440115757=20d3ba0343cc3b16379.2:0.0.0.0"" dir=""rtl""><span style=""font-size: 18pt; color: #800000;"">دارالعلوم کراچی فتویٰ نمبر:29</span></div><div data-reactid="".4j.$mid=11429440115757=20d3ba0343cc3b16379.2:0.0.0.0"" dir=""rtl""></div><div class="""" data-reactid="".4j.$mid=11429440115757=20d3ba0343cc3b16379.2:0.0.0.0"" dir=""rtl"" style=""text-align: right;""><span class=""_5yl5"" data-reactid="".4j.$mid=11429440115757=20d3ba0343cc3b16379.2:0.0.0.0.0"" style=""font-size: 14pt; color: #000000;""><span data-reactid="".4j.$mid=11429440115757=20d3ba0343cc3b16379.2:0.0.0.0.0.0"">ڈیجیٹل کیمروں یا موبائل سےتصاویریاویڈیو بنانے سے متعلق مسئلہ میں کچھ تفصیل ہے وہ یہ کہ ڈیجیٹل کیمروں یا موبائل کے ذریعے جو شکلیں نظر آتی ہیں،جب ان شکلوں کاپرنٹ لے لیا جائے،یا انہیں پائیدار طریقے سے کسی چیز پر نقش کر لیا جائے تو ان پر شرعاً تصویر کے احکام جاری ہوں گے۔ البتہ جب تک ان کا پرنٹ نہ لیا گیا ہو،یا انہیں پائیدار طریقے سے کسی چیز پر نقش نہ کیا گیا ہوتو ان کے بارے میں علماءِ عصر کی آراء مختلف ہیں: </span></span></div><div class="""" data-reactid="".4j.$mid=11429440115757=20d3ba0343cc3b16379.2:0.0.0.0"" dir=""rtl"" style=""text-align: right;""><span class=""_5yl5"" data-reactid="".4j.$mid=11429440115757=20d3ba0343cc3b16379.2:0.0.0.0.0"" style=""font-size: 14pt; color: #000000;""><span data-reactid="".4j.$mid=11429440115757=20d3ba0343cc3b16379.2:0.0.0.0.0.0"">۱۔بعض علماء انہیں بھی تصویر قرار دیتے ہیں ، لہذا تصویر ہونے کی حیثیت سے ان علماءکے نزدیک ان کو دیکھنا جائز نہ ہوگا ۔</span></span></div><div class="""" data-reactid="".4j.$mid=11429440115757=20d3ba0343cc3b16379.2:0.0.0.0"" dir=""rtl"" style=""text-align: right;""><span class=""_5yl5"" data-reactid="".4j.$mid=11429440115757=20d3ba0343cc3b16379.2:0.0.0.0.0"" style=""font-size: 14pt; color: #000000;""><span data-reactid="".4j.$mid=11429440115757=20d3ba0343cc3b16379.2:0.0.0.0.0.0""> ۲۔بعض علماء اس پر تصویر کے احکام کااطلاق نہیں کرتے۔</span></span></div><div class="""" data-reactid="".4j.$mid=11429440115757=20d3ba0343cc3b16379.2:0.0.0.0"" dir=""rtl"" style=""text-align: right;""><span class=""_5yl5"" data-reactid="".4j.$mid=11429440115757=20d3ba0343cc3b16379.2:0.0.0.0.0"" style=""font-size: 14pt; color: #000000;""><span data-reactid="".4j.$mid=11429440115757=20d3ba0343cc3b16379.2:0.0.0.0.0.0""> ۳۔بعض علماء کہتے ہیں کہ وہ ان کی رائے میں تصاویر تو ہیں ،لیکن چونکہ ان کے بحکم تصویر ہونے یا نہ ہونے میں ایک سے زائد فقہی آراء موجود ہیں،لہٰذا مجتہد فیہ ہونے کی بنا پربوقتِ حاجتِ شرعیہ،مثلاً جہاد وغیرہ کے موقع پر ان کے استعمال کی گنجائش ہے۔ </span></span></div><div class="""" data-reactid="".4j.$mid=11429440115757=20d3ba0343cc3b16379.2:0.0.0.0"" dir=""rtl"" style=""text-align: right;""><span class=""_5yl5"" data-reactid="".4j.$mid=11429440115757=20d3ba0343cc3b16379.2:0.0.0.0.0"" style=""font-size: 14pt; color: #000000;""><span data-reactid="".4j.$mid=11429440115757=20d3ba0343cc3b16379.2:0.0.0.0.0.0"">جامعہ دارالعلوم کراچی کے حضراتِ اکابر کی تحقیق کے مطابق دوسری رائے راجح ہےبشرطیکہ وہ پائیدار طور سے کسی چیز پر نقش نہ ہوں،لیکن ایک اعتبار سے احتیاط پہلی رائے میں ہے جیسا کہ ظاہر ہے،اور دوسرے اعتبار سے ہمیں احتیاط دوسری اور تیسری رائے میں معلوم ہوتی ہے،کیونکہ دینِ اسلام پر دشمنانِ اسلام کی جو یلغار الیکٹرانک میڈیا کے ذریعہ منظّم طریقہ سے ہورہی ہےاس سے دفاع کرنا بھی امت کی ذمہ داری ہے، جس سے حتیٰ الامکان عہدہ برا ہونے کیلئے الیکٹرانک میڈیا کے استعمال کو بروئے کار لانے کی ضرورت ہے جوفواحش و منکرات سے پاک ہو۔ لہٰذا جو علماءِ کرام مذکورہ بالا تین آراء میں سے کسی سے متفق ہوں اور اس پر عمل کریں وہ سب قابلِ احترام ہیں اور ان میں سے کوئی بھی ہمارے نزدیک مستحقِ ملامت نہیں۔</span></span></div></div></div></div><div class=""_3ry4"" data-reactid="".4j.$mid=11429440115757=20d3ba0343cc3b16379.2:1"" dir=""rtl"" style=""text-align: right;""><span style=""font-size: 14pt; color: #000000;""> ڈیجیٹل تصویر کے بارے میں دارالعلوم کا فتویٰ</span></div></div><div class=""_5wd4 _1nc7 direction_rtl _5yt9"" data-reactid="".4j.$mid=11429440153711=22252aa7783ec1b6766""></div></div>"
https://www.suffahpk.com/razai-bhatiji-sai-nikah-haram-hai/,رضاعی بھتیجی سے نکاح حرام ہے,"<p dir=""rtl"">فتویٰ نمبر:01</p><p dir=""rtl"" style=""text-align: right;""><span style=""font-size: 14pt; color: #000000;"">سوال:  رضاعی  بھتیجی  سے نکاح جائز ہے  ؟</span></p>","<p dir=""rtl"" style=""text-align: right;""><span style=""font-size: 14pt; color: #000000;""> جواب : رضاعی  بھتیجی  سے نکاح  حرام ہے ۔</span></p><p dir=""rtl"" style=""text-align: right;""><span style=""font-size: 14pt; color: #000000;"">لقولہ علیہ السلام  ! یحرم  من الرضاع  ما یحرم  من النسب “</span></p><p dir=""rtl"" style=""text-align: right;""><span style=""font-size: 14pt; color: #000000;"">(امداد الفتاویٰ :2/334 طبع دارالعلوم  کراچی  )</span></p>","April 16, 2015",suffah-darul-uloom-karachi,"<div class=""entry-content"" id=""post-conten-single""><p dir=""rtl"">فتویٰ نمبر:01</p><p dir=""rtl"" style=""text-align: right;""><span style=""font-size: 14pt; color: #000000;"">سوال:  رضاعی  بھتیجی  سے نکاح جائز ہے  ؟</span></p><p dir=""rtl"" style=""text-align: right;""><span style=""font-size: 14pt; color: #000000;""> جواب : رضاعی  بھتیجی  سے نکاح  حرام ہے ۔</span></p><p dir=""rtl"" style=""text-align: right;""><span style=""font-size: 14pt; color: #000000;"">لقولہ علیہ السلام  ! یحرم  من الرضاع  ما یحرم  من النسب “</span></p><p dir=""rtl"" style=""text-align: right;""><span style=""font-size: 14pt; color: #000000;"">(امداد الفتاویٰ :2/334 طبع دارالعلوم  کراچی  )</span></p></div>"
