link,dar_ul_ifta,title,issued_at,question,answer
https://www.suffahpk.com/pay-advertising-ka-sharai-hukum/,darul-uloom-karachi-via-suffah,پے ایڈوٹائز کا  شرعی حکم,"February 13, 2018",,"<p style=""direction: rtl;""><span style=""font-size: 14pt; color: #000000;""><span style=""font-size: 18pt; color: #800000;"">دارالعلوم کراچی فتویٰ نمبر:99</span></span></p><p style=""direction: rtl;""><span style=""font-size: 14pt; color: #000000;"">ا لسلام علیکم  ! میں نے یہ ویڈیو بھیج دی ہے  یہ مفتی  عبدالمنان  صاحب  کو دے دیں  تاکہ وہ اسے دیکھ کر میری رہنمائی  فرمائیں کہ میں یہ ملازمت   کرسکتا ہوں  یا نہیں ؟   کیونکہ آج   کل لوگ  پوری دنیا  میں اس  سائٹ  پر کام کررہے ہیں  اور مسلمان ممالک  میں بھی لوگ  ان کےساتھ سرمایہ کاری  کرکے  کام کررہے ہیں اور پیسے کمارہے ہیں  ۔ میرا بھی خوب پیسے  کمانے اور اچھے کاموں  میں خرچ کرنے کو دل چاہتا ہے۔ اس لیے  آپ حضرات سے گزارش ہے کہ  اس ویڈیو کا اچھی  طرح معالعہ  فرمائیں اور میری رہنمائی  فرمائیں کہ میں اس پر کام  کروں اور پیسوں کی سرمایہ کاری  کروں یا نہیں ؟</span></p><p style=""direction: rtl;""><span style=""font-size: 14pt; color: #000000;"">والسلام </span></p><p style=""direction: rtl;""><span style=""font-size: 14pt; color: #000000;"">علی اشعر</span></p><p style=""direction: rtl;""><span style=""font-size: 14pt; color: #000000;""> بسم اللہ الرحمٰن الرحیم</span></p><p style=""direction: rtl;""><span style=""font-size: 14pt; color: #000000;""> الجواب حامداومصلیاً</span></p><p style=""direction: rtl;""><span style=""font-size: 14pt; color: #000000;""> سوال کے ساتھ ارسال کردہ ویڈیو  (My Advertising Pays: MAPS ) کا جائزہ   لیاگیا ۔ا س کا حاصل یہ ہے کہ اس کاروبار  میں کسی قسم  کی حقیقی  خرید وفروخت  نہیں کرنی پڑتی  ، بلکہ اس میں  شامل  ہونے   کے لیے کوئی شخص تقریباً پچاس ڈالر    کے عوض  ایک کریڈٹ  پیک  “ Credit Pack”حاصل کرتا ہے  جس کے نتیجے میں  اسے ساڑھے  پانچ سو کلک کا حق حاصل ہوتاہے  جسے وہ ساٹھ  سے نوے  دنوں کے دوران استعمال  کرسکتاہے ۔ یہمدت گزرنے کے بعد  اس کا مذکورہ  حق ختم ہوجائے گا ا ور اسے کلک  کے ذریعہ  پیسے بنانے کا اختیار  نہیں ہوگا، خواہ  اس نے اس وقت  تک اپنی ساڑھے  پانچ سو  کلک مکمل نہ کی ہوں۔ اپنے اس حق کو استعمال کرتے ہوئے  وہ روزانہ  دس کی تعداد  تکا شتہارات  پر کلک  کرسکتا ہے  جس سے وہ روزانہ ایک ڈالر کا مستحق بن جائے گا ۔ا سی طرح  اس شخص   کو ساٹھ سےنوے  دن کے دورانیہ میں اپنی کلک  کی تعداد  مکمل  کرنے کی صورت  میں ساٹھ  ڈالر  حاصل ہوجائیں گے ۔</span></p><p style=""direction: rtl;""><span style=""font-size: 14pt; color: #000000;"">اور ایک وقت  میں ایک سے زائد  پیک  بھی حاصل کیے جاسکتے ہیں جن کی زیادہ سے زیادہ  تعداد  بارہ سو  ہے، جن  میں ہر ایک  پیک  کے ذریعہ  روزانہ کا ایک  ڈالر   کمایا جاسکتا ہے ، اور کمائی جانے والی  رقم  جب پچاس ڈالر   ہوجائے تو ا س سے  مزید ایک  پیک  حاصل کیاجاسکتا ہے یہاں  تک  کہ ان کی مجموعی تعداد  بارہ سو تک پہنچ جائے  ۔</span></p><p style=""direction: rtl;""><span style=""font-size: 14pt; color: #000000;""> نیز اس کاروبار  میں اپنے علاوہ دوسرے  لوگوں کو  بھی شریک  کروایا جاسکتا ہے  ،ا یسے لوگوں  کو ا س ویڈیومیں  “Referrals “ کانام  دیاگیا ہے۔  اور جتنے لوگوں  کو بھی  آپ اس کاروبار  میں  شریک  کریں گے  ان کی لگائی ہوئی مجموعی  رقم کا دس فیصد  کمیشن  شریک کروانے  والے کو  بھی ملے گا ۔</span></p><p style=""direction: rtl;""><span style=""font-size: 14pt; color: #000000;""> یہاں یہ بات مح،ل نظر ہے کہ کیا اشتہارات   پر کلک کرنا ایسی  منفعت  مقصود وہ ہے  جو بذات خود  عقد اجارہ کا محل بن سکے  ؟ لیکن  اگر بالفرض   اسے منفعت  مقصودہ تسلیم کرکے  عقد اجارہ  کا محل قرار دیاجائے گا تو مذکورہ بالا تفصیل کی روشنی میں اس کاروبار کی فقہی  تکییف  یہ ہوگی  کہ مذکورہ   کمپنی کلک  کرنے کےعمل  کی اجرت  ادا کرتی ہے ، اور ہر پیک  کے عوض  اس عمل کی تعداد   ( یعنی روزانی دس کلک  اور مجموعی  طور پر ساڑھے  پانچ سو کلک )  اور اس کا وقت (  یعنی اس عمل کا ساٹھ نوے  دن کے دورانیہ  میں ہونا ) فریقین  کے درمیان  طے شدہ ہوتا ہے  ، لہذا  مذکورہ کاروبار میں کلک کرنے والے  کی حیثیت  ” اجیر ” اور مذکورہ   کمپنی  کی حیثیت   ” مستاجر ”   کی ہوگی  ،</span></p><p style=""direction: rtl;""><span style=""font-size: 14pt; color: #000000;"">اور فریقین  کے  درمیان ہونے والا  معاملہ فقہی  لحاظ سے ” عقد اجارہ  ” ہوگا جس میں عمل اور وقت  دونوں کو معقود علیہ  قرار دیا گیا ہے۔ نیز اس معاملہ میں ” اجیر ”  بننے کے لیے یہ ضروری  ہے کہ شریک ہونے والا شخص  تقریبا ً پچاس ڈالرز کی ادائیگی   کرکے ایک کریڈٹ   پیک   ( جس کے نتیجے میں کلک کرنے کا حق ملتا ہے) حاصل کرے  ۔ا س کے علاوہ  دوسرے  لوگوں  کو شریک کروانے  پر ان کی لگائی ہوئی مجموعی  رقم کا دس فیصد  کمیشن کے طور  ملتا ہے  ۔ جس کی حیثیت  ” اجرہ الدلال” کی ہوگی ۔</span></p><p style=""direction: rtl;""><span style=""font-size: 14pt; color: #000000;"">ا س فقہی  تکییف  کے مطابق  مذکورہ  کاروبار کا شرعی حکم یہ ہے کہ ا س میں شریک  ہونا ، یا کسی اور  شریک کروانا  شرعاً جائز  نہیں ہے کیونکہ ا س میں مندرجہ  ذیل شرعی  مفاسد اور خرابیاں  پائی جاتی ہیں:</span></p><p style=""direction: rtl;""><span style=""font-size: 14pt; color: #000000;""> ( الف)  اس کاروبار   کا آغاز  کرنے کے لیے  تقریبا ً  پچاس ڈالر   کے عوض  جو کریڈٹ   پیک حاصل کیاجاتاہے ، وہ  رشوت  ہونے کی وجہ سے  شرعا ناجائز  اور  حرام ہے۔ا س کی مثال  اسی طرح  ہے جیسے  کوئی شخص ملازمت  پر تقرری  کے لیے ایک لاکھ  روپے کی ادائیگی  کی شرط   لگاکر کسی کو دس ہزار روپے  ماہانہ تنخواہ  کے عوض  ایک سال  کے لیے مثلاً استاد  کی ملازمت  پر رکھے   جو اپنے کام  یعنی  پڑھانے  کی تنخواہ  وصول کرے گا اور کام نہ کرنے  کی صورت  میں تنخواہ  کا حقدار نہیں  ہوگا ، لیکن  اسے ملازمت  کے حصول کے لیے ایک لاکھ  روپے بہر صورت  ادا کرنے ہوں گے  ،توملازمت  کے حصول کے لیے  ادا کی گئی  ایک لاکھ  روپے کی رقم رشوت ہوگی  جس کا لینا اور دینا شرعاً ناجائز  ہے۔</span></p><p style=""direction: rtl;""><span style=""font-size: 14pt; color: #000000;""> ( ب) مذکورہ معاملہ  میں دوسری خرابی  یہ ہے کہ اس میں کلک کرنے والا ایک شخص کئی بار کلک  کرتا  ہے ، مثلا ً ایک کریڈٹ  پیک سے  پانچ سو تک کلک  ہوسکتے ہیں ۔ لیکن  اس سے یہ تاثر   دیاجاسکتا ہے  کہ اس اشتہار  کو دیکھنے والے  ( Viewers )  بہت سے ہیں  جو اشتہار  دینے والوں کی ریٹنگ   (Rating)  بڑھانے  میں معاون  ہوسکتا ہے ، حالانکہ  یہ بات خلاف  حقیقت ہونے کی وجہ سے  دھوکہ   دہی ہوگی  جو کہ جائز نہیں ۔</span></p><p style=""direction: rtl;""><span style=""font-size: 14pt; color: #000000;""> ( ج)  تیسری خرابی  یہ ہے کہ اس عقد  اجارہ میں عمل  اور وقت  دونوں کو معقود  علیہ قرار دیاگیا ہے کیونکہ اس میں کلک  کی مجموعی  تعداد  ، اور کلک کرنے  کی مدت  دونوں کو بیان کیاگیا ہے ،ا وردونوں  میں کسی کی بھی خلاف  ورزی کی صورت  میں  ( یعنی کلک   نہ کرنے کی صورت میں،  اسی طرح  ساٹھ سے نوے  دن کےدورانیہ میں کلک  نہ کرنے کی صورت میں )  اجرت کا  نہ ملنا  طے شدہ ہے ۔ا ور یاہں صاحبین  ؒ کے قول  کے مطابق  وقت  کے بیان  کو تعجیل  کے لیےقرار  دینے کی بھی بظاہر   کوئی وجہ نہیں ہےکیونکہ  مذکورہ معاملہ   میں یہ بات واضح   ہے کہ مذکورہ  مدت  گزرنے  کے6 بعد کلک  کے ذریعہ  پیسے بنانے کا حق ختم ہوجائے گا، لہذا یہاں  عمل  اور وقت دونوں  کو ایک ساتھ  معقود  علیہ قرار دینے  کی خرابی  لازم  آرہی ہے  جس کی وجہ سے عقد اجارہ  شرعاً فاسد  ہے۔ لہذا ا س میں شریک  ہونا  درست  نہیں ۔</span></p><p style=""direction: rtl;""><span style=""font-size: 14pt; color: #000000;""> (د) اور چونکہ یہ معاملہ  شرعاًناجائز ہے ، لہذا ا س میں دوسرے لوگوں  کو  شریک کرواکر  اس پر اجرت    ( کمشن )   لینا بھی جائز  نہیں ۔</span></p><p style=""direction: rtl;""><span style=""font-size: 14pt; color: #000000;""> حاصل یہ ہے کہ مذکورہ  بالا خرابیوں  کی بناء پر  یہ معاملہ جائز نہیں  ہے ، لہذا  بحالت موجودہ اس میں سرمایہ   کاری کرنا ، یادوسرے  لوگوں کو  شریک کروانا  درست نہیں  ہے، خواہ  آپ کی نیت  اچھے کاموں میں خرچ  کرنے کی ہو۔ ( بدائع الصنائع  )</span></p><p style=""direction: rtl;""><span style=""font-size: 14pt; color: #000000;"">دارالافتاء جامعہ  دارالعلوم کراچی</span></p><p style=""direction: rtl;""><span style=""font-size: 14pt; color: #000000;"">عربی حوالہ جات اور مکمل فتویٰ پی ڈی ایف فائل میں حاصل کرنے کے لیے دیے گئے لنک پر کلک کریں:</span></p><p style=""direction: rtl;""><a href=""https://www.facebook.com/groups/497276240641626/541590059543577/""><span style=""font-size: 14pt; color: #000000;"">https://www.facebook.com/groups/497276240641626/541590059543577/</span></a></p>"
https://www.suffahpk.com/khwateen-k-baal-barabar-karna-ya-katwana/,darul-uloom-karachi-via-suffah,خواتین کا بال برابر کرنا یا کٹوانا,"February 12, 2018",,"<p style=""direction: rtl;""><span style=""font-size: 14pt; color: #000000;""><span style=""font-size: 18pt; color: #800000;"">دارالعلوم کراچی فتویٰ نمبر:97</span></span></p><p style=""direction: rtl;""><span style=""font-size: 14pt; color: #000000;"">بعدا ز سلام  مسنون عرض یہ ہےکہ بندہ ایک مسئلہ  دریافت کرنا چاہتا ہے ۔</span></p><p style=""direction: rtl;""><span style=""font-size: 14pt; color: #000000;"">کیافرماتے ہیں مفتیان کرام !</span></p><p style=""direction: rtl;""><span style=""font-size: 14pt; color: #000000;""> خواتین کے لیے سر کے بال  کاندھے کی ہڈی   ( shoulder blade )  سے نیچے نیچے  بغرض ڈیزائن  کٹوانے کا کیا حکم ہے ؟ جبکہ ا س میں تشبہ بالرجال  بھی نہیں پایا  جاتا نیز سر کے آگے کے بال جو ماتھے  پر گرتے ہیں  ( fringes ) کو کٹوانا کیساہے ؟</span></p><p style=""direction: rtl;""><span style=""font-size: 14pt; color: #000000;"">سائل محمد عاصم شیخ</span></p><p style=""direction: rtl;""><span style=""font-size: 14pt; color: #000000;"">درجہ دورہ حدیث جامعہ دارالعلوم  کراچی</span></p><p style=""direction: rtl;""><span style=""font-size: 14pt; color: #000000;""> الجواب حامداومصلیا ً</span></p><p style=""direction: rtl;""><span style=""font-size: 14pt; color: #000000;"">  خواتین کے لیے اپنے سر کےبال کاٹنا  نہ بالکل ممنوع ہے اور نہ بالکل جائز ہے بلکہ اس میں کچھ تفصیل ہےوہ یہ کہ اگر کوئی خاتون فیشن  کے طور پراس قدر  بال کٹوائے  کہ مردوں کی مشابہت پائی جائے تو ا س طرح بال کٹوانا جائز نہیں ہے ، اور اگر اس  کے بال  دو منہ کے ہوگئے  ہوں اور  اس کی وجہ سے بالوں  کی افزائش رک  گئی ہوتو افزائش  رک گئی ہوتو افزائش  کی نیت سے بالوں  کے سروں  کو کسی قدر کاٹ لینے کی اجازت  ہے ۔</span></p><p style=""direction: rtl;""><span style=""font-size: 14pt; color: #000000;""> اسی طرح خواتین  کے لیے  setting  کی نیت سے  ضرورت  کے وقت  اپنے سر کے بالو ں کو معمولی  سے کتروانا درست ہے ، لیکن اس بات کا خیال رکھنا نہایت ضروری  ہے  کہ ا س میں کسی  بھی قسم کی ممنوع مشابہت  نہ پائی جائے اور نہ سیٹنگ  کسی ممنوع مشابہت  کی نیت سے ہو۔ نیز مردوں  کی مشابہت کی حد سے نکلنے کے لیے ضروری  ہے کہ خواتین کے بال کندھوں سے نیچے ہوں ۔ا سی طرح  کفار اور  فاسقات  کی مشابہت کی نیت سے  بال کٹوانا  بھی درست نہیں ہے ۔  ( ماخذہ التبویب  )ْ</span></p><p style=""direction: rtl;""><span style=""font-size: 14pt; color: #000000;"">چنانچہ حدیث پاک میں ہے :</span></p><p style=""direction: rtl;""><span style=""font-size: 14pt; color: #000000;"">ترجمہ : اللہ تعالیٰ لعنت بھیجتے ہیں ان مردوں  پر جو عورتوں  کے ساتھ مشابہتا ختیار  رکھتے ہیں ، اور اللہ تعالیٰ لعنت بھیجتے ہیں ان  عورتوں پر  جو مردوں  کے ساتھ  مشابہت رکھتی ہیں ۔</span></p><p style=""direction: rtl;""><span style=""font-size: 14pt; color: #000000;"">اور ایک دوسری حدیث میں فرمایا گیا کہ :</span></p><p style=""direction: rtl;""><span style=""font-size: 14pt; color: #000000;""> ترجمہ : جو جس قوم کے ساتھ مشابہت ا ختیار کرے گا وہ انہی میں سے ہے ۔</span></p><p style=""direction: rtl;""><span style=""font-size: 14pt; color: #000000;"">لہذا اگر خواتین  کے اپنے سر  کے بال کاندھے  کی ہڈی  سے نیچے نیچے  بغرض  ڈیزائن کٹوائیں  یا ماتھے  پر گرنے والے بال معمولی  کٹوائٰں  اور ا س میں مردوں  کی یا کفار وفاسقات  کی مشابہت  نہ پائی جاتی ہو تو ا سکی گنجائش معلوم ہوتی ہے  ۔</span></p><p style=""direction: rtl;""><span style=""font-size: 14pt; color: #000000;"">اسامہ احسان  </span></p><p style=""direction: rtl;""><span style=""font-size: 14pt; color: #000000;"">دارالافتاء جامعہ دارالعلوم کراچی</span></p><p style=""direction: rtl;""><span style=""font-size: 14pt; color: #000000;""> ۔۔۔۔۔۔۔۔۔۔۔۔۔۔۔۔۔۔۔۔۔۔</span></p><p style=""direction: rtl;""><span style=""font-size: 14pt; color: #000000;"">کیافرماتے ہیں  علماء دین ومفتیان کرام اس مسئلہ کے  بارے میں</span></p><p style=""direction: rtl;""><span style=""font-size: 14pt; color: #000000;"">مسئلہ مسئول  عنہا سے پہلے  دوباتوں کا لکھنا ضروری  سمجھتا ہوں۔</span></p><p style=""direction: rtl;""><span style=""font-size: 14pt; color: #000000;"">ترجمہ : اللہ تعالیٰ لعنت بھیجتے ہیں ان مردوں  پر جو عورتوں  کے ساتھ مشابہتا ختیار  رکھتے ہیں ، اور اللہ تعالیٰ لعنت بھیجتے ہیں ان  عورتوں پر  جو مردوں  کے ساتھ  مشابہت رکھتی ہیں ۔ ( رواہ البخاری  )</span></p><p style=""direction: rtl;""><span style=""font-size: 14pt; color: #000000;""> عن علی قال النبی ﷺ ان تخلق  المراۃ راسھا ۔</span></p><p style=""direction: rtl;""><span style=""font-size: 14pt; color: #000000;"">اور ان احادیث  کو  بھی مد نظر   رکھنا ضروری  ہے ۔ جن میں کفار، فساق اور فجار  کے ساتھ مشابہت  کی ممانعت  مذکور ہے  ۔</span></p><p style=""direction: rtl;""><span style=""font-size: 14pt; color: #000000;"">نمبر 2 ۔ا ور فقہاء احناف رحمہم اللہ لکھتے ہیں ۔ عورت  کو سر منڈانا بال کتروانا حرام ہے  ۔</span></p><p style=""direction: rtl;""><span style=""font-size: 14pt; color: #000000;""> فتاویٰ  ھندیہ ۔۔۔۔۔۔۔۔۔۔</span></p><p style=""direction: rtl;""><span style=""font-size: 14pt; color: #000000;"">اب پوچھنا یہ ہے کہ ایک  عورت  کے سر کے بال   وفرہ ( جو مرد  کے لیے مسنون   بال رکھنے  کی آخری  حد عورت کو بلا عذر کاٹنے  یا کاٹنے یا کٹوانے سے منع کیاہے ۔ا ور اس طرح  کاٹنے  کو  جس طرح اوپر  لکھا گیا حرام مکروہ تحریمی  کہنا بھی  میری سمجھ میں  نہیں آتا  اس لیے کہ کسی  فعل کو حرام یا مکروہ  تحریمی قرار دینے کے لیے دلائل شرعیہ  میں سے کسی دلیل کا ہونا ضروری  ہےا ور اس  کے لیے میرے ذہن  میں کوئی  بھی دلیل شرعی نہیں ہے ۔ مثلا ً مندرجہ بالا احادیث  کو پیش نظر  رکھ  اس طرح کاٹنے میں نہ تو مردوں  کے ساتھ  مشابہت  آتی ہے اور نہ کفار وفجار کی عورتوں  کے ساتھ اور نہ اس طرح   کے کاٹنے کو ہم حلق کے نیچے داخل کرسکتے ہیں ، کیونکہ حلق  اور قصر   کےمفہوموں میں  بڑ افرق ہے ۔</span></p><p style=""direction: rtl;""><span style=""font-size: 14pt; color: #000000;"">اور نہ کوئی دوسری دلیل شرعی  مسائل کے سامنے  موجود ہے  ۔ لہذا ا س شبہے  کا مفصل باحوالہ جواب کہ یہ جائز  یاناجائز ہے لکھ کر بندہی کو ممنون فرمائیں  ۔</span></p><p style=""direction: rtl;""><span style=""font-size: 14pt; color: #000000;"">المستفتی محمد حنیف  عفی عنہ</span></p><p style=""direction: rtl;""><span style=""font-size: 14pt; color: #000000;"">الجواب حامداومصلیا ً</span></p><p style=""direction: rtl;""><span style=""font-size: 14pt; color: #000000;"">عورتوں کے لیے اپنے سر  کےبالوں کو کندھے  تک  یا کانوں تک کٹوانا جیسا کہ آج کل  یورپ اور امریکہ کی عورتیں  کٹواتی ہیں  اور ان کی اتباع میں بعض  مسلمان عورتیں  بھی کٹواتی ہیں ، یہ بالکل جائز نہیں اس سے بچنا  ضروری ہے  ۔ البتہ   عورتوں  کے لیے بالوں کو اس  مقصد  سے کسی قدر  کٹوانا تاکہ بال مزید  بڑھیں  یا بالوں کو ا س حد  تک رکھنا جس میں مردوں  کے ساتھ یا غیر مسلم  عورتوں  کے ساتھ مشابہت  نہ پائی جائے، گنجائش ہے ۔ واضح  رہے کہ عورتوں  کے لیے مردوں  کی مشابہت  کی حد سے نکلنے کے لیے ضروری  ہے کہ ان کے بال  کندھوں  کے نیچے  ہونے کے ساتھ ساتھ  اس قدر  بھی ہوں کہ جس سے وہ اپنے بالوں  کا جوڑا بناسکیں  ۔ ( ماخذہ التبویب  )</span></p><p style=""direction: rtl;""><span style=""font-size: 14pt; color: #000000;""> فی صحیح المسلم</span></p><p style=""direction: rtl;""><span style=""font-size: 14pt; color: #000000;"">الجواب الصحیح</span></p><p style=""direction: rtl;""><span style=""font-size: 14pt; color: #000000;"">دارالافتاء  جامعہ دارالعلوم کراچی</span></p><p style=""direction: rtl;""><span style=""font-size: 14pt; color: #000000;"">عربی حوالہ جات اور مکمل فتویٰ پی ڈی ایف فائل میں حاصل کرنے کے لیے دیے گئے لنک پر کلک کریں:</span></p><p style=""direction: rtl;""><a href=""https://www.facebook.com/groups/497276240641626/541354912900425/""><span style=""color: #000000;"">https://www.facebook.com/groups/497276240641626/541354912900425/</span></a></p>"
https://www.suffahpk.com/utlubuil-ilma-walo-fi-sseen/,darul-uloom-karachi-via-suffah,اطلبوا العلم ولو في الصين,"February 9, 2018",,"<p style=""text-align: right;""><span style=""font-size: 14pt; color: #000000;""><span style=""font-size: 18pt; color: #800000;"">دارالعلوم کراچی فتویٰ نمبر:96</span></span></p><p style=""direction: rtl; text-align: right;""><span style=""font-size: 14pt; color: #000000;"">فی القدیر</span></p><p style=""direction: rtl; text-align: right;""><span style=""font-size: 14pt; color: #000000;"">وفی شعب الایمان</span></p><p style=""direction: rtl; text-align: right;""><span style=""font-size: 14pt; color: #000000;"">وفی مسند البراز</span></p><p style=""direction: rtl; text-align: right;""><span style=""font-size: 14pt; color: #000000;"">منسلک پی ڈی ایف فائل۔۔۔۔</span></p><p style=""direction: rtl; text-align: right;""><span style=""font-size: 14pt; color: #000000;"">2، 3) اگر کوئی شخص درج بالا تفصیل  کے ساتھ یعنی  اس کے سخت  ضعیف  ہونے  کی صراحت کے ساتھ   حدیث مذکور کی نشرواشاعت کرے گا  تو وہ موضوع  حدیث کی اشاعت  کرنے والا نہ ہوگا یعنی وہ یہ  بیان  کردے کہ مذکورہ  حدیث کا متن  مشہور ہے ،ا سناد کمزور  ہے مختلف  طرق سے  مروی ہونے کی  وجہ سے مجموعی  طرق کی بناء پر  بعض محدثین  نے اسے حسن  لغیرہ قرار دیا ہے، تاہم اکثر محدثین  نے اس کو موضوع  قرار دیا ہے۔ ( حوالہ کے لیے ملاحظہ  ہو: فیض القدیر، جامع الاصول ، المدخل وغیرہ)</span></p><p style=""direction: rtl; text-align: right;""><span style=""font-size: 14pt; color: #000000;"">لہذا احتیاط  اس میں ہے کہ اسے حدیث کہہ کر نقل نہ کیاجائے بلکہ مقولہ کے طور پربیان کیا جائے ۔</span></p><p style=""direction: rtl; text-align: right;""><span style=""font-size: 14pt; color: #000000;""> ( فی جامع الاحادیث  للعلامۃ السیوطی : ( 5/2)</span></p><p style=""direction: rtl; text-align: right;""><span style=""font-size: 14pt; color: #000000;"">4) غور کرنے سے  ظاہر نگاہ  میں مونوگرام  کی تصویر صلیب  کی تصویر سے  مختلف نظر آرہی ہے لہذا سائل پہلے  کالج والوں سے اس بات کی  تحقیق کرلے کہ کیاواقعی  انہوں نےا س پر صلیب  کی  تصویر  ہی بنائی ہے ؟ پھر اس  تحقیق  کی تفصیل  کو  دیکھ کر ا س کی  روشنی میں ان شاء اللہ جواب لکھا جائے گا۔</span></p><p style=""direction: rtl; text-align: right;""><span style=""font-size: 14pt; color: #000000;"">5) مونو گرام میں  درج  عربی عبارات  : ” اطلبوا العلم ولوکان بالصبن ” کو حدیث  کے طور پر بیان  کرنے کے لیے جواب   نمبر 2 میں  درج  تفصیل  کے ساتھ ساتھ  لفظ ” کان ”  کو  بھی ختم کرنا ہوگا ، کیونکہ  اس عبارت  میں ایک  لفظ  ” کان ”  کا اضافہ  بھی  ہے جبکہ حدیث  کے  طور پر کتابوں  میں جو  متن  مشہور ہے اس میں  لفظ ” کان ”  نہیں ہے ۔ تاہم مونو گرام  میں درج عربی عبارات  کو اگر بطور  ایک  جملہ اور مقولہ  کے لکھا گیا ہو اور مقصد  تحصیل   علم کی ترغیب  ہو تو اس  کی  شرعاً گنجائش ہے اور اس  طرح  ترغیبی جملے  عرب مؤلفین  کی تحریرات میں ملتے ہیں  مثلاً کتاب ” الحضارۃ الاسلامیۃ  بین اصالۃ الماضی وآمال المستقبل ( 6/  338)  ” میں ہے  : ” فالرسول  دعا  لطلب  العلم ولوکان بالصین۔” بہر حال  ممکن ہے کہ اس  عبارت  کو لگانے  والوں نے اسی نیت  سے لگائی  ہو اسی  لیے  انہوں نے  اس کے ساتھ حدیث  ہونے کا کوئی  حوالہ درج  نہیں کیا۔ا س بات  کی تحقیق بھی ان سے ہوسکتی  ہے ۔</span></p><p style=""direction: rtl; text-align: right;""><span style=""font-size: 14pt; color: #000000;"">واللہ اعلم بالصواب</span></p><p style=""direction: rtl; text-align: right;""><span style=""font-size: 14pt; color: #000000;"">دارالافتاء دارالعلوم کراچی  </span></p><p style=""direction: rtl;""><span style=""font-size: 14pt; color: #000000;"">عربی حوالہ جات اور مکمل فتویٰ پی ڈی ایف فائل میں حاصل کرنے کے لیے دیے گئے لنک پر کلک کریں:</span></p><p style=""direction: rtl;""><a href=""https://www.facebook.com/groups/497276240641626/539999729702610/""><span style=""font-size: 14pt; color: #000000;"">https://www.facebook.com/groups/497276240641626/539999729702610/</span></a></p>"
https://www.suffahpk.com/jamat-sania-ka-hukum/,darul-uloom-karachi-via-suffah,جماعت ثانیہ کا حکم,"February 9, 2018",,"<p style=""direction: rtl;""><span style=""font-size: 14pt; color: #000000;""><span style=""font-size: 18pt; color: #800000;"">دارالعلوم کراچی فتویٰ نمبر:95</span></span></p><p style=""direction: rtl;""><span style=""font-size: 14pt; color: #000000;""> الجواب حامداومصلیا</span></p><p style=""direction: rtl;""><span style=""font-size: 14pt; color: #000000;"">واضح رہے کہ امام ابو حنیفہ  رحمہ اللہ کے نزدیک  محلہ کی مسجد میں جماعت ثانیہ مکروہ تحریمی ہے اور کتب فقہ میں مسجد   محلہ اس مسجد کوکہا گیاہے  جس کا امام  ومؤذن مقرر ہوا ور وہاں  کی جماعت  بھی مقرر  ہو یعنی  ا س کے مقتدی متعین ہوں ۔</span></p><p style=""direction: rtl;""><span style=""font-size: 14pt; color: #000000;""> اور مسجد میں محلہ میں  جماعت  ثانیہ کے مکروہ  ہونے کی فقہائے کرام رحمہم اللہ  تعالیٰ  نے چند  وجوہات  بیان فرمائی ہیں :</span></p><p style=""direction: rtl;""><span style=""font-size: 14pt; color: #000000;""> ( الف ) تقلیل  جماعت</span></p><p style=""direction: rtl;""><span style=""font-size: 14pt; color: #000000;""> ( ب) لوگوں کی جماعت اولیٰ کے ساتھ نماز پڑھنے میں سستی</span></p><p style=""direction: rtl;""><span style=""font-size: 14pt; color: #000000;"">(ج) افتراق کی صورت</span></p><p style=""direction: rtl;""><span style=""font-size: 14pt; color: #000000;"">عربی عبارات منسلک پی ڈی ایف میں  موجود ہے !</span></p><p style=""direction: rtl;""><span style=""font-size: 14pt; color: #000000;""> لہذا موٹروے  اور ہائی وے  کے ذریعے ایک شہر سے دوسرے شہر  جاتے وقت  راستے  میں واقع پٹرول  اور ریسٹورنٹ  کی مساجد  اور اسی طرح  راستے میں واقع  اسٹیشن  ،ا ڈہا ور ائیر پورٹ  کی مساجد  اگر کسی  شہر میں ہوں یا ایسی جگہ  ہوں جہاں آبادی  ہو اور ان مساجد میں امام ومقتدی  مقرر ہوں  تو ان مساجد میں جماعت  ثانیہ مکروہ  تحریمی ہے کیونکہ ایسی مساجد    پر محلہ  کی تعریف صادق آتی ہے  اور کراہت  کی مذکورہ  بالا وجوہات  پائی جاتی ہیں ۔</span></p><p style=""direction: rtl;""><span style=""font-size: 14pt; color: #000000;"">  اور اگر مذکورہ جگہوں  کی مساجد  شہرسے باہر ہوں  یا ایسی  جگہ  واقع ہوں  جہاں آبادی نہ ہو تو اگرچہ  ان  مساجد  میں امام ومؤذن  مقرر  ہوں اور آس پاس کے چند نمازی بھی مستقل  نماز  پڑھنے  والے ہوں تو ایسی مساجد  میں جماعت  ثانیہ مکروہ نہیں کیونکہ عموماً ان مساجد  میں  ہر نماز  کے وقت جو جماعتیں ہوتی ہیں ان میں اتنی  کثرت  کےساتھ مقتدیوں میں تبدیلی واقع  ہوتی ہے کہ ان کو جماعت  معلومہ نہیں کہاجاسکتا  جس کی بناء پر  ایسی مساجد  کو  مسجد محلہ  کہاجاسکے  نیز ایسی  مساجد میں جماعت ثانیہ  کے مکروہ  ہونے کی مذکورہ بالا وجوہات  بھی نہیں پائی جاتیں البتہ  ایسی مساجد  میں جماعت ثانیہ  ، جماعت اولیٰ  کی  ہئیت  سے ہٹ کر  ادا کرنا بہتر ہے  جس کی صورت   یہ ہے کہ مسجد میں جس جگہ جماعت  اولیٰ ہوچکی  ہو اس جگہ سے  کچھ ہٹ کر  دوسری جگہ جماعت  ثانیہ ادا کی جائے اور اگر  مسجد سے باہر  نماز کی مناسب  جگہ ہو تواحتیاط  کا  پہلو ا س میں ہے کہ اس جگہ نمازادا  کی جائے ۔</span></p><p style=""direction: rtl;""><span style=""font-size: 14pt; color: #000000;"">2)  راستے  میں واقع ایسی مساجد جن میں امام اور مؤذن  نیز مقتدی  مقرر اور متعین نہ ہوں ،ان میں جماعت ثانیہ   جواب میں ذکر کردہ  عبارات  کی روشنی  میں  بلاکراہت  درست ہے  ۔</span></p><p style=""direction: rtl;""><span style=""font-size: 14pt; color: #000000;"">3) مذکورہ سوال  کا جواب  حضرت مولانا ظفر احمد  عثمانی صاحب  رحمہ اللہ نے  امداالاحکام   میں مفصلا دیاہے۔</span></p><p style=""direction: rtl;""><span style=""font-size: 14pt; color: #000000;"">( تمام عبارات منسلک پی ڈی ایف فائل لنک میں )</span></p><p style=""direction: rtl;""><span style=""font-size: 14pt; color: #000000;"">خلاصہ ان  عبارات کا یہ ہے کہ مسجد محلہ  میں جس  امام  اور مؤذن   مقرر ہے، دوسری جماعت  کرنا مکروہ تحریمی ہے ، خواہ  ندون اذن ثانی  کے ہو یا مع  اذان واقامت  کے، دلائل  کا مقتضی یہی ہے اور ظہیر یہ اور بدائع  وغیرہ سے  بھی اطلا ق کراہت سے مستفادہ   ہوتا ہے ، گو بعض  فتاویٰ  میں بدون اذن  ثانی کے جماعت  ثانیہ کو مباح  لکھا ہے ،  مگر  دلائل  پر نظر  کرکے قید  ضعیف  معلوم ہوتی ہے ۔ا ور اگر ا س کو تسلیم  بھی کرلیاجائے تو اباحت  سے مراد کراہت تحریمی  کی نفی ہوگی ، کراہت تنزیہہ کی  نفی مراد نہیں ،</span></p><p style=""direction: rtl;""><span style=""font-size: 14pt; color: #000000;""> دارالافتاء جامعہ دارالعلوم کراچی</span></p><p style=""direction: rtl;""><span style=""font-size: 14pt; color: #000000;"">عربی حوالہ جات اور مکمل فتویٰ پی ڈی ایف فائل میں حاصل کرنے کے لیے دیے گئے لنک پر کلک کریں:</span></p><p style=""direction: rtl;""><a href=""https://www.facebook.com/groups/497276240641626/539991516370098/"">https://www.facebook.com/groups/497276240641626/539991516370098/</a></p>"
https://www.suffahpk.com/kursi-par-taik-laga-kar-sony-ki-surat-mai-wuzu-ka-hukum/,darul-uloom-karachi-via-suffah,کرسی پر  ٹیک لگاکر سونے  کی صورت میں وضو کا حکم,"February 8, 2018",,"<p style=""direction: rtl;""><span style=""font-size: 14pt; color: #000000;""><span style=""font-size: 18pt; color: #800000;"">دارالعلوم کراچی فتویٰ نمبر:94</span></span></p><p style=""direction: rtl;""><span style=""font-size: 14pt; color: #000000;"">سوال: مفتی صاحب آپ سے یہ پوچھنا تھا کہ  ٹیک لگا کرسونے سے وضو ٹوٹ جاتا ہے ؟</span></p><p style=""direction: rtl;""><span style=""font-size: 14pt; color: #000000;"">مثلا : اگر کوئی شخص  کرسی پر بیٹھا بیٹھا   سوجائے  ، بالکل سیدھا  لیٹ  جائےا ور سوجائے  تو کیا ان دونوں صورتوں میں اس کا وضو  ٹوٹ جائے گا  یا باقی رہے گا؟</span></p><p style=""direction: rtl;""><span style=""font-size: 14pt; color: #000000;"">اور کیا اگر ٹیک لگاکر بیٹھے ہوں تو اونگھ آنے سے بھی وضو ٹوٹ جاتا ہے  ؟</span></p><p style=""direction: rtl;""><span style=""font-size: 14pt; color: #000000;"">  برائے مہربانی ا س بارے میں تفصیلی جواب  تحریر فرمائے</span></p><p style=""direction: rtl;""><span style=""font-size: 14pt; color: #000000;"">ابو ذرخان</span></p><p style=""direction: rtl;""><span style=""font-size: 14pt; color: #000000;""> الجواب حامداومصلیاً</span></p><p style=""direction: rtl;""><span style=""font-size: 14pt; color: #000000;""> کرسی یا کسی اور چیز کے ساتھ اس  طرح ٹیک لگاکر گہری نیند  سوئے کہ اگر ٹیک  کو ہٹادیاجائے  تو سونے والا گرجائے   وت اس طرح سونے سے امام  طحاوی اور علامہ  قدوری رحمہم اللہ  تعالیٰ کے نزدیک  وضو ٹوٹ جائے گا۔ آج کل لوگوں میں زیادہ کھانے کی عادت عام ہے اور عموما ً قویٰ بھی کمزور ہیں اس طرح  کہ بعض اوقات ہوا خارج  ہوجاتی ہے  اور معلوم   بھی نہیں ہوتا لہذا احتیاط اسی میں ہے کہ اس قول پر عمل کیاجائے جیسا کہ  بعض فقہاء رحمہم اللہ تعالیٰ نے اسی کو اختیار   فرمایاہے  ۔ ( ماخذہ التبویب  )</span></p><p style=""direction: rtl;""><span style=""font-size: 14pt; color: #000000;"">اسی طرح  اگر کوئی شخص سیدھا لیٹ جائےا ور سوجائے تو ا س صورت میں بھی وضو ٹوٹ جائے گا ۔ا لبتہ اگر ٹیک  لگاکر  بیٹھا  ہوتو صرف اونگھ  آنے سے وضو نہیں  ٹوٹتا۔</span></p><p style=""direction: rtl;""><span style=""font-size: 14pt; color: #000000;"">طاہر محمود</span></p><p style=""direction: rtl;""><span style=""font-size: 14pt; color: #000000;"">دارالافتاء جامعہ دارالعلوم کراچی</span></p><p style=""direction: rtl;""><span style=""font-size: 14pt; color: #000000;"">عربی حوالہ جات اور مکمل فتویٰ پی ڈی ایف فائل میں حاصل کرنے کے لیے دیے گئے لنک پر کلک کریں:</span></p><p style=""direction: rtl;""><a href=""https://www.facebook.com/groups/497276240641626/539453593090557/"">https://www.facebook.com/groups/497276240641626/539453593090557/</a></p>"
https://www.suffahpk.com/bachou-ko-tahaif-ka-sharai-hukum/,darul-uloom-karachi-via-suffah,بچوں کے تحائف کا شرعی حکم,"February 7, 2018","<p style=""direction: rtl;""><span style=""font-size: 14pt; color: #000000;""> سوال: کیافرماتے ہیں ،مفتیان کرام ان مسائل کے بارے میں</span></p><p style=""direction: rtl;""><span style=""font-size: 14pt; color: #000000;"">1)بچے کی پیدائش کے وقت  جو لفافے  بچہ کو دیے جاتے ہیں ، ان لفافوں میں بچہ کی ملکیت  ہوتی ہے  ؟ یا والدین  کی ہوتی ہے ؟</span></p><p style=""direction: rtl;""><span style=""font-size: 14pt; color: #000000;"">ہمارے  یہاں  یہ بات  مشہور  ہے کہ رشتہ داروں  میں جہاں کہیں بھی بچہ  وغیرہ آتے ہیں تو لین دین   بڑے کرتے ہیں   ( ماں  باپ / دادا دادی)  تو لہذا یہ لفافے  والدین   کے سمجھے  جاتے ہیں ۔</span></p><p style=""direction: rtl;""><span style=""font-size: 14pt; color: #000000;"">واضح رہے  کہ ہمارے یاہں بچہ کو منہ دکھائی کا لفافہ الگ دیاجاتاہے  اور کپڑے  وغیرہ کا  لفافہ  ( جوخاص  رشتہ داروں  کی طرف سے دیا جاتا ہے )</span></p><p style=""direction: rtl;""><span style=""font-size: 14pt; color: #000000;""> برائے کرم ان دونوں کا حکم بھی بیان کیجیے ۔</span></p><p style=""direction: rtl;""><span style=""font-size: 14pt; color: #000000;"">2) بسااوقات  ایسا ہوتا ہے کہ بچہ  کی  پیدائش کے مرحلہ  میں جو اخراجات  درپیش ہوتے ہیں  ،ا س میں والدین خرچ  کرنے کی طاقت  نہیں رکھتے  تو پھر بچہ  کا دادا ( دادی)  اس کا خرچہ  اٹھاتے ہیں ۔ </span></p><p style=""direction: rtl;""><span style=""font-size: 14pt; color: #000000;"">مثلاً 1۔ ڈلیوری  کا خرچہ 2/  لوگوں  میں مٹھائی کی تقسیم کا خرچہ  ، 3/ عقیقہ کا خرچہ 4، بچہ کی پیدائش کے وقت  جو مہمان آتے ہیں ان کے اکرام  وغیرہ کا خرچہ</span></p><p style=""direction: rtl;""><span style=""font-size: 14pt; color: #000000;"">ان مراحل میں لفافے کا حق دار کون  ہوگا؟</span></p><p style=""direction: rtl;""><span style=""font-size: 14pt; color: #000000;"">اور دادا، دادی  ان لفافے  کو  رکھ سکتے ہیں ؟</span></p><p style=""direction: rtl;""><span style=""font-size: 14pt; color: #000000;"">برائے کرم تفصیل  کے ساتھ وضاحت فرمائیں ۔</span></p><p style=""direction: rtl;""><span style=""font-size: 14pt; color: #000000;"">3) بچے کی پیدائش کے وقت  جو  کپڑے  بچہ کے لیے آتے ہیں ، اس میں  معاملہ  یہ ہوتا ہے کہ جب تک  بچہ کو کپڑے  پورے ہوتے ہیں ا س وقت  تک تو اسی کےاستعمال  میں آتے ہیں لیکن  اگر وہ کپڑے چھوٹےہوں یا بچہ کا قد بڑھ جاتا ہے، تو ان کپڑوں کو ہم کسی اور کو  ہدیہ  دیتے ہیں  یا اپنے ہی دوسرے بچوں کے لیے رکھ  لیتے ہیں اس کا کیا حکم ہے ؟</span></p><p style=""direction: rtl;""><span style=""font-size: 14pt; color: #000000;"">4) ہم نے یہ مسئلہ بھی سناہے  کہ جو کپڑے بچوں کے لیے  بناتے ہیں  تو وہ کپڑے کسی اور کواپنی مرضی سے نہیں دےس کتے وہ کپڑے  بچہ  کی ہی ملکیت  ہوجاتی ہے ۔</span></p><p style=""direction: rtl;""><span style=""font-size: 14pt; color: #000000;"">مثلا:  بچہ کے لیے سوٹ بنایا اور وہ چھوٹا ہوگیا تو کیاوہ کسی اور کودیاجاسکتا ہے ؟</span></p><p style=""direction: rtl;""><span style=""font-size: 14pt; color: #000000;""> برائے کرم اس  مسئلہ کی وضاحت فرمائیں  اور اگر مسئلہ یہی ہے جیسا کہ ہم نے سنا ہے تو یہ تو  بڑ امشکل معلوم ہوتا ہے لہذا کوئی آسان حل  بھی بیان کیجیئے۔</span></p><p style=""direction: rtl;""><span style=""font-size: 14pt; color: #000000;"">5) ہمیں کسی نے بتایاہے کہ بچے  کے پیسے  ضرورت  میں استعمال  کیے جاسکتے ہیں لیکن ایسی ضرورت  جو خود  بچہ ہی  پرختم ہوجائے، جیسے : اسکول کی فیس ، پیمپر ، دوائی وغیرہ  </span></p><p style=""direction: rtl;""><span style=""font-size: 14pt; color: #000000;"">لیکن اگر ایسی چیزیں  خریدی  جیسے  کھلونا وغیرہ  تو وہ ہم کسی اور کو تو نہیں دے سکتے ( جیسے اگر بچوں نے  کھلونےسے نہیں کھیلا  ) تو اگر ہم یہ کھلونے کسی اور کو دیں گے  تو اتنی ہی رقم اپنے پیسوں سے نکال کر بچے کے پیسے میں ڈالتے ہوں گے ۔</span></p><p style=""direction: rtl;""><span style=""font-size: 14pt; color: #000000;"">یہ بات صحیح ہے؟  اور شرعی لحاظ سےا س کا کیا حکم ہے ؟</span></p>","<p style=""direction: rtl;""><span style=""font-size: 14pt; color: #000000;"">الجواب حامداومصلیاً</span></p><p style=""direction: rtl; text-align: right;""><span style=""font-size: 14pt; color: #000000;"">اس لیے والدین کو چاہیے کہ نابالغ اولاد کے لیے عام استعمال کی چیزیں خرید کر انہیں مالکانہ طور پر نہ دیں بلکہ اپنی ملکیت  میں رکھ کر بچوں کو صرف استعمال کی غرض سے دیں ، تاکہ بوقت  ضرورت والدین  خود بھی اس کا استعمال کرسکیں ،ا ور اگر  کسی اور کو دینا چاہیں تو دے سکیں ۔</span></p><p style=""direction: rtl; text-align: right;""><span style=""font-size: 14pt; color: #000000;"">واللہ سبحانہ وتعالیٰ  اعلم</span></p><p style=""direction: rtl;""><span style=""font-size: 14pt; color: #000000;""> محمد طیب رشید عفی عنہ</span></p><p style=""direction: rtl;""><span style=""color: #000000;""><span style=""font-size: 14pt;"">دارالافتاء جامعہ دارالعلوم کرا</span>چی</span></p><p style=""direction: rtl;""><span style=""color: #000000; font-size: 14pt;"">عربی حوالہ جات اور مکمل فتویٰ پی ڈی ایف فائل میں حاصل کرنے کے لیے دیے گئے لنک پر کلک کریں:</span></p><p style=""direction: rtl;""><a href=""https://www.facebook.com/groups/497276240641626/539124759790107/"">https://www.facebook.com/groups/497276240641626/539124759790107/</a></p>"
https://www.suffahpk.com/efu-k-found-aytimad-grouth-ka-hukum/,darul-uloom-karachi-via-suffah,ای ایف یوکے اعتماد فنڈ گروتھ کا حکم,"February 6, 2018",,"<p style=""direction: rtl;""><span style=""font-size: 14pt; color: #000000;""><span style=""font-size: 18pt; color: #800000;"">دارالعلوم کراچی فتویٰ نمبر:93</span></span></p><p style=""direction: rtl;""><span style=""font-size: 14pt; color: #000000;"">بسم اللہ الرحمن الرحیم </span></p><p style=""direction: rtl;""><span style=""font-size: 14pt; color: #000000;"">الاستفتاء </span></p><p style=""direction: rtl;""><span style=""font-size: 14pt; color: #000000;"">ای ایف یو کا ایک فنڈ اعتماد گروتھ فنڈ ہے ، جس کے متعلق منسلکہ کا غذ میں حضرت مولانا مفتی تقی عثمانی صاحب اور دیگر علماء کرام مد ظلہم کے نام دیے گئے ہیں ، کیا یہ حضرات واقعی ای ایف یو کے بورڈ پر ہیں اور کیا ای ایف یو کے اعتماد گروتھ فنڈ یا کسی اور فنڈ میں سرمایہ کاری کرنا جائز ہے؟ </span></p><p style=""direction: rtl;""><span style=""font-size: 14pt; color: #000000;"">الجواب حامداومصلیا ً </span></p><p style=""direction: rtl;""><span style=""font-size: 14pt; color: #000000;"">واضح رہے کہ EFU مروجہ انشورنس کمپنیوں کی طرح کی ایک کمپنی ہے جس کا کاروبار سودقمار، ( جوا) اور غرر پر مبنی ہوتا ہے اور قمار کی بنیاد پر حاصل ہونے والی ساری آمدنی چونکہ حرام ہوتی ہے اس لیے EFU کی ساری آمدنی یا غالب آمدنی حرام ہے لہذا اس حرام آمدنی سے کوئی فنڈ قائم کرنا اور لوگوں کا کمپنی کے ساتھ مل کر اس میں سرمایہ کاری کرنا شرعاً جائز نہیں۔</span></p><p style=""direction: rtl;""><span style=""font-size: 14pt; color: #000000;"">منسلکہ کاغذ میں حضرت مولانا مفتی محمد تقی عثمانی صاحب مد ظمہم اور دیگر حضرات کے جونام دیے گئے ہیں وہ EFU کے بورڈ پر نہیں، بلکہ دیگر مختلف اسلامی اداروں کےا رکان ہیں، مذکورہ کمپنی لوگوں کو راغب کرنے کے لیے یہ نام استعمال کرتی ہے ، کمپنی کا اپنا نہ کوئی شریعہ بورڈ ہے، نہ کوئی شریعہ ایڈوائزر ہے لہذا ان وجوہات کی بناء پر EFU کے تحت اعتماد گروتھ فنڈ یا کسی بھی فنڈ میں سرمایہ کاری کرنا جائز نہیں ،ا س سے بچنا ضروری ہے ۔ ( ماخذہ التبویب 1273/45)</span></p><p style=""direction: rtl;""><span style=""font-size: 14pt; color: #000000;"">واللہ سبحانہ وتعالیٰ </span></p><p style=""direction: rtl;""><span style=""font-size: 14pt; color: #000000;"">ابراہیم عیسیٰ </span></p><p style=""direction: rtl;""><span style=""font-size: 14pt; color: #000000;"">دارالافتاء جامعہ دارالعلوم کراچی</span></p><p style=""direction: rtl;""><span style=""font-size: 14pt; color: #000000;"">عربی حوالہ جات اور مکمل فتویٰ پی ڈی ایف فائل میں حاصل کرنے کے لیے دیے گئے لنک پر کلک کریں </span></p><p style=""direction: rtl;""><a href=""https://www.facebook.com/groups/497276240641626/permalink/538715233164393/"">https://www.facebook.com/groups/497276240641626/permalink/538715233164393/</a></p>"
https://www.suffahpk.com/mezan-bank-sai-gadi-qistou-par-lyny-ka-hukum/,darul-uloom-karachi-via-suffah, میزان  بینک سے قسطوں پر  گاڑی لینے کاحکم,"January 28, 2018",,"<p style=""direction: rtl;""><span style=""font-size: 18pt; color: #800000;"">فتویٰ نمبر:23</span></p><p style=""direction: rtl;""><span style=""font-size: 14pt; color: #000000;"">سوال: کیافرماتے ہیں علماء کرام اس  مسئلہ کے بارے میں  کہ  ایک میں ایک گاڑی قسطوں  میں لینا  چاہتا ہوں  جس میں مجھے  بااعتماد  ادارہ بینک  نظر آتاہے ۔ بینک کے سودی معاملات  سے محفوظ  رہنے کے لیے  میں یہ چاہتا ہوں  کہ یہ معاملہ میں میزان  بینک سے کروں ۔</span></p><p style=""direction: rtl;""><span style=""font-size: 14pt; color: #000000;"">اس سلسلے میں یہ دریافت  کرنا ہے کہ موجودہ دور   میں میزان بینک  کے معاملات  شریعت کے مطابق  ہیں یا نہیں ا ور اس  کے معاملات  کی  نگرانی  مستند  علماء کررہے ہیں  یا نہیں۔</span></p><p style=""direction: rtl;""><span style=""font-size: 14pt; color: #000000;"">اور ہمارے لیے  میزان بینک سے قسطوں  پر گاڑی لینا جائز ہے یا نہیں ؟</span></p><p style=""direction: rtl;""><span style=""font-size: 14pt; color: #000000;""> مستفتی</span></p><p style=""direction: rtl;""><span style=""font-size: 14pt; color: #000000;"">محمد وقار ولد محمد حنیف</span></p><p style=""direction: rtl;""><span style=""font-size: 14pt; color: #000000;""> الجواب حامداومصلیاً</span></p><p style=""direction: rtl;""><span style=""font-size: 14pt; color: #000000;""> ہمارے علم کی حد تک میزان  بینک   فی الحال مستند  علماء کرام  کی  نگرانی میں  شرعی اصولوں  کے مطابق کام کررہاہے  ۔ لہذا  بحالت  موجودہ اس  کے ساتھ  قسطوں  پر گاڑی لینے سمیت  دیگر معاملات  کئے جاسکتے ہیں ۔ تاہم چونکہ حالات تبدیل ہوسکتے ہیں  ، اور دارالافتاء  کو بینکو ں کے اندرونی  حالات کا  علم نہیں ہوتا، لہذا ا س کے بارے میں سال میں ایک  دو مرتبہ  اس بینک  کے شرعی  مشیر سے رابطہ  رکھیں ۔  اگر وہ مشیر  مستند  عالم دین ہوں ، آپ کو ان  پر اطمینان  ہو،ا ور وہ  بھی  بینک کے مالی معاملات  سے شرعی  اعتبار سے  مطمئن  ہوں تو  ان کے ساتھ معاملات  کرنا جائز رہے گا۔</span></p><p style=""direction: rtl;""><span style=""font-size: 14pt; color: #000000;""> واللہ اعلم </span></p><p style=""direction: rtl;""><span style=""font-size: 14pt; color: #000000;"">طاہر محمود  </span></p><p style=""direction: rtl;""><span style=""font-size: 14pt; color: #000000;"">دارالافتاء جامعہ دارالعلوم  کراچی</span></p><p style=""direction: rtl;""><span style=""font-size: 14pt; color: #000000;"">عربی حوالہ جات اور مکمل فتویٰ پی ڈی ایف فائل میں حاصل کرنے کے لیے دیے گئے لنک پر کلک کریں :</span></p><p style=""direction: rtl;""><a href=""https://www.facebook.com/groups/497276240641626/534740766895173/"">https://www.facebook.com/groups/497276240641626/534740766895173/</a></p>"
https://www.suffahpk.com/bagher-mehram-haj-karna/,darul-uloom-karachi-via-suffah, بغیر محرم حج کرنا,"January 26, 2018","<p style=""direction: rtl;""><span style=""font-size: 14pt; color: #000000;""><span style=""font-size: 18pt; color: #800000;"">دارالعلوم کراچی فتویٰ نمبر:92</span></span></p>","<p style=""direction: rtl;""><span style=""font-size: 14pt; color: #000000;"">الجواب حامداومصلیا</span></p><p style=""direction: rtl;""><span style=""font-size: 14pt; color: #000000;"">شرعا عورت  کے لیے  بغیر محرم  کے سفر  کرنا جائزنہیں ، خواہ یہ سفر ، حج یا عمرہ  کے لیے ہو ، لہذا مذکورہ صورت  میں جب آپ کے پاس کوئی محرم کا انتظام نہیں ہے، تو آپ کے لیے اصل حکم یہ  ہے کہ فقہ حنفی  کے مطابق آپ کے لیے حج کو جانا واجب  نہیں ہے،البتہ اگر آپ کے پاس حج کے اخراجات موجود ہیں ، اور آپ کی نوجوانی کی عمر  گزرچکی ہے اور عمر رسیدہ خواتین  میں داخل ہوچکی ہیں ، تو ایسی صورت میں اگر کسی ایسے گروپ   کے ساتھ آپ حج  کے لیے چلی جائیں جس میں قابل اعتماد عورتیں ساتھ ہوں ،ا ور اس میں کسی فتنہ کا اندیشہ  نہ ہوتو فقہ شافعی کے مطابق آپ کے لیے حج کرنے کی گنجائش ہے ، آپ کا حج ادا ہوجائے گا۔</span></p><p style=""direction: rtl;""><span style=""font-size: 14pt; color: #000000;"">واضح رہے کہ شرعا عمرہ  چونکہ فرض نہیں ہے لہذا عمرہ کے لیے بغیر محرم  کے جانا جائز نہیں ہوگا ۔</span></p><p style=""direction: rtl;""><span style=""font-size: 14pt; color: #000000;""> وفی الھندیۃ ( ومنھا المحرم للمر’ۃ ) شابۃ کانت اوعجوزااذا کانت  بینھا وبین مکۃ مسیرۃ ثلاثۃ ایام۔ (318ج 1)  واللہ اعلم</span></p><p style=""direction: rtl;""><span style=""font-size: 14pt; color: #000000;"">دارالافتاء جامعہ دارالعلوم کراچی </span></p><p style=""direction: rtl;""><span style=""font-size: 14pt; color: #000000;"">عربی حوالہ جات اور مکمل فتویٰ پی ڈی ایف فائل میں حاصل کرنے کے لیے دیے گئے لنک پر کلک کریں :</span></p><p style=""direction: rtl;""><span style=""font-size: 14pt; color: #000000;""><a href=""https://www.facebook.com/groups/497276240641626/533878576981392/"" style=""color: #000000;"">https://www.facebook.com/groups/497276240641626/533878576981392/</a></span></p>"
https://www.suffahpk.com/kuffar-k-tehwarou-mai-muslamnou-ki-shirkat/,darul-uloom-karachi-via-suffah,کفار کے تہواروں میں مسلمانوں کی شرکت,"January 24, 2018","<p style=""direction: rtl;""><span style=""font-size: 14pt; color: #000000;""><strong>بسم اللہ الرحمٰن الرحیم</strong></span></p><p style=""direction: rtl;""><span style=""font-size: 14pt; color: #000000;""><strong>السلام علیکم ورحمۃ اللہ وبرکاتہ</strong></span></p><p style=""direction: rtl;""><span style=""font-size: 14pt; color: #000000;""><strong>آج کل  بعض تہواروں مثلا بلیک فرائیڈے ، ایسٹر ،ہولی ،دیوالی کرسمس،ویلینٹائن ڈے وغیرہ پر عوام الناس (مسلم و غیر مسلم) ان تہواروں میں شریک ہوتے ہیں ۔ دکاندار حضرات  مختلف قسم کی سیل لگاتے ہیں (مختلف ڈسکاؤنٹ آفر کرتے ہیں ) اور ان خصوصی مواقع کے موافق اشیاء کو اپنی دکانوں پر فروخت کرتے ہیں۔</strong></span></p><p style=""direction: rtl;""><span style=""font-size: 14pt; color: #000000;""><strong>     ان خصوصی مواقع میں سے بعض خالصتا ً مذہبی تہوار ہوتے ہیں (مثلا ً کرسمس ،ہولی،دیوالی ) اور بعض معاشرتی ہیں ( مثلا</strong> <strong>ً</strong></span></p><p style=""direction: rtl;""><span style=""font-size: 14pt; color: #000000;""><strong>Black Friday,Mother Day,Father Day</strong><strong> وغیرہ) البتہ ان میں بھی بعض میں مذہبی تعلق کسی نہ کسی طرح بن جاتا ہے اور بعض مغربی اقوام کی طرف سے آتے ہیں اور اب دنیا کے مختلف حصوں میں اس کا رواج دن بدن بڑھتا جارہا ہے۔</strong></span></p><p style=""direction: rtl;""><span style=""font-size: 14pt; color: #000000;""><strong>سوال:</strong></span></p><p style=""direction: rtl;""><span style=""font-size: 14pt; color: #000000;""><strong>اب سوال یہ ہے کہ</strong></span></p><p style=""direction: rtl;""><span style=""font-size: 14pt; color: #000000;""><strong>1۔ کیا ہر قسم کے تہوار یا دن منانے کو  بالکلیہ منع کیا جائے گا یا صرف غیر مسلم اقوام کے مذہبی تہواروں کا منانا منع ہوگا؟ اور کافر اقوام کے معاشرتی دنوں ( مثلا</strong><strong> Black Friday,Mother Day,Father Day</strong><strong> وغیرہ</strong><strong>(</strong><strong>کا منانا کیسا ہے؟</strong></span></p><p style=""direction: rtl;""><span style=""font-size: 14pt; color: #000000;""><strong>2۔ کیا ان موقعوں پر مسلمان تاجروں کا دکان سجانا درست ہے؟</strong></span></p><p style=""direction: rtl;""><span style=""font-size: 14pt; color: #000000;""><strong>3۔ ان تہواروں کے موقع پر لوگوں کی خریداری کو دیکھتے ہوئے دکاندار مزید ترغیب کے لیے اپنی اشیاء پر ڈسکاؤنٹ آفر کرتے ہیں۔تاکہ لوگ دکان سے زیادہ سے زیادہ سامان خریدیں ۔سوال یہ ہے کہ کیا اپنے تجارتی فوائد کے پیش نظر دکاندار کے لیے ان مواقع پر سیل لگانا جائز ہے؟</strong></span></p><p style=""direction: rtl;""><span style=""font-size: 14pt; color: #000000;""><strong>بعض احباب کا کہنا ہے کہ یہ تہوار اگرچہ مذہبی ہوں لیکن مغربی تہذیب سے قربت کا ذریعہ بنتے ہیں ، اور ان کی وجہ سے ان کے مذہبی /غیر مذہبی  تہواروں کی شناعت بھی لوگوں کے دلوں سے ختم ہوتی جارہی ہے اس طرح سیل لگانا ان تہواروں کی ترویج کا سبب بھی بنتا ہے لہذا سدا ً  للذریعہ یہ بالکل ممنوع ہونا چاہیے۔</strong></span></p><p style=""direction: rtl;""><span style=""font-size: 14pt; color: #000000;""><strong>4۔ ان تہواروں کے ساتھ مخصوص یا منسوب یا مروج خاص تحائف/اشیاء کو خریدنا اور بیچنا کیسا ہے؟</strong></span></p><p style=""direction: rtl;""><span style=""font-size: 14pt; color: #000000;""><strong>مثلا کرسمس،</strong><strong>Father Day,Mother Day, Black Friday, Valentine Day </strong><strong> وغیرہ کے گفٹ رکھنا کیسا ہے؟</strong></span></p><p style=""direction: rtl;""><span style=""font-size: 14pt; color: #000000;""><strong>5۔ مذہبی تہوار کا سامان ( مثلا کرسمس کیک، کرسمس ٹری، غبارے ،ٹوپیاں ،لباس وغیرہ) ایک مسلمان تاجر اس نیت سے خرید کر رکھے تاکہ غیر مسلم کسٹمرز کی ضرورت پوری کرسکے تو کیا اس نیت سے دکان پر کرسمس/ہولی/دیوالی کا سامان  رکھنے کی گنجائش ہوگی؟ نیز یہ واضح رہے  کہ ایک دکاندار اس بات کی تحقیق یا پابندی نہیں کرسکتا کہ خریدار کس مذہب سے تعلق رکھتا ہے۔</strong></span></p><p style=""direction: rtl;""><span style=""font-size: 14pt; color: #000000;""><strong>براہِ کرم جواب دے کر ممنون فرمائیں</strong></span></p><p style=""direction: rtl;""><span style=""font-size: 14pt; color: #000000;""><strong>والسلام</strong></span></p><p style=""direction: rtl;""><span style=""font-size: 14pt; color: #000000;""><strong> </strong></span></p><p style=""direction: rtl;""><span style=""font-size: 14pt; color: #000000;""><strong>بسم اللہ الرحمٰن الرحیم</strong></span></p>","<p style=""direction: rtl;""><span style=""font-size: 14pt; color: #000000;""><strong>الجواب بعون ملہم الصواب</strong></span></p><p style=""direction: rtl;""><span style=""font-size: 14pt; color: #000000;""><strong>(1) غیر مسلموں (مثلا ہندؤوں اور عیسائیوں وغیرہ) کے مذہبی تہوار یا ان کے مذہبی شعار کی تقریبات میں شرکت تشبہ بالکفار کی وجہ سے  سراسر ناجائز ہے۔ احادیث صحیحہ میں کفار و مشرکین اور یہود و نصاریٰ سے تشبہ اور ان کے شعائر کو اپنانے سے سختی کے ساتھ منع کیا گیا۔آنحضرتﷺ نے ایک حدیث میں فرمایا کہ :”من تشبہ بقوم فھو منھم” ( جس نے کسی قوم سے مشابہت اختیار کی وہ انہی میں سے ہوگا)نیز جس طرح شرکیہ امور یا ناجائز امور کا ارتکاب  خود ناجائز ہے اسی طرح اپنے کسی عمل سے  ان امور کی تائید و تقویت اور ان امور کے مرتکبین کی رونق بڑھانا بھی ناجائز ہے۔ لہذا ایسٹر، ہولی، دیوالی اور کرسمس وغیرہ مذہبی تہواروں میں  شرکت سے ہر مسلمان پر اجتناب لازم ہے۔واضح رہے کہ غیر مسلموں کے مذہبی تہوار میں شرکت اگر ان تہواروں کی عظمت یا محبت کی وجہ سے ہو تو اس کی بعض صورتوں کو فقہاء کرام نے کفر لکھا ہے۔</strong></span></p><p style=""direction: rtl;""><span style=""font-size: 14pt; color: #000000;""><strong>من کثر سواد قوم  فھو منھم  ومن رضی علی قوم کان شریک من عملہ (جامع الحدیث 21/345)</strong></span></p><p style=""direction: rtl;""><span style=""font-size: 14pt; color: #000000;""><strong>قال العلامۃ المناوی فی شرحہ: ای من کثر سواد قوم بان ساکنھم وعاشرھم وناصرھم فھو منھم وان لم یکن من قبیلتھم او بلدھم ۔</strong></span></p><p style=""direction: rtl;""><span style=""font-size: 14pt; color: #000000;""><strong>فیض القدیر 6/156</strong></span></p><p style=""direction: rtl;""><span style=""font-size: 14pt; color: #000000;""><strong>وفی الدر المختار  6 /537</strong></span></p><p style=""direction: rtl;""><span style=""font-size: 14pt; color: #000000;""><strong>قال علیہ الصلوٰۃ والسلام من کثر سواد قوم فھو منھم قلت فاذا کان مکثر سوادھم منھم وان لم یتزی بزیھم فکیف بمن تزیا قالہ الزاھدی</strong></span></p><p style=""direction: rtl;""><span style=""font-size: 14pt; color: #000000;""><strong>فتاویٰ محمودیہ جلد 29 صفحہ 353 میں ہندؤوں کے مذہبی تہوار میں شرکت سے متعلق ایک سوال کے جواب میں حضرت مفتی صاحب فرماتے ہیں:</strong></span></p><p style=""direction: rtl;""><span style=""font-size: 14pt; color: #000000;""><strong>“یہ سب باتیں ناجائز اور گناہ ہیں ، اگر ہندؤؤں کے تہوار کی تعظیم کے لیے چندہ دیتا ہے اور شرکت کرتا ہے تو یہ کفر ہے، مسلمان کو ایسے امور سے توبہ ضروری ہے۔”</strong></span></p><p style=""direction: rtl;""><span style=""font-size: 14pt; color: #000000;""><strong>“رجل اشتری یوم النیروز شیئا لم یکن یشتریہ قبل ذلک ان اراج بہ تعظیم النیروز کما یعظمہ المشرکون  کفر” ( مجموعہ فتاوی 2/215)</strong></span></p><p style=""direction: rtl;""><span style=""font-size: 14pt; color: #000000;""><strong>صفحہ 355 پر لکھتے ہیں:</strong></span></p><p style=""direction: rtl;""><span style=""font-size: 14pt; color: #000000;""><strong>” یہ میلے ہندؤوں کے مخصوص قومی اور مذہبی میلے ہیں ، ان میں جا کر ان کی رونق کو بڑھانا ناجائز ہے ،مسلمانوں کو ان سے اجتناب ضروری ہے”</strong></span></p><p style=""direction: rtl;""><span style=""font-size: 14pt; color: #000000;""><strong>اور جہاں تک غیر مسلموں کے ان تہواروں میں شرکت کا تعلق ہے جو مذہبی نہ ہوں بلکہ صرف معاشرتی ہوں ، مگر بنیادی طور پر غیر مسلموں کی تہذیب و معاشرت سے لیے گئے ہوں تو ان میں بھی مسلمانوں کو شرکت سے بچنا لازم ہے؛ کیونکہ جس چیز کی شریعت میں کوئی بنیاد نہ ہو بلکہ غیر مسلم معاشرے کا طریقہ ہو یا انہی کا چلایا ہوا ہو ،ان کی تہذیب کا حصہ ہو تو مسلمانوں کو ایسے تہوار منانے، ان میں شرکت کرنے اور اپنے قول و عمل سے ان کی رونق بڑھانے سے اجتناب کرنا بھی غیرتِ ایمانی کا تقاضہ ہے۔ لہذا غیر مسلموں کی طرح محض رسم پوری کرنے کی غرض سے مدر ڈے،فادر ڈے یا بلیک فرائیڈے وغیرہ منانے سے بھی مسلمانوں کو حتیٰ الامکان اجتناب کرنا چاہئیے۔ نیز مدر ڈے، فادر ڈے منانے میں ایک خرابی یہ بھی ہے کہ اس سے یہ تأثر ملتا ہے کہ ماں باپ(والدین) سے سال میں ایک مرتبہ اظہارِ محبت یا ان کی عزت و احترام  کا سال میں ایک مرتبہ خیال کرلینا کافی ہے ،اور اس سے ان کا حق ادا ہوجائیگا ۔ حالانکہ اسلامی تعلیمات کی رو سے ماں باپ کی عزت و ادب کو ملحوظ رکھنا اولاد پر ہر وقت اور ہر دن لازم ہے، اس کا سال کے کسی خاص دن یا کسی خاص وقت      سے تعلق نہیں۔</strong></span></p><p style=""direction: rtl;""><span style=""font-size: 14pt; color: #000000;""><strong>فتاویٰ محمودیہ جلد 29 صفحہ 352 میں خلافِ شرع میلوں میں شرکت  کے متعلق ایک سوال کا جواب دیتے ہوئے  حضرت مفتی صاحب لکھتے ہیں:</strong></span></p><p style=""direction: rtl;""><span style=""font-size: 14pt; color: #000000;""><strong>” جس طرح خلافِ شرع اور شرکیہ  امور کا ارتکاب ممنوع ہے ایسی جگہ جاکر ان کی رونق میں اضافہ کرنا بھی ممنوع ہے”</strong></span></p><p style=""direction: rtl;""><span style=""font-size: 14pt; color: #000000;""><strong>(2) جہاں غیر مسلموں کے مذہبی تہوار ہورہے ہوں وہاں مسلمان تاجروں کو دکان سجانے کی غرض سے جانےمیں بھی اوپر مذکور بعض  قباحتیں پائی جاتی ہیں ۔اس لیے اس سے بھی اجتناب چاہیے۔</strong></span></p><p style=""direction: rtl;""><span style=""font-size: 14pt; color: #000000;""><strong>(3) کسی دکاندار یا تاجر  کے لیے اس نیت سے چیزوں میں ڈسکاؤنٹ کرنا تو درست نہیں کہ اس ڈسکاؤنٹ کو دیکھ کر غیر مسلم اپنے مذہبی تہوار میں ان کو خریدے؛ کیونکہ یہ بھی غیر مسلموں کے مذہبی تہوار میں ایک طرح کی شرکت اور تعاون ہے ۔ البتہ اگر کوئی تاجر اپنے  مفاد کو مدِ نظر رکھ کر کسی ناجائز کام کا ارتکاب کیے بغیر ایسے موقع پر جائز چیزوں کی خریدو فروخت بڑھانے کے لیے چیزوں پر رعایت کی پیشکش کرے تو اس کی گنجائش ہے ، کمائی حرام نہیں۔</strong></span></p><p style=""direction: rtl;""><span style=""font-size: 14pt; color: #000000;""><strong>(4) جو چیزیں صرف غیر مسلموں کے تہوار ہی کے لیے خاص ہوں ، اور ان کا کوئی دوسرا جائز مصرف نہ ہو ،ایسی چیزوں کی خریدوفروخت ممنوع ہوگی۔</strong></span></p><p style=""direction: rtl;""><span style=""font-size: 14pt; color: #000000;""><strong>فی البحر الرائق 8/558</strong></span></p><p style=""direction: rtl;""><span style=""font-size: 14pt; color: #000000;""><strong>قال رحمہ اللہ ( والاعطاء باسم النیروز والمھرجان لایجوز) ای الھدایا باسم ھذین الیومین حرام بل کفر</strong></span></p><p style=""direction: rtl;""><span style=""font-size: 14pt; color: #000000;""><strong>وقال ابو حفص الکبیر رحمہ اللہ لو ان رجلا عبد اللہ تعالی خمسین سنۃ ثم جاء النیروز واھدی الی بعض المشرکین بیضۃ یرید تعظیم ذلک الیوم فقد کفر وحبط عملہ وقال صاحب جامع الاصغر اذا اھدی یوم النیروز الی مسلم آخر ولم یرد بہ  تعظیم الیوم ولکن علی ما اعتادہ بعض الناس  لا یکفر ولکن ینبغی لہ ان لا یفعل ذلک  الیوم خاصہ ویفعلہ قبلہ او  بعدہ لکیلا یکون تشبیھا  باؤلئک القوم وقد قال من تشبہ بقوم فھو منھم </strong></span></p><p style=""direction: rtl;""><span style=""font-size: 14pt; color: #000000;""><strong>۔۔۔۔ الجامع </strong><strong>الاصغر رجل اشتری یوم النیروز وشیئا یشتریہ الکفرۃ منہ وھو لم یکن یشتریہ قبل ذلک ان اراد بہ تعظیم ذلک الیوم کما تعظمہ۔۔۔۔۔۔۔۔۔۔کفر وان اراد الاکل والشرب والتنعم لایکفر۔</strong></span></p><p style=""direction: rtl;""><span style=""font-size: 14pt; color: #000000;""><strong>(5) جو چیزیں صرف غیر مسلموں کے تہوار کے لیے مختص نہ ہوں ، بلکہ ان کا کوئی دوسرا جائز استعمال بھی ہو  تو ایسی چیزوں کی خریدو فروخت جائز ہے، تاہم اگر کسی کے بارے میں پہلے سے علم ہو کہ وہ ان چیزوں کی خریداری ان تہواروں میں استعمال کرنے کی غرض سے کررہا ہے اس کے ہاتھ یہ چیزیں فروخت کرنا کراہت سے خالی نہیں۔اس سے بچنا چاہیئے۔</strong></span></p><p style=""direction: rtl;""><span style=""font-size: 14pt; color: #000000;""><strong>نوٹ: غیر اسلامی تہذیب سے متأثر ہو کر دن منانے اور اس میں چیزوں کی فروخت کا حکم اوپر تحریر کردیا گیا ہے،مسلمان تاجروں کو ایسے دن منانے کے بجائے ،امانت،دیانت اور صداقت کا طریقہ اختیار کرکہ مثالی مسلمان تاجر بننا چاہیئے، اور رمضان المبارک میں جسے شہر المواساۃ یعنی غمخواری کا مہینہ قرار دیا گیا ہے، اپنی چیزوں کو سستے داموں بیچ کر مسلمانوں کی مدد کرنی چاہیئے ۔ رمضان المبارک،عید الفطر، عید الاضحی وغیرہ کے دنوں میں اگر رعایتی سیل لگائی جائے تو اچھی نیت سے ثواب ملے گااور وہ کاروباری فوائد بھی حاصل ہوں گے جو تاجروں کی کاروباری ضرورت ہے۔</strong></span></p><p style=""direction: rtl;""><span style=""font-size: 14pt; color: #000000;""><strong> واللہ اعلم بالصواب</strong></span></p><p style=""direction: rtl;""><span style=""font-size: 14pt; color: #000000;""><strong>دارالافتاء جامعہ دار العلوم کراچی</strong></span></p><p style=""direction: rtl;""><span style=""font-size: 14pt; color: #000000;"">عربی حوالہ جات اور مکمل فتویٰ پی ڈی ایف فائل میں حاصل کرنے کے لیے دیے گئے لنک پر کلک کریں :</span></p><p style=""direction: rtl;""><a href=""https://www.facebook.com/groups/497276240641626/533078527061397/"">https://www.facebook.com/groups/497276240641626/533078527061397/</a></p>"
