link,title,question_html,answer_html,fatwa_number,issued_at,category_lvl_1,category_lvl_2,html_container,dar_ul_ifta
https://darultaqwa.org/kidney-transplant-ka-hukam/,گردہ کی پیوند کاری کا حکم,<p>ایک مریض جس کے گردے ناکارہ ہو گئے ہیں ڈاکٹروں کے بقول وہ مریض خرچہ کر کے اپنے لئے گردوں کا بندوبست کر سکتا ہے ۔اگر ایسا مریض جس کے گردے ناکارہ ہو چکے ہوں اپنے کسی دوست کے ذریعے بندوبست کرتا ہے تو اس دوست کیلئے کسی حالت میں یہ جائز ہے یا نہیں۔؟</p>,<p>کسی دوسرے انسان کا اعضاءلگانا یا لگوانا جائز نہیں ہےفقط واللہ تعالیٰ اعلم</p>, 1-132, 23 اکتوبر 2006,حظر و اباحت,منتقل شدہ فی حظر و اباحت,"<div class=""blog-detail"">
<div class=""blog-detail-inf brd-rd5"">
<div class=""blog-detail-inf-inr"">
<ul class=""pst-mta"">
<li>
<b>فتوی نمبر: </b>1-132<i aria-hidden=""true"" class=""theme-clr fa fa-calendar-check-o""></i> </li>
<li>
<b>تاریخ: </b>23 اکتوبر 2006													<i aria-hidden=""true"" class=""theme-clr fa fa-calendar-check-o""></i>
</li>
<li>
<b>عنوانات: </b><a class=""brd-rd5 topic-sm"" href=""https://darultaqwa.org/hazr-ibahat/"" itemprop=""url"">حظر و اباحت</a> &gt; <a class=""brd-rd5 topic-sm"" href=""https://darultaqwa.org/hazr-ibahat/%d9%85%d9%86%d8%aa%d9%82%d9%84-%d8%b4%d8%af%db%81-%d9%81%db%8c-%d8%ad%d8%b8%d8%b1-%d9%88-%d8%a7%d8%a8%d8%a7%d8%ad%d8%aa/"" itemprop=""url"">منتقل شدہ فی حظر و اباحت</a> <i aria-hidden=""true"" class=""fa fa-folder-open-o theme-clr""></i>
</li>
</ul>
</div>
</div>
<div class=""blog-detail-desc event-detail-desc"">
<h3 class=""fatwa-qa"">استفتاء</h3>
<p>ایک مریض جس کے گردے ناکارہ ہو گئے ہیں ڈاکٹروں کے بقول وہ مریض خرچہ کر کے اپنے لئے گردوں کا بندوبست کر سکتا ہے ۔اگر ایسا مریض جس کے گردے ناکارہ ہو چکے ہوں اپنے کسی دوست کے ذریعے بندوبست کرتا ہے تو اس دوست کیلئے کسی حالت میں یہ جائز ہے یا نہیں۔؟</p>
<h3 class=""fatwa-ans"">الجواب :بسم اللہ حامداًومصلیاً</h3>
<p>کسی دوسرے انسان کا اعضاءلگانا یا لگوانا جائز نہیں ہےفقط واللہ تعالیٰ اعلم</p>
<div class=""pst-shr-tgs"">
<div class=""scl1 float-left"">
<span>Share This: </span>
<a data-placement=""top"" data-toggle=""tooltip"" href=""https://www.facebook.com/sharer/sharer.php?u=https%3A%2F%2Fdarultaqwa.org%2Fkidney-transplant-ka-hukam%2F"" itemprop=""url"" target=""_blank"" title=""Facebook""><i class=""fa fa-facebook""></i></a><a data-placement=""top"" data-toggle=""tooltip"" href=""https://twitter.com/intent/tweet?text=گردہ%20کی%20پیوند%20کاری%20کا%20حکم&amp;url=https%3A%2F%2Fdarultaqwa.org%2Fkidney-transplant-ka-hukam%2F"" itemprop=""url"" target=""_blank"" title=""Twitter""><i class=""fa fa-twitter""></i></a><a data-placement=""top"" data-toggle=""tooltip"" href=""https://plus.google.com/share?url=https%3A%2F%2Fdarultaqwa.org%2Fkidney-transplant-ka-hukam%2F"" itemprop=""url"" target=""_blank"" title=""Google Plus""><i class=""fa fa-google-plus""></i></a><a data-placement=""top"" data-toggle=""tooltip"" href=""http://www.linkedin.com/shareArticle?mini=true&amp;url=https%3A%2F%2Fdarultaqwa.org%2Fkidney-transplant-ka-hukam%2F"" itemprop=""url"" target=""_blank"" title=""Linkedin""><i class=""fa fa-linkedin""></i></a> </div>
</div>
</div>
</div>",darultaqwa.org
https://darultaqwa.org/naukri-ke-liye-wazifa-karna/,نوکری کیلئے وظیفہ کرنا,<p>میں نوکری کے سلسلے میں بہت پریشان ہوں بہت سی جگہوں پر درخواست بھیجی مگر کوئی کامیابی نہیں ہوئی ۔میرا دل چاہتا ہے کہ مجھے اٹامک انرجی میں حلال روزگار میسر آ جائے ۔براہِ کرم کوئی ایسا وظیفہ یا عمل تجویز فرمادیں تاکہ میرا مسئلہ حل ہو جائے۔</p>,<p>صلوة الحاجت پڑھ کر اللہ تعالیٰ سے دعا مانگیں اور سورہ یسٰین کو ”۷مبینوں”کے ساتھ ختم کریں جس کا طریقہ یہ ہے کہ سورہ یٰسین شروع سے پڑھیں اور جب پہلے مبین پر پہنچیں تو پھر شروع سے پڑھیں اور جب دوسرے مبین پر پہنچیں تو پھر شروع سے پڑھیں اسی طرح جب تیسرے اور چوتھے اور پانچویں اور چھٹے اور ساتویں مبین پر پہنچیں تو ہر دفعہ سورہ یٰسین شروع سے پڑھیں اور آخری مرتبہ میں سورہ یٰسین آخر تک پرھیں ۔یہ عمل کریں اللہ تعالیٰ آسانی فرمائیں گے ۔فقط واللہ تعالیٰ اعلم</p>, 1-105, 06 اکتوبر 2006,حظر و اباحت,منتقل شدہ فی حظر و اباحت,"<div class=""blog-detail"">
<div class=""blog-detail-inf brd-rd5"">
<div class=""blog-detail-inf-inr"">
<ul class=""pst-mta"">
<li>
<b>فتوی نمبر: </b>1-105<i aria-hidden=""true"" class=""theme-clr fa fa-calendar-check-o""></i> </li>
<li>
<b>تاریخ: </b>06 اکتوبر 2006													<i aria-hidden=""true"" class=""theme-clr fa fa-calendar-check-o""></i>
</li>
<li>
<b>عنوانات: </b><a class=""brd-rd5 topic-sm"" href=""https://darultaqwa.org/hazr-ibahat/"" itemprop=""url"">حظر و اباحت</a> &gt; <a class=""brd-rd5 topic-sm"" href=""https://darultaqwa.org/hazr-ibahat/%d9%85%d9%86%d8%aa%d9%82%d9%84-%d8%b4%d8%af%db%81-%d9%81%db%8c-%d8%ad%d8%b8%d8%b1-%d9%88-%d8%a7%d8%a8%d8%a7%d8%ad%d8%aa/"" itemprop=""url"">منتقل شدہ فی حظر و اباحت</a> <i aria-hidden=""true"" class=""fa fa-folder-open-o theme-clr""></i>
</li>
</ul>
</div>
</div>
<div class=""blog-detail-desc event-detail-desc"">
<h3 class=""fatwa-qa"">استفتاء</h3>
<p>میں نوکری کے سلسلے میں بہت پریشان ہوں بہت سی جگہوں پر درخواست بھیجی مگر کوئی کامیابی نہیں ہوئی ۔میرا دل چاہتا ہے کہ مجھے اٹامک انرجی میں حلال روزگار میسر آ جائے ۔براہِ کرم کوئی ایسا وظیفہ یا عمل تجویز فرمادیں تاکہ میرا مسئلہ حل ہو جائے۔</p>
<h3 class=""fatwa-ans"">الجواب :بسم اللہ حامداًومصلیاً</h3>
<p>صلوة الحاجت پڑھ کر اللہ تعالیٰ سے دعا مانگیں اور سورہ یسٰین کو ”۷مبینوں”کے ساتھ ختم کریں جس کا طریقہ یہ ہے کہ سورہ یٰسین شروع سے پڑھیں اور جب پہلے مبین پر پہنچیں تو پھر شروع سے پڑھیں اور جب دوسرے مبین پر پہنچیں تو پھر شروع سے پڑھیں اسی طرح جب تیسرے اور چوتھے اور پانچویں اور چھٹے اور ساتویں مبین پر پہنچیں تو ہر دفعہ سورہ یٰسین شروع سے پڑھیں اور آخری مرتبہ میں سورہ یٰسین آخر تک پرھیں ۔یہ عمل کریں اللہ تعالیٰ آسانی فرمائیں گے ۔فقط واللہ تعالیٰ اعلم</p>
<div class=""pst-shr-tgs"">
<div class=""scl1 float-left"">
<span>Share This: </span>
<a data-placement=""top"" data-toggle=""tooltip"" href=""https://www.facebook.com/sharer/sharer.php?u=https%3A%2F%2Fdarultaqwa.org%2Fnaukri-ke-liye-wazifa-karna%2F"" itemprop=""url"" target=""_blank"" title=""Facebook""><i class=""fa fa-facebook""></i></a><a data-placement=""top"" data-toggle=""tooltip"" href=""https://twitter.com/intent/tweet?text=نوکری%20کیلئے%20وظیفہ%20کرنا&amp;url=https%3A%2F%2Fdarultaqwa.org%2Fnaukri-ke-liye-wazifa-karna%2F"" itemprop=""url"" target=""_blank"" title=""Twitter""><i class=""fa fa-twitter""></i></a><a data-placement=""top"" data-toggle=""tooltip"" href=""https://plus.google.com/share?url=https%3A%2F%2Fdarultaqwa.org%2Fnaukri-ke-liye-wazifa-karna%2F"" itemprop=""url"" target=""_blank"" title=""Google Plus""><i class=""fa fa-google-plus""></i></a><a data-placement=""top"" data-toggle=""tooltip"" href=""http://www.linkedin.com/shareArticle?mini=true&amp;url=https%3A%2F%2Fdarultaqwa.org%2Fnaukri-ke-liye-wazifa-karna%2F"" itemprop=""url"" target=""_blank"" title=""Linkedin""><i class=""fa fa-linkedin""></i></a> </div>
</div>
</div>
</div>",darultaqwa.org
https://darultaqwa.org/farmi-murghi-ki-khurak-aur-uska-istemal/,فارمی مرغی کی خوراک اور اس کا استعمال,<p>آجکل جو فارمی مرغیاں تیار کی جا رہی ہیں ان کی خوراک میں سور کا خون اور چربی استعمال کی جاتی ہے ان کو فربہ کرنے کیلئے۔ گورنمنٹ نے مغلپورہ ڈرائی پورٹ سے پچاس کینٹینر پکڑے ہیں اور پی،سی،ایس،آئی،آر لیبارٹریز نے تصدیق کی ہے کہ اسمیں سور کا خون اور چربی شامل ہے جسکی تصدیق کیلئے اخبارات کے تراشے منسلک ہیں اوربرڈ فلو کی بیماری جو ملک میں عام ہے اسی وجہ سے ہے۔ معلوم نہیں کب سے یہ کام جاری ہے اور کب تک رہیگا۔</p><p>نیز اپنے ملک میں پولٹری کیلئے جو خوراک تیا ر کی جاتی ہے ۔اس کے بارے میں سننے میں آیا ہے کہ خون ،مردار کا گوشت اور ہڈیاں فیڈ میں استعمال کی جاتی ہیں اس لئے آپ ازروئے شرع واضح فرمائیں کہ ان حالات میں فارمی مرغی کا استعمال جائز ہے یا نہیں؟</p>,<p>ان حرام چیزوں کے فیڈ میں شامل ہونے سے مرغی کا گوشت حرام نہیں ہوتا ۔استعمال کی گنجائش ہے۔ اگر طبی طور پر نقصان دیتا ہو تو ماہرین کی تحقیقاتی اصل رپورٹیں سامنے لائیں ۔اخباری تراشے اس سلسلے میں کچھ مفید نہیں ہیں۔فقط واللہ تعالیٰ اعلم</p>, 1-130, 31 اگست 2006,حظر و اباحت,کھانے پینے کی اشیاء,"<div class=""blog-detail"">
<div class=""blog-detail-inf brd-rd5"">
<div class=""blog-detail-inf-inr"">
<ul class=""pst-mta"">
<li>
<b>فتوی نمبر: </b>1-130<i aria-hidden=""true"" class=""theme-clr fa fa-calendar-check-o""></i> </li>
<li>
<b>تاریخ: </b>31 اگست 2006													<i aria-hidden=""true"" class=""theme-clr fa fa-calendar-check-o""></i>
</li>
<li>
<b>عنوانات: </b><a class=""brd-rd5 topic-sm"" href=""https://darultaqwa.org/hazr-ibahat/"" itemprop=""url"">حظر و اباحت</a> &gt; <a class=""brd-rd5 topic-sm"" href=""https://darultaqwa.org/hazr-ibahat/khany-peny-ashya/"" itemprop=""url"">کھانے پینے کی اشیاء</a> <i aria-hidden=""true"" class=""fa fa-folder-open-o theme-clr""></i>
</li>
</ul>
</div>
</div>
<div class=""blog-detail-desc event-detail-desc"">
<h3 class=""fatwa-qa"">استفتاء</h3>
<p>آجکل جو فارمی مرغیاں تیار کی جا رہی ہیں ان کی خوراک میں سور کا خون اور چربی استعمال کی جاتی ہے ان کو فربہ کرنے کیلئے۔ گورنمنٹ نے مغلپورہ ڈرائی پورٹ سے پچاس کینٹینر پکڑے ہیں اور پی،سی،ایس،آئی،آر لیبارٹریز نے تصدیق کی ہے کہ اسمیں سور کا خون اور چربی شامل ہے جسکی تصدیق کیلئے اخبارات کے تراشے منسلک ہیں اوربرڈ فلو کی بیماری جو ملک میں عام ہے اسی وجہ سے ہے۔ معلوم نہیں کب سے یہ کام جاری ہے اور کب تک رہیگا۔</p>
<p>نیز اپنے ملک میں پولٹری کیلئے جو خوراک تیا ر کی جاتی ہے ۔اس کے بارے میں سننے میں آیا ہے کہ خون ،مردار کا گوشت اور ہڈیاں فیڈ میں استعمال کی جاتی ہیں اس لئے آپ ازروئے شرع واضح فرمائیں کہ ان حالات میں فارمی مرغی کا استعمال جائز ہے یا نہیں؟</p>
<h3 class=""fatwa-ans"">الجواب :بسم اللہ حامداًومصلیاً</h3>
<p>ان حرام چیزوں کے فیڈ میں شامل ہونے سے مرغی کا گوشت حرام نہیں ہوتا ۔استعمال کی گنجائش ہے۔ اگر طبی طور پر نقصان دیتا ہو تو ماہرین کی تحقیقاتی اصل رپورٹیں سامنے لائیں ۔اخباری تراشے اس سلسلے میں کچھ مفید نہیں ہیں۔فقط واللہ تعالیٰ اعلم</p>
<div class=""pst-shr-tgs"">
<div class=""scl1 float-left"">
<span>Share This: </span>
<a data-placement=""top"" data-toggle=""tooltip"" href=""https://www.facebook.com/sharer/sharer.php?u=https%3A%2F%2Fdarultaqwa.org%2Ffarmi-murghi-ki-khurak-aur-uska-istemal%2F"" itemprop=""url"" target=""_blank"" title=""Facebook""><i class=""fa fa-facebook""></i></a><a data-placement=""top"" data-toggle=""tooltip"" href=""https://twitter.com/intent/tweet?text=فارمی%20مرغی%20کی%20خوراک%20اور%20اس%20کا%20استعمال&amp;url=https%3A%2F%2Fdarultaqwa.org%2Ffarmi-murghi-ki-khurak-aur-uska-istemal%2F"" itemprop=""url"" target=""_blank"" title=""Twitter""><i class=""fa fa-twitter""></i></a><a data-placement=""top"" data-toggle=""tooltip"" href=""https://plus.google.com/share?url=https%3A%2F%2Fdarultaqwa.org%2Ffarmi-murghi-ki-khurak-aur-uska-istemal%2F"" itemprop=""url"" target=""_blank"" title=""Google Plus""><i class=""fa fa-google-plus""></i></a><a data-placement=""top"" data-toggle=""tooltip"" href=""http://www.linkedin.com/shareArticle?mini=true&amp;url=https%3A%2F%2Fdarultaqwa.org%2Ffarmi-murghi-ki-khurak-aur-uska-istemal%2F"" itemprop=""url"" target=""_blank"" title=""Linkedin""><i class=""fa fa-linkedin""></i></a> </div>
</div>
</div>
</div>",darultaqwa.org
https://darultaqwa.org/gold-button/,سونے کے بٹن کا استعمال,<p>فتاوی دارالعلوم دیوبند کے اندر سونے کے بٹنوں کا مردوں اور عورتوں کیلئے جواز کا فتوی دیا گیا ہے اور ان بٹنوں سے کونسے بٹن مراد ہیں کیونکہ عرف میں کئی اقسام کے بٹن مستعمل ہیں ۔مثلاً سٹڈ،ڈیمس چین والے ،ٹھپے والے،کاسٹنگ والے،نگوں والے وغیرہ ۔جواب سے مستفید فرمائیں۔</p>,<p>فتاوی دارالعلوم دیوبند کے اندر سونے کے جن بٹنوں کا ذکر ہے ان سے مراد کپڑے یا دھاگے کے وہ بٹن ہیں جن پر سونے چاندی کا تار چڑھا ہوا ہو اور وہ کپڑے میں سلے ہوئے ہوں ایسے بٹنوں کا استعمال جائز ہے ۔تفصیل کیلئے ملاحظہ ہو امدادالفتاوی ص۱۳۱ج۴</p>, 1-123, 23 جولائی 2006,حظر و اباحت,زیب و زینت و بناؤ سنگھار,"<div class=""blog-detail"">
<div class=""blog-detail-inf brd-rd5"">
<div class=""blog-detail-inf-inr"">
<ul class=""pst-mta"">
<li>
<b>فتوی نمبر: </b>1-123<i aria-hidden=""true"" class=""theme-clr fa fa-calendar-check-o""></i> </li>
<li>
<b>تاریخ: </b>23 جولائی 2006													<i aria-hidden=""true"" class=""theme-clr fa fa-calendar-check-o""></i>
</li>
<li>
<b>عنوانات: </b><a class=""brd-rd5 topic-sm"" href=""https://darultaqwa.org/hazr-ibahat/"" itemprop=""url"">حظر و اباحت</a> &gt; <a class=""brd-rd5 topic-sm"" href=""https://darultaqwa.org/hazr-ibahat/zib-zenat-banao-sanghar/"" itemprop=""url"">زیب و زینت و بناؤ سنگھار</a> <i aria-hidden=""true"" class=""fa fa-folder-open-o theme-clr""></i>
</li>
</ul>
</div>
</div>
<div class=""blog-detail-desc event-detail-desc"">
<h3 class=""fatwa-qa"">استفتاء</h3>
<p>فتاوی دارالعلوم دیوبند کے اندر سونے کے بٹنوں کا مردوں اور عورتوں کیلئے جواز کا فتوی دیا گیا ہے اور ان بٹنوں سے کونسے بٹن مراد ہیں کیونکہ عرف میں کئی اقسام کے بٹن مستعمل ہیں ۔مثلاً سٹڈ،ڈیمس چین والے ،ٹھپے والے،کاسٹنگ والے،نگوں والے وغیرہ ۔جواب سے مستفید فرمائیں۔</p>
<h3 class=""fatwa-ans"">الجواب :بسم اللہ حامداًومصلیاً</h3>
<p>فتاوی دارالعلوم دیوبند کے اندر سونے کے جن بٹنوں کا ذکر ہے ان سے مراد کپڑے یا دھاگے کے وہ بٹن ہیں جن پر سونے چاندی کا تار چڑھا ہوا ہو اور وہ کپڑے میں سلے ہوئے ہوں ایسے بٹنوں کا استعمال جائز ہے ۔تفصیل کیلئے ملاحظہ ہو امدادالفتاوی ص۱۳۱ج۴</p>
<div class=""pst-shr-tgs"">
<div class=""scl1 float-left"">
<span>Share This: </span>
<a data-placement=""top"" data-toggle=""tooltip"" href=""https://www.facebook.com/sharer/sharer.php?u=https%3A%2F%2Fdarultaqwa.org%2Fgold-button%2F"" itemprop=""url"" target=""_blank"" title=""Facebook""><i class=""fa fa-facebook""></i></a><a data-placement=""top"" data-toggle=""tooltip"" href=""https://twitter.com/intent/tweet?text=سونے%20کے%20بٹن%20کا%20استعمال&amp;url=https%3A%2F%2Fdarultaqwa.org%2Fgold-button%2F"" itemprop=""url"" target=""_blank"" title=""Twitter""><i class=""fa fa-twitter""></i></a><a data-placement=""top"" data-toggle=""tooltip"" href=""https://plus.google.com/share?url=https%3A%2F%2Fdarultaqwa.org%2Fgold-button%2F"" itemprop=""url"" target=""_blank"" title=""Google Plus""><i class=""fa fa-google-plus""></i></a><a data-placement=""top"" data-toggle=""tooltip"" href=""http://www.linkedin.com/shareArticle?mini=true&amp;url=https%3A%2F%2Fdarultaqwa.org%2Fgold-button%2F"" itemprop=""url"" target=""_blank"" title=""Linkedin""><i class=""fa fa-linkedin""></i></a> </div>
</div>
</div>
</div>",darultaqwa.org
https://darultaqwa.org/kiraya-mein-takhfeef-ke-liye-tasweer-banwana/,کرایہ میں تخفیف کیلئے تصویر بنوانا,<p>بسوں کے کرایہ میں تخفیف کیلئے تصویر بنوانے کی شرعی حیثیت کیا ہے ؟ اگر گنجائش ہے تو کس حد تک ہے؟</p>,<p>جن طلبہ کی مالی حیثیت کمزور ہو اور وہ بس کے پورے کرایہ کے متحمل نہ ہوں وہ بنوالیں جبکہ وہ طلبہ جنکو بس میں سفر کی حاجت نہ ہو یا وہ پورے کرایہ کے متحمل ہوں تو وہ اس کے بنوانے سے پر ہیز کریں۔فقط واللہ تعالیٰ اعلم</p>, 1-90, 14 جولائی 2006,حظر و اباحت,منتقل شدہ فی حظر و اباحت,"<div class=""blog-detail"">
<div class=""blog-detail-inf brd-rd5"">
<div class=""blog-detail-inf-inr"">
<ul class=""pst-mta"">
<li>
<b>فتوی نمبر: </b>1-90<i aria-hidden=""true"" class=""theme-clr fa fa-calendar-check-o""></i> </li>
<li>
<b>تاریخ: </b>14 جولائی 2006													<i aria-hidden=""true"" class=""theme-clr fa fa-calendar-check-o""></i>
</li>
<li>
<b>عنوانات: </b><a class=""brd-rd5 topic-sm"" href=""https://darultaqwa.org/hazr-ibahat/"" itemprop=""url"">حظر و اباحت</a> &gt; <a class=""brd-rd5 topic-sm"" href=""https://darultaqwa.org/hazr-ibahat/%d9%85%d9%86%d8%aa%d9%82%d9%84-%d8%b4%d8%af%db%81-%d9%81%db%8c-%d8%ad%d8%b8%d8%b1-%d9%88-%d8%a7%d8%a8%d8%a7%d8%ad%d8%aa/"" itemprop=""url"">منتقل شدہ فی حظر و اباحت</a> <i aria-hidden=""true"" class=""fa fa-folder-open-o theme-clr""></i>
</li>
</ul>
</div>
</div>
<div class=""blog-detail-desc event-detail-desc"">
<h3 class=""fatwa-qa"">استفتاء</h3>
<p>بسوں کے کرایہ میں تخفیف کیلئے تصویر بنوانے کی شرعی حیثیت کیا ہے ؟ اگر گنجائش ہے تو کس حد تک ہے؟</p>
<h3 class=""fatwa-ans"">الجواب :بسم اللہ حامداًومصلیاً</h3>
<p>جن طلبہ کی مالی حیثیت کمزور ہو اور وہ بس کے پورے کرایہ کے متحمل نہ ہوں وہ بنوالیں جبکہ وہ طلبہ جنکو بس میں سفر کی حاجت نہ ہو یا وہ پورے کرایہ کے متحمل ہوں تو وہ اس کے بنوانے سے پر ہیز کریں۔فقط واللہ تعالیٰ اعلم</p>
<div class=""pst-shr-tgs"">
<div class=""scl1 float-left"">
<span>Share This: </span>
<a data-placement=""top"" data-toggle=""tooltip"" href=""https://www.facebook.com/sharer/sharer.php?u=https%3A%2F%2Fdarultaqwa.org%2Fkiraya-mein-takhfeef-ke-liye-tasweer-banwana%2F"" itemprop=""url"" target=""_blank"" title=""Facebook""><i class=""fa fa-facebook""></i></a><a data-placement=""top"" data-toggle=""tooltip"" href=""https://twitter.com/intent/tweet?text=کرایہ%20میں%20تخفیف%20کیلئے%20تصویر%20بنوانا&amp;url=https%3A%2F%2Fdarultaqwa.org%2Fkiraya-mein-takhfeef-ke-liye-tasweer-banwana%2F"" itemprop=""url"" target=""_blank"" title=""Twitter""><i class=""fa fa-twitter""></i></a><a data-placement=""top"" data-toggle=""tooltip"" href=""https://plus.google.com/share?url=https%3A%2F%2Fdarultaqwa.org%2Fkiraya-mein-takhfeef-ke-liye-tasweer-banwana%2F"" itemprop=""url"" target=""_blank"" title=""Google Plus""><i class=""fa fa-google-plus""></i></a><a data-placement=""top"" data-toggle=""tooltip"" href=""http://www.linkedin.com/shareArticle?mini=true&amp;url=https%3A%2F%2Fdarultaqwa.org%2Fkiraya-mein-takhfeef-ke-liye-tasweer-banwana%2F"" itemprop=""url"" target=""_blank"" title=""Linkedin""><i class=""fa fa-linkedin""></i></a> </div>
</div>
</div>
</div>",darultaqwa.org
https://darultaqwa.org/ghar-mein-kai-afrad-hon-to-aurat-parda-kis-tarah-kare/,گھر میں کئی افراد ہوں تو عورت پردہ کس طرح کرے,<p>زید  (فرضی نام)نے اپنی بیٹی کا نکاح بکر کے بیٹے کیساتھ بعوض 2000 روپے حق مہر کے کیا ۔رخصتی سے قبل زید کا انتقال ہو گیا ۔ بعد میں قبل از رخصتی بکر اور(فرضی نام) کے بیٹوں میں چند باتوں میں اختلاف ہو گیا جو درجہ ذیل ہے(فرضی نام)کے بیٹو ں کا کہنا ہے کہ گھر کا ضروری سامان مثلاً واشنگ مشین ، چھوٹا فریج ، ایئر کولر ، برتن وغیرہ ایک بنیادی ضرورت ہے جو کہ بکر کے ذمہ ہے اس کی وجہ سے ہماری بہن کو بکر کے گھر میں شرعی پردہ میں آسانی رہے گی اور ٹھنڈے پانی یا کپڑے وغیرہ دھونے کیلئے گھر کے مختلف کمروں اور حصوں میں جانے کی ضرورت نہ ہو گی ۔ کیونکہ بکر کے بہت سارے بیٹے ہیں جن سے پردہ ذاتی سامان لئے بغیر ممکن نہیں ۔ اور بکر میں مذکورہ سامان لینے کی استعداد بھی ہے علاوہ ازیں اس قسم کا سامان ہر گھر کی ذاتی ضرورت ہے اور اس کے علاوہ دس تولے سونے کا مطالبہ کیا ہے کیونکہ بکر کا بیٹا عالمِ دین ہے اور اس وقت تخصص کا طالبعلم ہے تو (فرضی نام) مرحوم کے بیٹوں کے دس تولے سونے کا مطالبہ اس لئے ہے کیونکہ بکر کے بیٹے کا کوئی روزگار نہیں ہے ۔ بکر ان تمام قسم کے سامان کے مطالبہ کو شرعاً ممنوع سمجھتا ہے ۔ کیونکہ ان کا کہنا ہے کہ اس سے میرے گھر کا ماحول خراب ہو گا کیونکہ میں نے اس سے قبل ہر بہو کیلئے دو تولے سونا بنایا ہے اور گھر میں ایک اجتماعی واشنگ مشین اور فریج ہے۔سوال طلب امور یہ ہیں کہ</p><p>1۔واشنگ مشین فریج وغیرہ کا مطالبہ لڑکے کے والد سے اس زمانے کی ضرورت کے پیش نظر جبکہ بکر بآسانی یہ سامان خرید سکتا ہے شرعی لحاظ سے درست ہے ؟ اور اس میں بکر کی بات معتبر ہے یا کہ زید کے بیٹو ں کی ؟</p><p>2۔ مذکورہ مقدار میں سونے کا مطالبہ کیسا ہے کیو نکہ زید کے بیٹو ں کو اس کا خدشہ ہے کہ چونکہ برخوردار بکر اس وقت طالب علم ہے ۔ اور بعد میں بھی دینی خدمت کا ارادہ رکھتا ہے تا کہ یہ سونا بوقت ضرورت اس کے کام آسکے ۔</p><p>3۔ شادی کا ضروری سامان لڑکے والوں کے ذمہ ہے یا لڑکی والوں کے ۔جواب دیکر عند اللہ ماجور ہوں ۔</p>,<p>1۔ ایک گھر میں کئی افراد کے رہنے کی صورت میں عورت کیلئے اتنا پردہ بھی کافی ہے کہ ان کے سامنے ایک بڑی چادر سے اچھی طرح سے جسم کو ڈھانپ کر رکھے ۔ اور ان سے بلا ضرارت گفتگو نہ کرے اس وجہ سے زید کے بیٹوں کا بکر سے فریج اور واشنگ مشین کا مطالبہ درست نہیں ۔</p><p>2۔ *** کے بیٹوں کا دس تولے سونے کا مطالبہ درست نہیں۔فقط واللہ تعالیٰ اعلم</p>, 1-114, 13 جولائی 2006,حظر و اباحت,پردے کا بیان,"<div class=""blog-detail"">
<div class=""blog-detail-inf brd-rd5"">
<div class=""blog-detail-inf-inr"">
<ul class=""pst-mta"">
<li>
<b>فتوی نمبر: </b>1-114<i aria-hidden=""true"" class=""theme-clr fa fa-calendar-check-o""></i> </li>
<li>
<b>تاریخ: </b>13 جولائی 2006													<i aria-hidden=""true"" class=""theme-clr fa fa-calendar-check-o""></i>
</li>
<li>
<b>عنوانات: </b><a class=""brd-rd5 topic-sm"" href=""https://darultaqwa.org/hazr-ibahat/"" itemprop=""url"">حظر و اباحت</a> &gt; <a class=""brd-rd5 topic-sm"" href=""https://darultaqwa.org/hazr-ibahat/parda-bayan/"" itemprop=""url"">پردے کا بیان</a> <i aria-hidden=""true"" class=""fa fa-folder-open-o theme-clr""></i>
</li>
</ul>
</div>
</div>
<div class=""blog-detail-desc event-detail-desc"">
<h3 class=""fatwa-qa"">استفتاء</h3>
<p>زید  (فرضی نام)نے اپنی بیٹی کا نکاح بکر کے بیٹے کیساتھ بعوض 2000 روپے حق مہر کے کیا ۔رخصتی سے قبل زید کا انتقال ہو گیا ۔ بعد میں قبل از رخصتی بکر اور(فرضی نام) کے بیٹوں میں چند باتوں میں اختلاف ہو گیا جو درجہ ذیل ہے(فرضی نام)کے بیٹو ں کا کہنا ہے کہ گھر کا ضروری سامان مثلاً واشنگ مشین ، چھوٹا فریج ، ایئر کولر ، برتن وغیرہ ایک بنیادی ضرورت ہے جو کہ بکر کے ذمہ ہے اس کی وجہ سے ہماری بہن کو بکر کے گھر میں شرعی پردہ میں آسانی رہے گی اور ٹھنڈے پانی یا کپڑے وغیرہ دھونے کیلئے گھر کے مختلف کمروں اور حصوں میں جانے کی ضرورت نہ ہو گی ۔ کیونکہ بکر کے بہت سارے بیٹے ہیں جن سے پردہ ذاتی سامان لئے بغیر ممکن نہیں ۔ اور بکر میں مذکورہ سامان لینے کی استعداد بھی ہے علاوہ ازیں اس قسم کا سامان ہر گھر کی ذاتی ضرورت ہے اور اس کے علاوہ دس تولے سونے کا مطالبہ کیا ہے کیونکہ بکر کا بیٹا عالمِ دین ہے اور اس وقت تخصص کا طالبعلم ہے تو (فرضی نام) مرحوم کے بیٹوں کے دس تولے سونے کا مطالبہ اس لئے ہے کیونکہ بکر کے بیٹے کا کوئی روزگار نہیں ہے ۔ بکر ان تمام قسم کے سامان کے مطالبہ کو شرعاً ممنوع سمجھتا ہے ۔ کیونکہ ان کا کہنا ہے کہ اس سے میرے گھر کا ماحول خراب ہو گا کیونکہ میں نے اس سے قبل ہر بہو کیلئے دو تولے سونا بنایا ہے اور گھر میں ایک اجتماعی واشنگ مشین اور فریج ہے۔سوال طلب امور یہ ہیں کہ</p>
<p>1۔واشنگ مشین فریج وغیرہ کا مطالبہ لڑکے کے والد سے اس زمانے کی ضرورت کے پیش نظر جبکہ بکر بآسانی یہ سامان خرید سکتا ہے شرعی لحاظ سے درست ہے ؟ اور اس میں بکر کی بات معتبر ہے یا کہ زید کے بیٹو ں کی ؟</p>
<p>2۔ مذکورہ مقدار میں سونے کا مطالبہ کیسا ہے کیو نکہ زید کے بیٹو ں کو اس کا خدشہ ہے کہ چونکہ برخوردار بکر اس وقت طالب علم ہے ۔ اور بعد میں بھی دینی خدمت کا ارادہ رکھتا ہے تا کہ یہ سونا بوقت ضرورت اس کے کام آسکے ۔</p>
<p>3۔ شادی کا ضروری سامان لڑکے والوں کے ذمہ ہے یا لڑکی والوں کے ۔جواب دیکر عند اللہ ماجور ہوں ۔</p>
<h3 class=""fatwa-ans"">الجواب :بسم اللہ حامداًومصلیاً</h3>
<p>1۔ ایک گھر میں کئی افراد کے رہنے کی صورت میں عورت کیلئے اتنا پردہ بھی کافی ہے کہ ان کے سامنے ایک بڑی چادر سے اچھی طرح سے جسم کو ڈھانپ کر رکھے ۔ اور ان سے بلا ضرارت گفتگو نہ کرے اس وجہ سے زید کے بیٹوں کا بکر سے فریج اور واشنگ مشین کا مطالبہ درست نہیں ۔</p>
<p>2۔ *** کے بیٹوں کا دس تولے سونے کا مطالبہ درست نہیں۔فقط واللہ تعالیٰ اعلم</p>
<div class=""pst-shr-tgs"">
<div class=""scl1 float-left"">
<span>Share This: </span>
<a data-placement=""top"" data-toggle=""tooltip"" href=""https://www.facebook.com/sharer/sharer.php?u=https%3A%2F%2Fdarultaqwa.org%2Fghar-mein-kai-afrad-hon-to-aurat-parda-kis-tarah-kare%2F"" itemprop=""url"" target=""_blank"" title=""Facebook""><i class=""fa fa-facebook""></i></a><a data-placement=""top"" data-toggle=""tooltip"" href=""https://twitter.com/intent/tweet?text=گھر%20میں%20کئی%20افراد%20ہوں%20تو%20عورت%20پردہ%20کس%20طرح%20کرے&amp;url=https%3A%2F%2Fdarultaqwa.org%2Fghar-mein-kai-afrad-hon-to-aurat-parda-kis-tarah-kare%2F"" itemprop=""url"" target=""_blank"" title=""Twitter""><i class=""fa fa-twitter""></i></a><a data-placement=""top"" data-toggle=""tooltip"" href=""https://plus.google.com/share?url=https%3A%2F%2Fdarultaqwa.org%2Fghar-mein-kai-afrad-hon-to-aurat-parda-kis-tarah-kare%2F"" itemprop=""url"" target=""_blank"" title=""Google Plus""><i class=""fa fa-google-plus""></i></a><a data-placement=""top"" data-toggle=""tooltip"" href=""http://www.linkedin.com/shareArticle?mini=true&amp;url=https%3A%2F%2Fdarultaqwa.org%2Fghar-mein-kai-afrad-hon-to-aurat-parda-kis-tarah-kare%2F"" itemprop=""url"" target=""_blank"" title=""Linkedin""><i class=""fa fa-linkedin""></i></a> </div>
</div>
</div>
</div>",darultaqwa.org
https://darultaqwa.org/vote-kis-ko-dein/,ووٹ کس کو دیں,<p>1۔ ہمارے ہاں یعنی آزادکشمیر میں ووٹ ہو رہے ہیں اور بہت سی جماعتوں کے نمائندے انتخابات میں حصہ لے رہے ہیں جن میں سر فہرست مسلم کانفرنس ،پیپلز پارٹی اور متحدہ مجلس عمل ہیں ۔اب ایک آدمی نے مسلم کانفرنس (جو کہ اس وقت حکمرانوں کی جماعت تصور کی جاتی ہے اور انکے نتائج تو اچھے نہیں ہیں یعنی اس سے پہلے وہ انتخابات میں جیت کر لوگوں کیساتھ غداری ہی کرتے رہے ہیں)کے چند آدمیوں سے معاہدہ کیا کہ اگر مسلم کانفرنس والے ہمیں سڑک تعمیر کرا دیں گے تو ہم آنے والے انتخابات میں ان کو ووٹ دیں گے ۔اس وعدہ پر مسلم کانفرنس نے سڑک تعمیر کرا دی ۔لیکن کچھ ہی دن گزرے تھے کہ متحدہ مجلس عمل کی طرف سے ایک دیوبندی عالم (جو کہ دینداری اور تقوی میں بہت آگے ہیں ) نمائندگی کیلئے سامنے آگئے اب دریافت طلب امر یہ ہے کہ چونکہ اس آدمی نے ایک طرف معاہدہ کیا ہے اگر چہ وہ لوگ دینداری میں کچھ نہیں سفارش ،شہادت ۔وکالت میں سے حقیقتا کسی ایک امر کے بھی اہل نہیں ۔لیکن دوسری طرف عالم باعمل انسان ہے اس پر ووٹ استعمال کرنا ہمارا حق بھی ہے لیکن خطرہ یہ ہے کہ جن لوگوں سے معاہدہ ہے وہ بعد میں عزت کے درپے ہوں گے اور بعد میں اس آدمی کی بات تک سننے کو تیا ر نہ ہوں گے (کیونکہ وہ آدمی اسی محلے کا پیش امام بھی ہے )اب آپ سے عرض ہے کہ اس گھمبیر مسئلہ میں وہ آدمی کس طرف کو ترجیح دے ۔</p><p>2۔ اگر کوئی شخص ووٹ کا حق استعمال ہی نہ کرے تو اس کے بارے میں کیا حکم ہے جبکہ حقیقی طور پر ووٹ کا اہل کوئی بھی موجود نہ ہو۔</p>,<p>1۔ سیاست کے جو حالات چل رہے ہیں ان میں آپ لوگوں کا اپنے وعدے پر قائم رہنا زیادہ ضروری ہے۔</p><p>2۔ اگر شرافت و شرارت میں دونوں برابر ہوں تو چاہے ووٹ نہ دیں اور اگر ایک شرارت میں کمتر ہو تو اسے ووٹ دے دیں۔</p>, 1-116, 13 جولائی 2006,حظر و اباحت,متفرقات حظر و اباحت,"<div class=""blog-detail"">
<div class=""blog-detail-inf brd-rd5"">
<div class=""blog-detail-inf-inr"">
<ul class=""pst-mta"">
<li>
<b>فتوی نمبر: </b>1-116<i aria-hidden=""true"" class=""theme-clr fa fa-calendar-check-o""></i> </li>
<li>
<b>تاریخ: </b>13 جولائی 2006													<i aria-hidden=""true"" class=""theme-clr fa fa-calendar-check-o""></i>
</li>
<li>
<b>عنوانات: </b><a class=""brd-rd5 topic-sm"" href=""https://darultaqwa.org/hazr-ibahat/"" itemprop=""url"">حظر و اباحت</a> &gt; <a class=""brd-rd5 topic-sm"" href=""https://darultaqwa.org/hazr-ibahat/mutafarriqat-halal-wa-haram/"" itemprop=""url"">متفرقات حظر و اباحت</a> <i aria-hidden=""true"" class=""fa fa-folder-open-o theme-clr""></i>
</li>
</ul>
</div>
</div>
<div class=""blog-detail-desc event-detail-desc"">
<h3 class=""fatwa-qa"">استفتاء</h3>
<p>1۔ ہمارے ہاں یعنی آزادکشمیر میں ووٹ ہو رہے ہیں اور بہت سی جماعتوں کے نمائندے انتخابات میں حصہ لے رہے ہیں جن میں سر فہرست مسلم کانفرنس ،پیپلز پارٹی اور متحدہ مجلس عمل ہیں ۔اب ایک آدمی نے مسلم کانفرنس (جو کہ اس وقت حکمرانوں کی جماعت تصور کی جاتی ہے اور انکے نتائج تو اچھے نہیں ہیں یعنی اس سے پہلے وہ انتخابات میں جیت کر لوگوں کیساتھ غداری ہی کرتے رہے ہیں)کے چند آدمیوں سے معاہدہ کیا کہ اگر مسلم کانفرنس والے ہمیں سڑک تعمیر کرا دیں گے تو ہم آنے والے انتخابات میں ان کو ووٹ دیں گے ۔اس وعدہ پر مسلم کانفرنس نے سڑک تعمیر کرا دی ۔لیکن کچھ ہی دن گزرے تھے کہ متحدہ مجلس عمل کی طرف سے ایک دیوبندی عالم (جو کہ دینداری اور تقوی میں بہت آگے ہیں ) نمائندگی کیلئے سامنے آگئے اب دریافت طلب امر یہ ہے کہ چونکہ اس آدمی نے ایک طرف معاہدہ کیا ہے اگر چہ وہ لوگ دینداری میں کچھ نہیں سفارش ،شہادت ۔وکالت میں سے حقیقتا کسی ایک امر کے بھی اہل نہیں ۔لیکن دوسری طرف عالم باعمل انسان ہے اس پر ووٹ استعمال کرنا ہمارا حق بھی ہے لیکن خطرہ یہ ہے کہ جن لوگوں سے معاہدہ ہے وہ بعد میں عزت کے درپے ہوں گے اور بعد میں اس آدمی کی بات تک سننے کو تیا ر نہ ہوں گے (کیونکہ وہ آدمی اسی محلے کا پیش امام بھی ہے )اب آپ سے عرض ہے کہ اس گھمبیر مسئلہ میں وہ آدمی کس طرف کو ترجیح دے ۔</p>
<p>2۔ اگر کوئی شخص ووٹ کا حق استعمال ہی نہ کرے تو اس کے بارے میں کیا حکم ہے جبکہ حقیقی طور پر ووٹ کا اہل کوئی بھی موجود نہ ہو۔</p>
<h3 class=""fatwa-ans"">الجواب :بسم اللہ حامداًومصلیاً</h3>
<p>1۔ سیاست کے جو حالات چل رہے ہیں ان میں آپ لوگوں کا اپنے وعدے پر قائم رہنا زیادہ ضروری ہے۔</p>
<p>2۔ اگر شرافت و شرارت میں دونوں برابر ہوں تو چاہے ووٹ نہ دیں اور اگر ایک شرارت میں کمتر ہو تو اسے ووٹ دے دیں۔</p>
<div class=""pst-shr-tgs"">
<div class=""scl1 float-left"">
<span>Share This: </span>
<a data-placement=""top"" data-toggle=""tooltip"" href=""https://www.facebook.com/sharer/sharer.php?u=https%3A%2F%2Fdarultaqwa.org%2Fvote-kis-ko-dein%2F"" itemprop=""url"" target=""_blank"" title=""Facebook""><i class=""fa fa-facebook""></i></a><a data-placement=""top"" data-toggle=""tooltip"" href=""https://twitter.com/intent/tweet?text=ووٹ%20کس%20کو%20دیں&amp;url=https%3A%2F%2Fdarultaqwa.org%2Fvote-kis-ko-dein%2F"" itemprop=""url"" target=""_blank"" title=""Twitter""><i class=""fa fa-twitter""></i></a><a data-placement=""top"" data-toggle=""tooltip"" href=""https://plus.google.com/share?url=https%3A%2F%2Fdarultaqwa.org%2Fvote-kis-ko-dein%2F"" itemprop=""url"" target=""_blank"" title=""Google Plus""><i class=""fa fa-google-plus""></i></a><a data-placement=""top"" data-toggle=""tooltip"" href=""http://www.linkedin.com/shareArticle?mini=true&amp;url=https%3A%2F%2Fdarultaqwa.org%2Fvote-kis-ko-dein%2F"" itemprop=""url"" target=""_blank"" title=""Linkedin""><i class=""fa fa-linkedin""></i></a> </div>
</div>
</div>
</div>",darultaqwa.org
https://darultaqwa.org/hazoor-ke-naam-ke-saath-sirf-salat-ya-sirf-salam-par-iktifa-karna/,حضور ﷺ کے نام کے ساتھ صرف صلوٰة یا صرف سلام پر اکتفا کرنا,<p>آپ ﷺ کا نام مبارک کو لقولہ السلام” سےلکھنا اور پڑھنا بلا کراہت جائز ہے یا نہیں؟</p><p>اگر کسی شخص کو مندرجہ ذیل خواب آئے تو اس شخص کے لیے کیا حکم ہے؟ خواب یہ ہے کہ اس نے حضور ﷺ کو دیکھا کہ وہ فرما رہے تھے کہ تم ” علیہ السلام” نہ پڑھا کرو، بلکہ ” علیہ الصلوٰة و السلام” پڑھو۔</p>,"<p>نبی اکرم ﷺ کے ذکر مبارک کے وقت افضل و اعلیٰ اور معتبر تو یہی ہے کہ صلوٰة و سلام دونوں پڑھے جائیں۔ لیکن اگر کوئی شخص ان میں سے ایک یعنی صرف صلوٰة یا صرف سلام پر اکتفا کرے تو جمہور فقہاء کے نزدیک کوئی گناہ نہیں، البتہ خلاف اولیٰ اور مکروہ تنزیہی ضرور ہے، علماء امت کا مسلسل عمل اس پر شاید ہے کہ وہ دونوں ہی کو جمع کرتے ہیں اور بعض اوقات ایک پر بھی اکتفاء کر لیتے ہیں۔<span class=""arabic-inline""> ( کذا فی معارف القران بتغییر یسیر: 7/ 225)</span></p><p>نیز خواب میں آپ ﷺ کا یہ ارشاد فرمانا ” کہ تم علیہ السلام نہ پڑھا کرو بلکہ علیہ الصلوٰة و السلام پڑھو” خلاف اولیٰ سے منع اور مستحب کی ترغیب ہے۔ لہذا اسی پر عمل کیجیے اور اس کے خلاف نہ کریں۔ فقط واللہ تعالیٰ اعلم</p>", 1-79, 26 مارچ 2006,حظر و اباحت,منتقل شدہ فی حظر و اباحت,"<div class=""blog-detail"">
<div class=""blog-detail-inf brd-rd5"">
<div class=""blog-detail-inf-inr"">
<ul class=""pst-mta"">
<li>
<b>فتوی نمبر: </b>1-79<i aria-hidden=""true"" class=""theme-clr fa fa-calendar-check-o""></i> </li>
<li>
<b>تاریخ: </b>26 مارچ 2006													<i aria-hidden=""true"" class=""theme-clr fa fa-calendar-check-o""></i>
</li>
<li>
<b>عنوانات: </b><a class=""brd-rd5 topic-sm"" href=""https://darultaqwa.org/hazr-ibahat/"" itemprop=""url"">حظر و اباحت</a> &gt; <a class=""brd-rd5 topic-sm"" href=""https://darultaqwa.org/hazr-ibahat/%d9%85%d9%86%d8%aa%d9%82%d9%84-%d8%b4%d8%af%db%81-%d9%81%db%8c-%d8%ad%d8%b8%d8%b1-%d9%88-%d8%a7%d8%a8%d8%a7%d8%ad%d8%aa/"" itemprop=""url"">منتقل شدہ فی حظر و اباحت</a> <i aria-hidden=""true"" class=""fa fa-folder-open-o theme-clr""></i>
</li>
</ul>
</div>
</div>
<div class=""blog-detail-desc event-detail-desc"">
<h3 class=""fatwa-qa"">استفتاء</h3>
<p>آپ ﷺ کا نام مبارک کو لقولہ السلام” سےلکھنا اور پڑھنا بلا کراہت جائز ہے یا نہیں؟</p>
<p>اگر کسی شخص کو مندرجہ ذیل خواب آئے تو اس شخص کے لیے کیا حکم ہے؟ خواب یہ ہے کہ اس نے حضور ﷺ کو دیکھا کہ وہ فرما رہے تھے کہ تم ” علیہ السلام” نہ پڑھا کرو، بلکہ ” علیہ الصلوٰة و السلام” پڑھو۔</p>
<h3 class=""fatwa-ans"">الجواب :بسم اللہ حامداًومصلیاً</h3>
<p>نبی اکرم ﷺ کے ذکر مبارک کے وقت افضل و اعلیٰ اور معتبر تو یہی ہے کہ صلوٰة و سلام دونوں پڑھے جائیں۔ لیکن اگر کوئی شخص ان میں سے ایک یعنی صرف صلوٰة یا صرف سلام پر اکتفا کرے تو جمہور فقہاء کے نزدیک کوئی گناہ نہیں، البتہ خلاف اولیٰ اور مکروہ تنزیہی ضرور ہے، علماء امت کا مسلسل عمل اس پر شاید ہے کہ وہ دونوں ہی کو جمع کرتے ہیں اور بعض اوقات ایک پر بھی اکتفاء کر لیتے ہیں۔<span class=""arabic-inline""> ( کذا فی معارف القران بتغییر یسیر: 7/ 225)</span></p>
<p>نیز خواب میں آپ ﷺ کا یہ ارشاد فرمانا ” کہ تم علیہ السلام نہ پڑھا کرو بلکہ علیہ الصلوٰة و السلام پڑھو” خلاف اولیٰ سے منع اور مستحب کی ترغیب ہے۔ لہذا اسی پر عمل کیجیے اور اس کے خلاف نہ کریں۔ فقط واللہ تعالیٰ اعلم</p>
<div class=""pst-shr-tgs"">
<div class=""scl1 float-left"">
<span>Share This: </span>
<a data-placement=""top"" data-toggle=""tooltip"" href=""https://www.facebook.com/sharer/sharer.php?u=https%3A%2F%2Fdarultaqwa.org%2Fhazoor-ke-naam-ke-saath-sirf-salat-ya-sirf-salam-par-iktifa-karna%2F"" itemprop=""url"" target=""_blank"" title=""Facebook""><i class=""fa fa-facebook""></i></a><a data-placement=""top"" data-toggle=""tooltip"" href=""https://twitter.com/intent/tweet?text=حضور%20ﷺ%20کے%20نام%20کے%20ساتھ%20صرف%20صلوٰة%20یا%20صرف%20سلام%20پر%20اکتفا%20کرنا&amp;url=https%3A%2F%2Fdarultaqwa.org%2Fhazoor-ke-naam-ke-saath-sirf-salat-ya-sirf-salam-par-iktifa-karna%2F"" itemprop=""url"" target=""_blank"" title=""Twitter""><i class=""fa fa-twitter""></i></a><a data-placement=""top"" data-toggle=""tooltip"" href=""https://plus.google.com/share?url=https%3A%2F%2Fdarultaqwa.org%2Fhazoor-ke-naam-ke-saath-sirf-salat-ya-sirf-salam-par-iktifa-karna%2F"" itemprop=""url"" target=""_blank"" title=""Google Plus""><i class=""fa fa-google-plus""></i></a><a data-placement=""top"" data-toggle=""tooltip"" href=""http://www.linkedin.com/shareArticle?mini=true&amp;url=https%3A%2F%2Fdarultaqwa.org%2Fhazoor-ke-naam-ke-saath-sirf-salat-ya-sirf-salam-par-iktifa-karna%2F"" itemprop=""url"" target=""_blank"" title=""Linkedin""><i class=""fa fa-linkedin""></i></a> </div>
</div>
</div>
</div>",darultaqwa.org
https://darultaqwa.org/bachon-ko-masjid-mein-lana/,بچوں کو مسجد میں لانا,<p>آجکل اکثر مساجد میں دیکھنے میں آیا ہے کہ کچھ حضرات اپنے ہمراہ نماز پڑھنے کے لئے بچوں کو بھی ساتھ لے آتے ہیں ان میں سے اکثر حضرات تو بچوں کو اپنے ساتھ رکھتے ہیں دوران نماز وہ اپنے نماز میں مشغول ہوتے ہیں اور ان کے بچے ساری صفوں میں آگے پیچھے بھاگتے ہیں جس سے دوسرے نمازیوں کی نماز میں خلل واقع ہو تا ہے اور جو حضرات ان بچوں کو مسجد میں آزاد چھوڑ دیتے ہیں وہ شور کا باعث بنتے ہیں. میرا آپ سے سوال یہ ہے کہ مسجد میں کتنی عمر کے بچوں کو لانے کی اجازت ہے۔</p>,<p>جو بچے سن تمیز یعنی سات سال سے کم عمر کے ہوں وہ عام طور سے پیشاب پاخانے کا خیال نہیں رکھتے ایسے بچوں کو مسجد میں لانا درست نہیں ۔ اور سات سال سے زائد عمر کے بچوں کو مسجد میں لانا درست ہے                          فقط واللہ تعالیٰ اعلم</p>, 1-69, 05 جنوری 2006,حظر و اباحت,منتقل شدہ فی حظر و اباحت,"<div class=""blog-detail"">
<div class=""blog-detail-inf brd-rd5"">
<div class=""blog-detail-inf-inr"">
<ul class=""pst-mta"">
<li>
<b>فتوی نمبر: </b>1-69<i aria-hidden=""true"" class=""theme-clr fa fa-calendar-check-o""></i> </li>
<li>
<b>تاریخ: </b>05 جنوری 2006													<i aria-hidden=""true"" class=""theme-clr fa fa-calendar-check-o""></i>
</li>
<li>
<b>عنوانات: </b><a class=""brd-rd5 topic-sm"" href=""https://darultaqwa.org/hazr-ibahat/"" itemprop=""url"">حظر و اباحت</a> &gt; <a class=""brd-rd5 topic-sm"" href=""https://darultaqwa.org/hazr-ibahat/%d9%85%d9%86%d8%aa%d9%82%d9%84-%d8%b4%d8%af%db%81-%d9%81%db%8c-%d8%ad%d8%b8%d8%b1-%d9%88-%d8%a7%d8%a8%d8%a7%d8%ad%d8%aa/"" itemprop=""url"">منتقل شدہ فی حظر و اباحت</a> <i aria-hidden=""true"" class=""fa fa-folder-open-o theme-clr""></i>
</li>
</ul>
</div>
</div>
<div class=""blog-detail-desc event-detail-desc"">
<h3 class=""fatwa-qa"">استفتاء</h3>
<p>آجکل اکثر مساجد میں دیکھنے میں آیا ہے کہ کچھ حضرات اپنے ہمراہ نماز پڑھنے کے لئے بچوں کو بھی ساتھ لے آتے ہیں ان میں سے اکثر حضرات تو بچوں کو اپنے ساتھ رکھتے ہیں دوران نماز وہ اپنے نماز میں مشغول ہوتے ہیں اور ان کے بچے ساری صفوں میں آگے پیچھے بھاگتے ہیں جس سے دوسرے نمازیوں کی نماز میں خلل واقع ہو تا ہے اور جو حضرات ان بچوں کو مسجد میں آزاد چھوڑ دیتے ہیں وہ شور کا باعث بنتے ہیں. میرا آپ سے سوال یہ ہے کہ مسجد میں کتنی عمر کے بچوں کو لانے کی اجازت ہے۔</p>
<h3 class=""fatwa-ans"">الجواب :بسم اللہ حامداًومصلیاً</h3>
<p>جو بچے سن تمیز یعنی سات سال سے کم عمر کے ہوں وہ عام طور سے پیشاب پاخانے کا خیال نہیں رکھتے ایسے بچوں کو مسجد میں لانا درست نہیں ۔ اور سات سال سے زائد عمر کے بچوں کو مسجد میں لانا درست ہے                          فقط واللہ تعالیٰ اعلم</p>
<div class=""pst-shr-tgs"">
<div class=""scl1 float-left"">
<span>Share This: </span>
<a data-placement=""top"" data-toggle=""tooltip"" href=""https://www.facebook.com/sharer/sharer.php?u=https%3A%2F%2Fdarultaqwa.org%2Fbachon-ko-masjid-mein-lana%2F"" itemprop=""url"" target=""_blank"" title=""Facebook""><i class=""fa fa-facebook""></i></a><a data-placement=""top"" data-toggle=""tooltip"" href=""https://twitter.com/intent/tweet?text=بچوں%20کو%20مسجد%20میں%20لانا&amp;url=https%3A%2F%2Fdarultaqwa.org%2Fbachon-ko-masjid-mein-lana%2F"" itemprop=""url"" target=""_blank"" title=""Twitter""><i class=""fa fa-twitter""></i></a><a data-placement=""top"" data-toggle=""tooltip"" href=""https://plus.google.com/share?url=https%3A%2F%2Fdarultaqwa.org%2Fbachon-ko-masjid-mein-lana%2F"" itemprop=""url"" target=""_blank"" title=""Google Plus""><i class=""fa fa-google-plus""></i></a><a data-placement=""top"" data-toggle=""tooltip"" href=""http://www.linkedin.com/shareArticle?mini=true&amp;url=https%3A%2F%2Fdarultaqwa.org%2Fbachon-ko-masjid-mein-lana%2F"" itemprop=""url"" target=""_blank"" title=""Linkedin""><i class=""fa fa-linkedin""></i></a> </div>
</div>
</div>
</div>",darultaqwa.org
https://darultaqwa.org/mukhtalif-taleem/,مخلوط تعلیم,<p>مخلوط تعلیم بچوں کیلئے کیسی ہے ؟ دینی مدارس کی مخلوط تعلیم جوچھوٹے بچوں تک ہوتی ہے اس کا کیا حکم ہے اور دنیاوی سکولوں کی مخلوط تعلیم کا کیا حکم ہے ؟ بصورتِ مجبوری اور غیر مجبوری کا کیا حکم ہے؟</p>,<p>نو/۹ سال کی عمر تک کے بچوں کی مخلوط تعلیم کی گنجائش ہے، اس سے زیادہ عمر والے بچوں کی مخلوط تعلیم جائز نہیں ۔</p>, 1-72, 19 ستمبر 2005,حظر و اباحت,پردے کا بیان,"<div class=""blog-detail"">
<div class=""blog-detail-inf brd-rd5"">
<div class=""blog-detail-inf-inr"">
<ul class=""pst-mta"">
<li>
<b>فتوی نمبر: </b>1-72<i aria-hidden=""true"" class=""theme-clr fa fa-calendar-check-o""></i> </li>
<li>
<b>تاریخ: </b>19 ستمبر 2005													<i aria-hidden=""true"" class=""theme-clr fa fa-calendar-check-o""></i>
</li>
<li>
<b>عنوانات: </b><a class=""brd-rd5 topic-sm"" href=""https://darultaqwa.org/hazr-ibahat/"" itemprop=""url"">حظر و اباحت</a> &gt; <a class=""brd-rd5 topic-sm"" href=""https://darultaqwa.org/hazr-ibahat/parda-bayan/"" itemprop=""url"">پردے کا بیان</a> <i aria-hidden=""true"" class=""fa fa-folder-open-o theme-clr""></i>
</li>
</ul>
</div>
</div>
<div class=""blog-detail-desc event-detail-desc"">
<h3 class=""fatwa-qa"">استفتاء</h3>
<p>مخلوط تعلیم بچوں کیلئے کیسی ہے ؟ دینی مدارس کی مخلوط تعلیم جوچھوٹے بچوں تک ہوتی ہے اس کا کیا حکم ہے اور دنیاوی سکولوں کی مخلوط تعلیم کا کیا حکم ہے ؟ بصورتِ مجبوری اور غیر مجبوری کا کیا حکم ہے؟</p>
<h3 class=""fatwa-ans"">الجواب :بسم اللہ حامداًومصلیاً</h3>
<p>نو/۹ سال کی عمر تک کے بچوں کی مخلوط تعلیم کی گنجائش ہے، اس سے زیادہ عمر والے بچوں کی مخلوط تعلیم جائز نہیں ۔</p>
<div class=""pst-shr-tgs"">
<div class=""scl1 float-left"">
<span>Share This: </span>
<a data-placement=""top"" data-toggle=""tooltip"" href=""https://www.facebook.com/sharer/sharer.php?u=https%3A%2F%2Fdarultaqwa.org%2Fmukhtalif-taleem%2F"" itemprop=""url"" target=""_blank"" title=""Facebook""><i class=""fa fa-facebook""></i></a><a data-placement=""top"" data-toggle=""tooltip"" href=""https://twitter.com/intent/tweet?text=مخلوط%20تعلیم&amp;url=https%3A%2F%2Fdarultaqwa.org%2Fmukhtalif-taleem%2F"" itemprop=""url"" target=""_blank"" title=""Twitter""><i class=""fa fa-twitter""></i></a><a data-placement=""top"" data-toggle=""tooltip"" href=""https://plus.google.com/share?url=https%3A%2F%2Fdarultaqwa.org%2Fmukhtalif-taleem%2F"" itemprop=""url"" target=""_blank"" title=""Google Plus""><i class=""fa fa-google-plus""></i></a><a data-placement=""top"" data-toggle=""tooltip"" href=""http://www.linkedin.com/shareArticle?mini=true&amp;url=https%3A%2F%2Fdarultaqwa.org%2Fmukhtalif-taleem%2F"" itemprop=""url"" target=""_blank"" title=""Linkedin""><i class=""fa fa-linkedin""></i></a> </div>
</div>
</div>
</div>",darultaqwa.org
https://darultaqwa.org/bareek-libas-pehnna/,باریک لباس پہننا,<p>ایسا لباس جس میں سے بدن کی رنگت نہ چھپتی ہو اور دوپٹہ جس سے بال صاف دکھائی دیتے ہوں اس لباس پر سخت وعید آئی ہے کیا یہ ممانعت حرمت کی ہے ۔ نیز وہ دوپٹہ جس سے بال تو صاف نہ دکھائی دیں لیکن بالوں کی سیاہی نظر آئے اس کا کیا حکم ہے ؟</p>,<p>ایسا باریک لباس پہننا کہ جس سے بدن یا بالوں کی رنگت دکھائی دے حرام ہے۔نیز ایسا دوپٹہ جس سے بالوں کی سیاہی نظر آئے اس سے نماز نہیں ہو گی۔فقط واللہ تعالیٰ اعلم</p>, 1-73, 19 ستمبر 2005,,,"<div class=""blog-detail"">
<div class=""blog-detail-inf brd-rd5"">
<div class=""blog-detail-inf-inr"">
<ul class=""pst-mta"">
<li>
<b>فتوی نمبر: </b>1-73<i aria-hidden=""true"" class=""theme-clr fa fa-calendar-check-o""></i> </li>
<li>
<b>تاریخ: </b>19 ستمبر 2005													<i aria-hidden=""true"" class=""theme-clr fa fa-calendar-check-o""></i>
</li>
<li>
<i aria-hidden=""true"" class=""fa fa-folder-open-o theme-clr""></i>
</li>
</ul>
</div>
</div>
<div class=""blog-detail-desc event-detail-desc"">
<h3 class=""fatwa-qa"">استفتاء</h3>
<p>ایسا لباس جس میں سے بدن کی رنگت نہ چھپتی ہو اور دوپٹہ جس سے بال صاف دکھائی دیتے ہوں اس لباس پر سخت وعید آئی ہے کیا یہ ممانعت حرمت کی ہے ۔ نیز وہ دوپٹہ جس سے بال تو صاف نہ دکھائی دیں لیکن بالوں کی سیاہی نظر آئے اس کا کیا حکم ہے ؟</p>
<h3 class=""fatwa-ans"">الجواب :بسم اللہ حامداًومصلیاً</h3>
<p>ایسا باریک لباس پہننا کہ جس سے بدن یا بالوں کی رنگت دکھائی دے حرام ہے۔نیز ایسا دوپٹہ جس سے بالوں کی سیاہی نظر آئے اس سے نماز نہیں ہو گی۔فقط واللہ تعالیٰ اعلم</p>
<div class=""pst-shr-tgs"">
<div class=""scl1 float-left"">
<span>Share This: </span>
<a data-placement=""top"" data-toggle=""tooltip"" href=""https://www.facebook.com/sharer/sharer.php?u=https%3A%2F%2Fdarultaqwa.org%2Fbareek-libas-pehnna%2F"" itemprop=""url"" target=""_blank"" title=""Facebook""><i class=""fa fa-facebook""></i></a><a data-placement=""top"" data-toggle=""tooltip"" href=""https://twitter.com/intent/tweet?text=باریک%20لباس%20پہننا&amp;url=https%3A%2F%2Fdarultaqwa.org%2Fbareek-libas-pehnna%2F"" itemprop=""url"" target=""_blank"" title=""Twitter""><i class=""fa fa-twitter""></i></a><a data-placement=""top"" data-toggle=""tooltip"" href=""https://plus.google.com/share?url=https%3A%2F%2Fdarultaqwa.org%2Fbareek-libas-pehnna%2F"" itemprop=""url"" target=""_blank"" title=""Google Plus""><i class=""fa fa-google-plus""></i></a><a data-placement=""top"" data-toggle=""tooltip"" href=""http://www.linkedin.com/shareArticle?mini=true&amp;url=https%3A%2F%2Fdarultaqwa.org%2Fbareek-libas-pehnna%2F"" itemprop=""url"" target=""_blank"" title=""Linkedin""><i class=""fa fa-linkedin""></i></a> </div>
</div>
</div>
</div>",darultaqwa.org
https://darultaqwa.org/mathey-ke-baal-saaf-karna/,ماتھے کے بال صاف کرنا,<p>ماتھے کے بال جو سر کے بالوں (جو ماتھے کے اوپر سب سے آگے ہیں ) کی جڑوں میں چھوٹے چھوٹے بال ہوتے ہیں انہیں پلٹنا بھی نا ممکن ہوتا ہے اور پن لگا کر چہرے سے ہٹایا بھی نہ جا سکتا ہو اور لمبائی اتنی ہو کہ ماتھے پر بد نما لگتے ہوں تو کیا ان بالوں کو صاف کروانا جائز ہے یا نہیں؟ نیز ماتھے کے بالوں کو اس وجہ سے صاف کروانا تا کہ چہرے کی شیپ (گولائی)وغیرہ صحیح ہو جائز ہے یا نہیں ؟</p>,<p>مذکورہ صورت میں ماتھے کے بالوں کو صاف کرنا جائز نہیں ۔ فقط و اللہ تعالیٰ اعلم</p>, 1-73, 19 ستمبر 2005,حظر و اباحت,زیب و زینت و بناؤ سنگھار,"<div class=""blog-detail"">
<div class=""blog-detail-inf brd-rd5"">
<div class=""blog-detail-inf-inr"">
<ul class=""pst-mta"">
<li>
<b>فتوی نمبر: </b>1-73<i aria-hidden=""true"" class=""theme-clr fa fa-calendar-check-o""></i> </li>
<li>
<b>تاریخ: </b>19 ستمبر 2005													<i aria-hidden=""true"" class=""theme-clr fa fa-calendar-check-o""></i>
</li>
<li>
<b>عنوانات: </b><a class=""brd-rd5 topic-sm"" href=""https://darultaqwa.org/hazr-ibahat/"" itemprop=""url"">حظر و اباحت</a> &gt; <a class=""brd-rd5 topic-sm"" href=""https://darultaqwa.org/hazr-ibahat/zib-zenat-banao-sanghar/"" itemprop=""url"">زیب و زینت و بناؤ سنگھار</a> <i aria-hidden=""true"" class=""fa fa-folder-open-o theme-clr""></i>
</li>
</ul>
</div>
</div>
<div class=""blog-detail-desc event-detail-desc"">
<h3 class=""fatwa-qa"">استفتاء</h3>
<p>ماتھے کے بال جو سر کے بالوں (جو ماتھے کے اوپر سب سے آگے ہیں ) کی جڑوں میں چھوٹے چھوٹے بال ہوتے ہیں انہیں پلٹنا بھی نا ممکن ہوتا ہے اور پن لگا کر چہرے سے ہٹایا بھی نہ جا سکتا ہو اور لمبائی اتنی ہو کہ ماتھے پر بد نما لگتے ہوں تو کیا ان بالوں کو صاف کروانا جائز ہے یا نہیں؟ نیز ماتھے کے بالوں کو اس وجہ سے صاف کروانا تا کہ چہرے کی شیپ (گولائی)وغیرہ صحیح ہو جائز ہے یا نہیں ؟</p>
<h3 class=""fatwa-ans"">الجواب :بسم اللہ حامداًومصلیاً</h3>
<p>مذکورہ صورت میں ماتھے کے بالوں کو صاف کرنا جائز نہیں ۔ فقط و اللہ تعالیٰ اعلم</p>
<div class=""pst-shr-tgs"">
<div class=""scl1 float-left"">
<span>Share This: </span>
<a data-placement=""top"" data-toggle=""tooltip"" href=""https://www.facebook.com/sharer/sharer.php?u=https%3A%2F%2Fdarultaqwa.org%2Fmathey-ke-baal-saaf-karna%2F"" itemprop=""url"" target=""_blank"" title=""Facebook""><i class=""fa fa-facebook""></i></a><a data-placement=""top"" data-toggle=""tooltip"" href=""https://twitter.com/intent/tweet?text=ماتھے%20کے%20بال%20صاف%20کرنا&amp;url=https%3A%2F%2Fdarultaqwa.org%2Fmathey-ke-baal-saaf-karna%2F"" itemprop=""url"" target=""_blank"" title=""Twitter""><i class=""fa fa-twitter""></i></a><a data-placement=""top"" data-toggle=""tooltip"" href=""https://plus.google.com/share?url=https%3A%2F%2Fdarultaqwa.org%2Fmathey-ke-baal-saaf-karna%2F"" itemprop=""url"" target=""_blank"" title=""Google Plus""><i class=""fa fa-google-plus""></i></a><a data-placement=""top"" data-toggle=""tooltip"" href=""http://www.linkedin.com/shareArticle?mini=true&amp;url=https%3A%2F%2Fdarultaqwa.org%2Fmathey-ke-baal-saaf-karna%2F"" itemprop=""url"" target=""_blank"" title=""Linkedin""><i class=""fa fa-linkedin""></i></a> </div>
</div>
</div>
</div>",darultaqwa.org
https://darultaqwa.org/phate-hue-doodh-ka-istemaal/,پھٹے ہوئے دودھ کا استعمال,<p>جو دودھ خود پھٹ جائے اسے استعمال کرنا شریعت کی نظر میں کیسا ہے ؟ اور جو چیز ساری رات کھلی پڑی رہے اسکا استعمال شریعت کی نظر میں کیسا ہے؟</p>,<p>پھٹے ہوئے دودھ کو ابال کر استعمال کرنا جس سے اسکے مضر اثرات زائل ہو جائیں شرعاً جائز ہے ۔ نیز جو چیز ساری رات کھلی پڑی رہے اسکا استعمال بھی جائز ہے ۔ فقط واللہ تعالیٰ اعلم</p>, 1-135, 03 ستمبر 2005,حظر و اباحت,کھانے پینے کی اشیاء,"<div class=""blog-detail"">
<div class=""blog-detail-inf brd-rd5"">
<div class=""blog-detail-inf-inr"">
<ul class=""pst-mta"">
<li>
<b>فتوی نمبر: </b>1-135<i aria-hidden=""true"" class=""theme-clr fa fa-calendar-check-o""></i> </li>
<li>
<b>تاریخ: </b>03 ستمبر 2005													<i aria-hidden=""true"" class=""theme-clr fa fa-calendar-check-o""></i>
</li>
<li>
<b>عنوانات: </b><a class=""brd-rd5 topic-sm"" href=""https://darultaqwa.org/hazr-ibahat/"" itemprop=""url"">حظر و اباحت</a> &gt; <a class=""brd-rd5 topic-sm"" href=""https://darultaqwa.org/hazr-ibahat/khany-peny-ashya/"" itemprop=""url"">کھانے پینے کی اشیاء</a> <i aria-hidden=""true"" class=""fa fa-folder-open-o theme-clr""></i>
</li>
</ul>
</div>
</div>
<div class=""blog-detail-desc event-detail-desc"">
<h3 class=""fatwa-qa"">استفتاء</h3>
<p>جو دودھ خود پھٹ جائے اسے استعمال کرنا شریعت کی نظر میں کیسا ہے ؟ اور جو چیز ساری رات کھلی پڑی رہے اسکا استعمال شریعت کی نظر میں کیسا ہے؟</p>
<h3 class=""fatwa-ans"">الجواب :بسم اللہ حامداًومصلیاً</h3>
<p>پھٹے ہوئے دودھ کو ابال کر استعمال کرنا جس سے اسکے مضر اثرات زائل ہو جائیں شرعاً جائز ہے ۔ نیز جو چیز ساری رات کھلی پڑی رہے اسکا استعمال بھی جائز ہے ۔ فقط واللہ تعالیٰ اعلم</p>
<div class=""pst-shr-tgs"">
<div class=""scl1 float-left"">
<span>Share This: </span>
<a data-placement=""top"" data-toggle=""tooltip"" href=""https://www.facebook.com/sharer/sharer.php?u=https%3A%2F%2Fdarultaqwa.org%2Fphate-hue-doodh-ka-istemaal%2F"" itemprop=""url"" target=""_blank"" title=""Facebook""><i class=""fa fa-facebook""></i></a><a data-placement=""top"" data-toggle=""tooltip"" href=""https://twitter.com/intent/tweet?text=پھٹے%20ہوئے%20دودھ%20کا%20استعمال&amp;url=https%3A%2F%2Fdarultaqwa.org%2Fphate-hue-doodh-ka-istemaal%2F"" itemprop=""url"" target=""_blank"" title=""Twitter""><i class=""fa fa-twitter""></i></a><a data-placement=""top"" data-toggle=""tooltip"" href=""https://plus.google.com/share?url=https%3A%2F%2Fdarultaqwa.org%2Fphate-hue-doodh-ka-istemaal%2F"" itemprop=""url"" target=""_blank"" title=""Google Plus""><i class=""fa fa-google-plus""></i></a><a data-placement=""top"" data-toggle=""tooltip"" href=""http://www.linkedin.com/shareArticle?mini=true&amp;url=https%3A%2F%2Fdarultaqwa.org%2Fphate-hue-doodh-ka-istemaal%2F"" itemprop=""url"" target=""_blank"" title=""Linkedin""><i class=""fa fa-linkedin""></i></a> </div>
</div>
</div>
</div>",darultaqwa.org
https://darultaqwa.org/haram-kamaai-wale-se-hadiya-na-lena-behtar-hai/,حرام کمائی والے سے ہدیہ نہ لینا بہتر ہے,<p>1۔ اگر ایک آدمی اعلانیہ یہ اقرار کرتا ہو کہ اس کی کمائی حرام ہے تو کیا اگر وہ کسی کو ہدیہ دے یا کوئی اس شخص سے قرض لے تو ان دونوں کیلئے ہدیہ یا قرض استعمال کرنا جائز ہے یا نہیں ؟ اگر چہ ہدیہ یا قرض لینے والے خود ضرورت مند بھی ہیں ۔</p><p>2۔ اگر کسی شخص کی کمائی میں شک ہو کہ حلال ہے یا حرام تو کیا اس کا ہدیہ یا اس سے قرض لیکر استعمال کرنا جائز ہے یا نہیں؟</p>,<p>دونوں صورتوں میں احتیاط یہ ہے کہ ایسے شخص سے قرضہ یا ہدیہ نہ لیا جائے۔فقط واللہ تعالیٰ اعلم</p><p>سوال:برائے مہربانی مسئلہ سمجھ میں نہیں آیا کیونکہ وہ ہدیہ دینے والا اور جس سے قرض لیا جا رہا ہے وہ بہت قریبی ہے کہ اس کے ہدیہ کو واپس نہیں کر سکتے اور اس کے علاوہ کسی سے قرض بھی نہیں لے سکتے تو اس صورت میں اس ہدیے کا کیا کریں اس کا استعمال جائز ہے یا نہیں؟ اور کسی دوسرے کو اگر دے دیا جائے تو گناہ تو نہیں ہو گا ؟</p><p>اصل مسئلہ تو وہی ہے جو پہلے ذکر کر دیا ۔البتہ ہدیہ لینے کی مجبوری ہو تو ہدیہ لیکر آگے کسی مستحق زکوة کو ثواب کی نیت کے بغیر صدقہ کر دیں ۔اور قرض لینے میں آدمی خود مختار ہے ایسے آدمی سے قرض نہ لے کسی دوسرے آدمی سے قرضہ لے سکتا ہے۔</p>, 1-64, 23 اگست 2005,حظر و اباحت,,"<div class=""blog-detail"">
<div class=""blog-detail-inf brd-rd5"">
<div class=""blog-detail-inf-inr"">
<ul class=""pst-mta"">
<li>
<b>فتوی نمبر: </b>1-64<i aria-hidden=""true"" class=""theme-clr fa fa-calendar-check-o""></i> </li>
<li>
<b>تاریخ: </b>23 اگست 2005													<i aria-hidden=""true"" class=""theme-clr fa fa-calendar-check-o""></i>
</li>
<li>
<b>عنوانات: </b><a class=""brd-rd5 topic-sm"" href=""https://darultaqwa.org/hazr-ibahat/"" itemprop=""url"">حظر و اباحت</a> <i aria-hidden=""true"" class=""fa fa-folder-open-o theme-clr""></i>
</li>
</ul>
</div>
</div>
<div class=""blog-detail-desc event-detail-desc"">
<h3 class=""fatwa-qa"">استفتاء</h3>
<p>1۔ اگر ایک آدمی اعلانیہ یہ اقرار کرتا ہو کہ اس کی کمائی حرام ہے تو کیا اگر وہ کسی کو ہدیہ دے یا کوئی اس شخص سے قرض لے تو ان دونوں کیلئے ہدیہ یا قرض استعمال کرنا جائز ہے یا نہیں ؟ اگر چہ ہدیہ یا قرض لینے والے خود ضرورت مند بھی ہیں ۔</p>
<p>2۔ اگر کسی شخص کی کمائی میں شک ہو کہ حلال ہے یا حرام تو کیا اس کا ہدیہ یا اس سے قرض لیکر استعمال کرنا جائز ہے یا نہیں؟</p>
<h3 class=""fatwa-ans"">الجواب :بسم اللہ حامداًومصلیاً</h3>
<p>دونوں صورتوں میں احتیاط یہ ہے کہ ایسے شخص سے قرضہ یا ہدیہ نہ لیا جائے۔فقط واللہ تعالیٰ اعلم</p>
<p>سوال:برائے مہربانی مسئلہ سمجھ میں نہیں آیا کیونکہ وہ ہدیہ دینے والا اور جس سے قرض لیا جا رہا ہے وہ بہت قریبی ہے کہ اس کے ہدیہ کو واپس نہیں کر سکتے اور اس کے علاوہ کسی سے قرض بھی نہیں لے سکتے تو اس صورت میں اس ہدیے کا کیا کریں اس کا استعمال جائز ہے یا نہیں؟ اور کسی دوسرے کو اگر دے دیا جائے تو گناہ تو نہیں ہو گا ؟</p>
<h3 class=""fatwa-ans"">الجواب :بسم اللہ حامداًومصلیاً</h3>
<p>اصل مسئلہ تو وہی ہے جو پہلے ذکر کر دیا ۔البتہ ہدیہ لینے کی مجبوری ہو تو ہدیہ لیکر آگے کسی مستحق زکوة کو ثواب کی نیت کے بغیر صدقہ کر دیں ۔اور قرض لینے میں آدمی خود مختار ہے ایسے آدمی سے قرض نہ لے کسی دوسرے آدمی سے قرضہ لے سکتا ہے۔</p>
<div class=""pst-shr-tgs"">
<div class=""scl1 float-left"">
<span>Share This: </span>
<a data-placement=""top"" data-toggle=""tooltip"" href=""https://www.facebook.com/sharer/sharer.php?u=https%3A%2F%2Fdarultaqwa.org%2Fharam-kamaai-wale-se-hadiya-na-lena-behtar-hai%2F"" itemprop=""url"" target=""_blank"" title=""Facebook""><i class=""fa fa-facebook""></i></a><a data-placement=""top"" data-toggle=""tooltip"" href=""https://twitter.com/intent/tweet?text=حرام%20کمائی%20والے%20سے%20ہدیہ%20نہ%20لینا%20بہتر%20ہے&amp;url=https%3A%2F%2Fdarultaqwa.org%2Fharam-kamaai-wale-se-hadiya-na-lena-behtar-hai%2F"" itemprop=""url"" target=""_blank"" title=""Twitter""><i class=""fa fa-twitter""></i></a><a data-placement=""top"" data-toggle=""tooltip"" href=""https://plus.google.com/share?url=https%3A%2F%2Fdarultaqwa.org%2Fharam-kamaai-wale-se-hadiya-na-lena-behtar-hai%2F"" itemprop=""url"" target=""_blank"" title=""Google Plus""><i class=""fa fa-google-plus""></i></a><a data-placement=""top"" data-toggle=""tooltip"" href=""http://www.linkedin.com/shareArticle?mini=true&amp;url=https%3A%2F%2Fdarultaqwa.org%2Fharam-kamaai-wale-se-hadiya-na-lena-behtar-hai%2F"" itemprop=""url"" target=""_blank"" title=""Linkedin""><i class=""fa fa-linkedin""></i></a> </div>
</div>
</div>
</div>",darultaqwa.org
https://darultaqwa.org/mathey-ke-baal-utarna/,ماتھے کے بال اتارنا,<p>اگر کسی عورت کے ماتھے پر بال ہوں تو وہ بال اتار سکتی ہیں ؟اور ماتھے کی تیب بنوا سکتی ہیں ؟ پلکنگ کے علاوہ یہ جائز ہے یا نہیں ؟</p>,<p>ماتھے پر کہاں تک بال ہیں واضح کریں ؟ فقط واللہ تعالیٰ اعلم</p>, 1-135, 22 اگست 2005,,,"<div class=""blog-detail"">
<div class=""blog-detail-inf brd-rd5"">
<div class=""blog-detail-inf-inr"">
<ul class=""pst-mta"">
<li>
<b>فتوی نمبر: </b>1-135<i aria-hidden=""true"" class=""theme-clr fa fa-calendar-check-o""></i> </li>
<li>
<b>تاریخ: </b>22 اگست 2005													<i aria-hidden=""true"" class=""theme-clr fa fa-calendar-check-o""></i>
</li>
<li>
<i aria-hidden=""true"" class=""fa fa-folder-open-o theme-clr""></i>
</li>
</ul>
</div>
</div>
<div class=""blog-detail-desc event-detail-desc"">
<h3 class=""fatwa-qa"">استفتاء</h3>
<p>اگر کسی عورت کے ماتھے پر بال ہوں تو وہ بال اتار سکتی ہیں ؟اور ماتھے کی تیب بنوا سکتی ہیں ؟ پلکنگ کے علاوہ یہ جائز ہے یا نہیں ؟</p>
<h3 class=""fatwa-ans"">الجواب :بسم اللہ حامداًومصلیاً</h3>
<p>ماتھے پر کہاں تک بال ہیں واضح کریں ؟ فقط واللہ تعالیٰ اعلم</p>
<div class=""pst-shr-tgs"">
<div class=""scl1 float-left"">
<span>Share This: </span>
<a data-placement=""top"" data-toggle=""tooltip"" href=""https://www.facebook.com/sharer/sharer.php?u=https%3A%2F%2Fdarultaqwa.org%2Fmathey-ke-baal-utarna%2F"" itemprop=""url"" target=""_blank"" title=""Facebook""><i class=""fa fa-facebook""></i></a><a data-placement=""top"" data-toggle=""tooltip"" href=""https://twitter.com/intent/tweet?text=ماتھے%20کے%20بال%20اتارنا&amp;url=https%3A%2F%2Fdarultaqwa.org%2Fmathey-ke-baal-utarna%2F"" itemprop=""url"" target=""_blank"" title=""Twitter""><i class=""fa fa-twitter""></i></a><a data-placement=""top"" data-toggle=""tooltip"" href=""https://plus.google.com/share?url=https%3A%2F%2Fdarultaqwa.org%2Fmathey-ke-baal-utarna%2F"" itemprop=""url"" target=""_blank"" title=""Google Plus""><i class=""fa fa-google-plus""></i></a><a data-placement=""top"" data-toggle=""tooltip"" href=""http://www.linkedin.com/shareArticle?mini=true&amp;url=https%3A%2F%2Fdarultaqwa.org%2Fmathey-ke-baal-utarna%2F"" itemprop=""url"" target=""_blank"" title=""Linkedin""><i class=""fa fa-linkedin""></i></a> </div>
</div>
</div>
</div>",darultaqwa.org
https://darultaqwa.org/khawab-ki-wajah-se-pareshaniyan/,خواب کی وجہ سے پریشانیاں,<p>ایک خاتون کو ان کے بار بار آنے والے خواب نے پریشان کر رکھا ہے امید ہے کہ آپ اسکا حل بتا کر اسکی پریشانی کو ختم کر دیں گے۔ایک آدمی نے اٹھارہ یا انیس سال سے داڑھی رکھی ہوئی ہے ۔ لیکن نماز کی پابندی زیادہ نہیں ہے ۔ اب تقریباً تین چار بار انکی اہلیہ نے خواب میں دیکھا ہے کہ وہ داڑھی مونڈھوانے کا کہتے ہیں جس پر انکی اہلیہ ان سے جھگڑا کرتی ہیں اس خواب نے ان کو پریشان کر دیا ہے ۔آپ براہ مہربانی اسکی تعبیر بتا دیں تا کہ پریشانی ختم ہو ۔</p>,<p>صورتِ مسئلہ میں سائلہ کو چاہیے کہ وہ اپنے شوہر کونرمی سے نماز کی تاکید کرتی رہیں ۔ خاوند سے جھگڑا نہ کریں اور نہ ہی خواب کی وجہ سے پریشان ہوں۔ فقط واللہ تعالیٰ اعلم</p>, 1-51, 05 اگست 2005,حظر و اباحت,استخارہ و تعبیر خواب,"<div class=""blog-detail"">
<div class=""blog-detail-inf brd-rd5"">
<div class=""blog-detail-inf-inr"">
<ul class=""pst-mta"">
<li>
<b>فتوی نمبر: </b>1-51<i aria-hidden=""true"" class=""theme-clr fa fa-calendar-check-o""></i> </li>
<li>
<b>تاریخ: </b>05 اگست 2005													<i aria-hidden=""true"" class=""theme-clr fa fa-calendar-check-o""></i>
</li>
<li>
<b>عنوانات: </b><a class=""brd-rd5 topic-sm"" href=""https://darultaqwa.org/hazr-ibahat/"" itemprop=""url"">حظر و اباحت</a> &gt; <a class=""brd-rd5 topic-sm"" href=""https://darultaqwa.org/hazr-ibahat/istikhara-tabeer-khawab/"" itemprop=""url"">استخارہ و تعبیر خواب</a> <i aria-hidden=""true"" class=""fa fa-folder-open-o theme-clr""></i>
</li>
</ul>
</div>
</div>
<div class=""blog-detail-desc event-detail-desc"">
<h3 class=""fatwa-qa"">استفتاء</h3>
<p>ایک خاتون کو ان کے بار بار آنے والے خواب نے پریشان کر رکھا ہے امید ہے کہ آپ اسکا حل بتا کر اسکی پریشانی کو ختم کر دیں گے۔ایک آدمی نے اٹھارہ یا انیس سال سے داڑھی رکھی ہوئی ہے ۔ لیکن نماز کی پابندی زیادہ نہیں ہے ۔ اب تقریباً تین چار بار انکی اہلیہ نے خواب میں دیکھا ہے کہ وہ داڑھی مونڈھوانے کا کہتے ہیں جس پر انکی اہلیہ ان سے جھگڑا کرتی ہیں اس خواب نے ان کو پریشان کر دیا ہے ۔آپ براہ مہربانی اسکی تعبیر بتا دیں تا کہ پریشانی ختم ہو ۔</p>
<h3 class=""fatwa-ans"">الجواب :بسم اللہ حامداًومصلیاً</h3>
<p>صورتِ مسئلہ میں سائلہ کو چاہیے کہ وہ اپنے شوہر کونرمی سے نماز کی تاکید کرتی رہیں ۔ خاوند سے جھگڑا نہ کریں اور نہ ہی خواب کی وجہ سے پریشان ہوں۔ فقط واللہ تعالیٰ اعلم</p>
<div class=""pst-shr-tgs"">
<div class=""scl1 float-left"">
<span>Share This: </span>
<a data-placement=""top"" data-toggle=""tooltip"" href=""https://www.facebook.com/sharer/sharer.php?u=https%3A%2F%2Fdarultaqwa.org%2Fkhawab-ki-wajah-se-pareshaniyan%2F"" itemprop=""url"" target=""_blank"" title=""Facebook""><i class=""fa fa-facebook""></i></a><a data-placement=""top"" data-toggle=""tooltip"" href=""https://twitter.com/intent/tweet?text=خواب%20کی%20وجہ%20سے%20پریشانیاں&amp;url=https%3A%2F%2Fdarultaqwa.org%2Fkhawab-ki-wajah-se-pareshaniyan%2F"" itemprop=""url"" target=""_blank"" title=""Twitter""><i class=""fa fa-twitter""></i></a><a data-placement=""top"" data-toggle=""tooltip"" href=""https://plus.google.com/share?url=https%3A%2F%2Fdarultaqwa.org%2Fkhawab-ki-wajah-se-pareshaniyan%2F"" itemprop=""url"" target=""_blank"" title=""Google Plus""><i class=""fa fa-google-plus""></i></a><a data-placement=""top"" data-toggle=""tooltip"" href=""http://www.linkedin.com/shareArticle?mini=true&amp;url=https%3A%2F%2Fdarultaqwa.org%2Fkhawab-ki-wajah-se-pareshaniyan%2F"" itemprop=""url"" target=""_blank"" title=""Linkedin""><i class=""fa fa-linkedin""></i></a> </div>
</div>
</div>
</div>",darultaqwa.org
https://darultaqwa.org/masjid-mein-khawateen-ke-liye-waaz-o-nasihat-aur-taleem/,مسجد میں خواتین کے لیے وعظ و نصیحت اور تعلیم,<p>ایک دفتر میں مسجد نہیں تھی لوگ دفتر کے ہال میں جمع ہو کر ایک جگہ برسا برس سے ظہر کی نماز پڑھ رہے تھے۔ اب ایک مسجد بنائی گئی ہے جس میں لوگ صرف ظہر کی باجماعت نماز پڑھتے ہیں۔ اس مسجد میں یا کسی بھی مسجد میں خواتین کے لیے وعظ و نصیحت ہوسکتی ہے یا نہیں؟ یعنی جیسے قران پاک سیکھا جانا، یا مسائل سیکھنا صبح کے اوقات میں صرف عورتیں۔ کیا یہ جائز ہے؟ حائضہ مسجد میں نہیں جائیں گی۔</p>,<p>محض وعظ و نصیحت سننے کے لیے عورتوں کا گھر سے نکلنا صحیح نہیں۔ قران پاک یا مسائل کی تعلیم ہو تو اگرچہ مسجد میں ہوتو سکتی ہے لیکن چونکہ مسجد میں کوئی بھی مرد کسی بھی وقت آسکتا ہے عورتوں کی وجہ سے اس کو روک نہیں سکتے۔ اس لیے ضروری ہے کہ عورتوں کی تعلیم کا بندوبست کسی باپردہ گھر میں ہو۔ فقط واللہ تعالیٰ اعلم</p>, 1-48, 05 جولائی 2005,حظر و اباحت,منتقل شدہ فی حظر و اباحت,"<div class=""blog-detail"">
<div class=""blog-detail-inf brd-rd5"">
<div class=""blog-detail-inf-inr"">
<ul class=""pst-mta"">
<li>
<b>فتوی نمبر: </b>1-48<i aria-hidden=""true"" class=""theme-clr fa fa-calendar-check-o""></i> </li>
<li>
<b>تاریخ: </b>05 جولائی 2005													<i aria-hidden=""true"" class=""theme-clr fa fa-calendar-check-o""></i>
</li>
<li>
<b>عنوانات: </b><a class=""brd-rd5 topic-sm"" href=""https://darultaqwa.org/hazr-ibahat/"" itemprop=""url"">حظر و اباحت</a> &gt; <a class=""brd-rd5 topic-sm"" href=""https://darultaqwa.org/hazr-ibahat/%d9%85%d9%86%d8%aa%d9%82%d9%84-%d8%b4%d8%af%db%81-%d9%81%db%8c-%d8%ad%d8%b8%d8%b1-%d9%88-%d8%a7%d8%a8%d8%a7%d8%ad%d8%aa/"" itemprop=""url"">منتقل شدہ فی حظر و اباحت</a> <i aria-hidden=""true"" class=""fa fa-folder-open-o theme-clr""></i>
</li>
</ul>
</div>
</div>
<div class=""blog-detail-desc event-detail-desc"">
<h3 class=""fatwa-qa"">استفتاء</h3>
<p>ایک دفتر میں مسجد نہیں تھی لوگ دفتر کے ہال میں جمع ہو کر ایک جگہ برسا برس سے ظہر کی نماز پڑھ رہے تھے۔ اب ایک مسجد بنائی گئی ہے جس میں لوگ صرف ظہر کی باجماعت نماز پڑھتے ہیں۔ اس مسجد میں یا کسی بھی مسجد میں خواتین کے لیے وعظ و نصیحت ہوسکتی ہے یا نہیں؟ یعنی جیسے قران پاک سیکھا جانا، یا مسائل سیکھنا صبح کے اوقات میں صرف عورتیں۔ کیا یہ جائز ہے؟ حائضہ مسجد میں نہیں جائیں گی۔</p>
<h3 class=""fatwa-ans"">الجواب :بسم اللہ حامداًومصلیاً</h3>
<p>محض وعظ و نصیحت سننے کے لیے عورتوں کا گھر سے نکلنا صحیح نہیں۔ قران پاک یا مسائل کی تعلیم ہو تو اگرچہ مسجد میں ہوتو سکتی ہے لیکن چونکہ مسجد میں کوئی بھی مرد کسی بھی وقت آسکتا ہے عورتوں کی وجہ سے اس کو روک نہیں سکتے۔ اس لیے ضروری ہے کہ عورتوں کی تعلیم کا بندوبست کسی باپردہ گھر میں ہو۔ فقط واللہ تعالیٰ اعلم</p>
<div class=""pst-shr-tgs"">
<div class=""scl1 float-left"">
<span>Share This: </span>
<a data-placement=""top"" data-toggle=""tooltip"" href=""https://www.facebook.com/sharer/sharer.php?u=https%3A%2F%2Fdarultaqwa.org%2Fmasjid-mein-khawateen-ke-liye-waaz-o-nasihat-aur-taleem%2F"" itemprop=""url"" target=""_blank"" title=""Facebook""><i class=""fa fa-facebook""></i></a><a data-placement=""top"" data-toggle=""tooltip"" href=""https://twitter.com/intent/tweet?text=مسجد%20میں%20خواتین%20کے%20لیے%20وعظ%20و%20نصیحت%20اور%20تعلیم&amp;url=https%3A%2F%2Fdarultaqwa.org%2Fmasjid-mein-khawateen-ke-liye-waaz-o-nasihat-aur-taleem%2F"" itemprop=""url"" target=""_blank"" title=""Twitter""><i class=""fa fa-twitter""></i></a><a data-placement=""top"" data-toggle=""tooltip"" href=""https://plus.google.com/share?url=https%3A%2F%2Fdarultaqwa.org%2Fmasjid-mein-khawateen-ke-liye-waaz-o-nasihat-aur-taleem%2F"" itemprop=""url"" target=""_blank"" title=""Google Plus""><i class=""fa fa-google-plus""></i></a><a data-placement=""top"" data-toggle=""tooltip"" href=""http://www.linkedin.com/shareArticle?mini=true&amp;url=https%3A%2F%2Fdarultaqwa.org%2Fmasjid-mein-khawateen-ke-liye-waaz-o-nasihat-aur-taleem%2F"" itemprop=""url"" target=""_blank"" title=""Linkedin""><i class=""fa fa-linkedin""></i></a> </div>
</div>
</div>
</div>",darultaqwa.org
https://darultaqwa.org/ghair-mehram-peer-aur-aalim-ko-dekhna-jayaz-nahi/,غیر محرم ،پیر وعالم کو دیکھنا جائز نہیں,<p>مستورات کا غیر محرم عالمِ دین ،پیر ،بوڑھے بزرگ وغیرہ کو دیکھنا کیسا ہے؟</p>,<p>واضح رہے کہ مجبوری سے نظر پڑے مثلاً سڑک پر چلتے ہوئے راستہ دیکھنے کیلئے وغیرہ تو کوئی گناہ نہیں ۔لیکن عام حالات میں غیر مردوں کی طرف دیکھنا جائز نہیں ہے۔۔۔۔ فقط واللہ تعالیٰ اعلم</p>, 1-54, 13 جون 2005,حظر و اباحت,پردے کا بیان,"<div class=""blog-detail"">
<div class=""blog-detail-inf brd-rd5"">
<div class=""blog-detail-inf-inr"">
<ul class=""pst-mta"">
<li>
<b>فتوی نمبر: </b>1-54<i aria-hidden=""true"" class=""theme-clr fa fa-calendar-check-o""></i> </li>
<li>
<b>تاریخ: </b>13 جون 2005													<i aria-hidden=""true"" class=""theme-clr fa fa-calendar-check-o""></i>
</li>
<li>
<b>عنوانات: </b><a class=""brd-rd5 topic-sm"" href=""https://darultaqwa.org/hazr-ibahat/"" itemprop=""url"">حظر و اباحت</a> &gt; <a class=""brd-rd5 topic-sm"" href=""https://darultaqwa.org/hazr-ibahat/parda-bayan/"" itemprop=""url"">پردے کا بیان</a> <i aria-hidden=""true"" class=""fa fa-folder-open-o theme-clr""></i>
</li>
</ul>
</div>
</div>
<div class=""blog-detail-desc event-detail-desc"">
<h3 class=""fatwa-qa"">استفتاء</h3>
<p>مستورات کا غیر محرم عالمِ دین ،پیر ،بوڑھے بزرگ وغیرہ کو دیکھنا کیسا ہے؟</p>
<h3 class=""fatwa-ans"">الجواب :بسم اللہ حامداًومصلیاً</h3>
<p>واضح رہے کہ مجبوری سے نظر پڑے مثلاً سڑک پر چلتے ہوئے راستہ دیکھنے کیلئے وغیرہ تو کوئی گناہ نہیں ۔لیکن عام حالات میں غیر مردوں کی طرف دیکھنا جائز نہیں ہے۔۔۔۔ فقط واللہ تعالیٰ اعلم</p>
<div class=""pst-shr-tgs"">
<div class=""scl1 float-left"">
<span>Share This: </span>
<a data-placement=""top"" data-toggle=""tooltip"" href=""https://www.facebook.com/sharer/sharer.php?u=https%3A%2F%2Fdarultaqwa.org%2Fghair-mehram-peer-aur-aalim-ko-dekhna-jayaz-nahi%2F"" itemprop=""url"" target=""_blank"" title=""Facebook""><i class=""fa fa-facebook""></i></a><a data-placement=""top"" data-toggle=""tooltip"" href=""https://twitter.com/intent/tweet?text=غیر%20محرم%20،پیر%20وعالم%20کو%20دیکھنا%20جائز%20نہیں&amp;url=https%3A%2F%2Fdarultaqwa.org%2Fghair-mehram-peer-aur-aalim-ko-dekhna-jayaz-nahi%2F"" itemprop=""url"" target=""_blank"" title=""Twitter""><i class=""fa fa-twitter""></i></a><a data-placement=""top"" data-toggle=""tooltip"" href=""https://plus.google.com/share?url=https%3A%2F%2Fdarultaqwa.org%2Fghair-mehram-peer-aur-aalim-ko-dekhna-jayaz-nahi%2F"" itemprop=""url"" target=""_blank"" title=""Google Plus""><i class=""fa fa-google-plus""></i></a><a data-placement=""top"" data-toggle=""tooltip"" href=""http://www.linkedin.com/shareArticle?mini=true&amp;url=https%3A%2F%2Fdarultaqwa.org%2Fghair-mehram-peer-aur-aalim-ko-dekhna-jayaz-nahi%2F"" itemprop=""url"" target=""_blank"" title=""Linkedin""><i class=""fa fa-linkedin""></i></a> </div>
</div>
</div>
</div>",darultaqwa.org
https://darultaqwa.org/riyan-naam-ka-firaun-ki-taraf-intisaab/,ریان نام کا فرعون کی طرف انتساب,<p>میرے ایک بیٹے کا نام ریان احمد رضوان ہے۔ مجھے کسی نے بتایا ہے کہ یہ نام بدل دیں کیونکہ یہ نام کوئی بھی صحیح تلفظ سے نہیں پکارا جائے گا۔ جب ریان پکارا جائے گا تو ریان ایک فرعون کا نام تھا جو اللہ تعالیٰ کے مقابلے میں کھڑا ہو گیا تھا۔ میں چاہتی ہوں کہ آپ میری رہنمائی فرمائیں میرا بچہ ویسے ضد بھی بہت کرتا ہے۔ اور بچپن سے وہ بیمار بھی رہا اور اس کے کانوں کا بھی مسئلہ تھا وہ سن نہیں سکتا تھا لیکن الحمد للہ اس کے کانوں کے آپریشن کے بعد اسے سنائی کا مسئلہ تو حل ہوگیا ہے لیکن نہ سننے کی وجہ سے وہ اپنی عمر سے پیچھے رہ گیا ہے۔ اس وقت اس کی عمر ساڑھے چار سال ہے۔ اگر میں اس کا نام احمد رضوان رکھ لوں۔</p><p>نوٹ: میرے باقی دو بچوں کے نام یہ ہیں صفی رضوان، زوہیب رضوان۔ ان کے بارے میں بھی اپنی رائے دیجئے۔</p>,"<p>واضح رہے کہ ” ریّان ” نام رکھنا صحیح ہے اور اس کے معنی بھی صحیح ہیں، نیز ( ریان) یاء پر تشدید کے بغیر اس فرعون کا نام نہیں ہے جس نے خدائی کا دعوی کیا تھا اس کا نام تو ولید بن مصعب تھا بلکہ ریان اس فرعون کا نام ہے جو حضرت یوسف علیہ السلام  کے زمانہ میں مصر کا بادشاہ تھا اور وہ حضرت یوسف علیہ السلام پر ایمان لے آیا تھا اور مسلمان تھا، لہذا ” ریّان” نام بدلنے کی کوئی وجہ نہیں ہے البتہ اگر آپ اپنی خوشی سے احمد رضوان نام رکھنا چاہیں تو اس کی بھی اجازت ہے۔ جیسا کہ تفسیر روح المعانی میں ہے:</p><p><span class=""arabic-quote"">و فرعون لقب لمن ملك العمالقة … و اسم فرعون هذا الوليد بن معصب … و الصحيح أنه غير فرعون يوسف عليه السلام و كان اسمه على المشهور الريان بن الوليد و قد آمن بيوسف عليه السلام و مات في حياته. (1/ 343 ) </span></p>", 1-43, 28 مئی 2005,حظر و اباحت,منتقل شدہ فی حظر و اباحت,"<div class=""blog-detail"">
<div class=""blog-detail-inf brd-rd5"">
<div class=""blog-detail-inf-inr"">
<ul class=""pst-mta"">
<li>
<b>فتوی نمبر: </b>1-43<i aria-hidden=""true"" class=""theme-clr fa fa-calendar-check-o""></i> </li>
<li>
<b>تاریخ: </b>28 مئی 2005													<i aria-hidden=""true"" class=""theme-clr fa fa-calendar-check-o""></i>
</li>
<li>
<b>عنوانات: </b><a class=""brd-rd5 topic-sm"" href=""https://darultaqwa.org/hazr-ibahat/"" itemprop=""url"">حظر و اباحت</a> &gt; <a class=""brd-rd5 topic-sm"" href=""https://darultaqwa.org/hazr-ibahat/%d9%85%d9%86%d8%aa%d9%82%d9%84-%d8%b4%d8%af%db%81-%d9%81%db%8c-%d8%ad%d8%b8%d8%b1-%d9%88-%d8%a7%d8%a8%d8%a7%d8%ad%d8%aa/"" itemprop=""url"">منتقل شدہ فی حظر و اباحت</a> <i aria-hidden=""true"" class=""fa fa-folder-open-o theme-clr""></i>
</li>
</ul>
</div>
</div>
<div class=""blog-detail-desc event-detail-desc"">
<h3 class=""fatwa-qa"">استفتاء</h3>
<p>میرے ایک بیٹے کا نام ریان احمد رضوان ہے۔ مجھے کسی نے بتایا ہے کہ یہ نام بدل دیں کیونکہ یہ نام کوئی بھی صحیح تلفظ سے نہیں پکارا جائے گا۔ جب ریان پکارا جائے گا تو ریان ایک فرعون کا نام تھا جو اللہ تعالیٰ کے مقابلے میں کھڑا ہو گیا تھا۔ میں چاہتی ہوں کہ آپ میری رہنمائی فرمائیں میرا بچہ ویسے ضد بھی بہت کرتا ہے۔ اور بچپن سے وہ بیمار بھی رہا اور اس کے کانوں کا بھی مسئلہ تھا وہ سن نہیں سکتا تھا لیکن الحمد للہ اس کے کانوں کے آپریشن کے بعد اسے سنائی کا مسئلہ تو حل ہوگیا ہے لیکن نہ سننے کی وجہ سے وہ اپنی عمر سے پیچھے رہ گیا ہے۔ اس وقت اس کی عمر ساڑھے چار سال ہے۔ اگر میں اس کا نام احمد رضوان رکھ لوں۔</p>
<p>نوٹ: میرے باقی دو بچوں کے نام یہ ہیں صفی رضوان، زوہیب رضوان۔ ان کے بارے میں بھی اپنی رائے دیجئے۔</p>
<h3 class=""fatwa-ans"">الجواب :بسم اللہ حامداًومصلیاً</h3>
<p>واضح رہے کہ ” ریّان ” نام رکھنا صحیح ہے اور اس کے معنی بھی صحیح ہیں، نیز ( ریان) یاء پر تشدید کے بغیر اس فرعون کا نام نہیں ہے جس نے خدائی کا دعوی کیا تھا اس کا نام تو ولید بن مصعب تھا بلکہ ریان اس فرعون کا نام ہے جو حضرت یوسف علیہ السلام  کے زمانہ میں مصر کا بادشاہ تھا اور وہ حضرت یوسف علیہ السلام پر ایمان لے آیا تھا اور مسلمان تھا، لہذا ” ریّان” نام بدلنے کی کوئی وجہ نہیں ہے البتہ اگر آپ اپنی خوشی سے احمد رضوان نام رکھنا چاہیں تو اس کی بھی اجازت ہے۔ جیسا کہ تفسیر روح المعانی میں ہے:</p>
<p><span class=""arabic-quote"">و فرعون لقب لمن ملك العمالقة … و اسم فرعون هذا الوليد بن معصب … و الصحيح أنه غير فرعون يوسف عليه السلام و كان اسمه على المشهور الريان بن الوليد و قد آمن بيوسف عليه السلام و مات في حياته. (1/ 343 ) </span></p>
<div class=""pst-shr-tgs"">
<div class=""scl1 float-left"">
<span>Share This: </span>
<a data-placement=""top"" data-toggle=""tooltip"" href=""https://www.facebook.com/sharer/sharer.php?u=https%3A%2F%2Fdarultaqwa.org%2Friyan-naam-ka-firaun-ki-taraf-intisaab%2F"" itemprop=""url"" target=""_blank"" title=""Facebook""><i class=""fa fa-facebook""></i></a><a data-placement=""top"" data-toggle=""tooltip"" href=""https://twitter.com/intent/tweet?text=ریان%20نام%20کا%20فرعون%20کی%20طرف%20انتساب&amp;url=https%3A%2F%2Fdarultaqwa.org%2Friyan-naam-ka-firaun-ki-taraf-intisaab%2F"" itemprop=""url"" target=""_blank"" title=""Twitter""><i class=""fa fa-twitter""></i></a><a data-placement=""top"" data-toggle=""tooltip"" href=""https://plus.google.com/share?url=https%3A%2F%2Fdarultaqwa.org%2Friyan-naam-ka-firaun-ki-taraf-intisaab%2F"" itemprop=""url"" target=""_blank"" title=""Google Plus""><i class=""fa fa-google-plus""></i></a><a data-placement=""top"" data-toggle=""tooltip"" href=""http://www.linkedin.com/shareArticle?mini=true&amp;url=https%3A%2F%2Fdarultaqwa.org%2Friyan-naam-ka-firaun-ki-taraf-intisaab%2F"" itemprop=""url"" target=""_blank"" title=""Linkedin""><i class=""fa fa-linkedin""></i></a> </div>
</div>
</div>
</div>",darultaqwa.org
https://darultaqwa.org/jooton-ke-upar-likhai/,جوتوں کے اوپر لکھائی,<p>بعض اوقات جوتوں کی ایڑی یا جوتے کے نیچے تلے پر کچھ لکھاہوتاہے۔ اور وہ مٹائے نہیں مٹتے۔ کوئی پینٹ وغیرہ پھیرا جائے تو وہ کبھی اتر بھی جاتاہے۔ توپھر ایسی صورت میں کیا کیا جائے۔</p>,<p>اگر جوتے پر کوئی اسٹیکر لگاہو یا لکھاہوا بآسانی  اتر سکے تو اسے اتاردیا جائے۔ اور جو بآسانی نہ اتر سکے اس کی ذمہ داری لکھنے والوں پر ہے۔ فقط واللہ تعالیٰ اعلم</p>, 2-101, 22 مئی 2005,حظر و اباحت,لباس و وضع قطع,"<div class=""blog-detail"">
<div class=""blog-detail-inf brd-rd5"">
<div class=""blog-detail-inf-inr"">
<ul class=""pst-mta"">
<li>
<b>فتوی نمبر: </b>2-101<i aria-hidden=""true"" class=""theme-clr fa fa-calendar-check-o""></i> </li>
<li>
<b>تاریخ: </b>22 مئی 2005													<i aria-hidden=""true"" class=""theme-clr fa fa-calendar-check-o""></i>
</li>
<li>
<b>عنوانات: </b><a class=""brd-rd5 topic-sm"" href=""https://darultaqwa.org/hazr-ibahat/"" itemprop=""url"">حظر و اباحت</a> &gt; <a class=""brd-rd5 topic-sm"" href=""https://darultaqwa.org/hazr-ibahat/libas-waza-qata/"" itemprop=""url"">لباس و وضع قطع</a> <i aria-hidden=""true"" class=""fa fa-folder-open-o theme-clr""></i>
</li>
</ul>
</div>
</div>
<div class=""blog-detail-desc event-detail-desc"">
<h3 class=""fatwa-qa"">استفتاء</h3>
<p>بعض اوقات جوتوں کی ایڑی یا جوتے کے نیچے تلے پر کچھ لکھاہوتاہے۔ اور وہ مٹائے نہیں مٹتے۔ کوئی پینٹ وغیرہ پھیرا جائے تو وہ کبھی اتر بھی جاتاہے۔ توپھر ایسی صورت میں کیا کیا جائے۔</p>
<h3 class=""fatwa-ans"">الجواب :بسم اللہ حامداًومصلیاً</h3>
<p>اگر جوتے پر کوئی اسٹیکر لگاہو یا لکھاہوا بآسانی  اتر سکے تو اسے اتاردیا جائے۔ اور جو بآسانی نہ اتر سکے اس کی ذمہ داری لکھنے والوں پر ہے۔ فقط واللہ تعالیٰ اعلم</p>
<div class=""pst-shr-tgs"">
<div class=""scl1 float-left"">
<span>Share This: </span>
<a data-placement=""top"" data-toggle=""tooltip"" href=""https://www.facebook.com/sharer/sharer.php?u=https%3A%2F%2Fdarultaqwa.org%2Fjooton-ke-upar-likhai%2F"" itemprop=""url"" target=""_blank"" title=""Facebook""><i class=""fa fa-facebook""></i></a><a data-placement=""top"" data-toggle=""tooltip"" href=""https://twitter.com/intent/tweet?text=جوتوں%20کے%20اوپر%20لکھائی&amp;url=https%3A%2F%2Fdarultaqwa.org%2Fjooton-ke-upar-likhai%2F"" itemprop=""url"" target=""_blank"" title=""Twitter""><i class=""fa fa-twitter""></i></a><a data-placement=""top"" data-toggle=""tooltip"" href=""https://plus.google.com/share?url=https%3A%2F%2Fdarultaqwa.org%2Fjooton-ke-upar-likhai%2F"" itemprop=""url"" target=""_blank"" title=""Google Plus""><i class=""fa fa-google-plus""></i></a><a data-placement=""top"" data-toggle=""tooltip"" href=""http://www.linkedin.com/shareArticle?mini=true&amp;url=https%3A%2F%2Fdarultaqwa.org%2Fjooton-ke-upar-likhai%2F"" itemprop=""url"" target=""_blank"" title=""Linkedin""><i class=""fa fa-linkedin""></i></a> </div>
</div>
</div>
</div>",darultaqwa.org
https://darultaqwa.org/alamate-balughat/,علامات بلوغت,<p>علامات بلوغ کیا ہیں۔(لڑکا ،لڑکی) نیز اگر علامات بلوغ ظاہر نہ ہو ں تو آج کل کے زمانے میں کس عمر میں (لڑکا،لڑکی) بالغ ہوتے ہیں؟ برائے مہربانی بحوالہ تحریر کریں۔</p>,"<p>1۔لڑکے کے بالغ ہونے کی علامت یہ ہے کہ اسے انزال ہوجائے (خواہ سوتے ہوئے خواہ بیداری میں) اور لڑکی کے بالغ ہونے کی علامت یہ ہے کہ اسے حیض (ماہواری)شروع ہوجائے۔</p><p>2۔اگر لڑکے اور لڑکی میں علامات بلوغ نہ پائی جائیں تو دونوں پر پندرہ سال مکمل ہونے پر بلوغ کا حکم لگایاجائے گا۔</p><p><span class=""arabic-quote"">بلوغ الغلام بالاحتلام والإحبال والإنزال والإصل هو الإنزال والجارية بالاحتلام والحيض و الحبل۔۔۔فإن لم يوجد فيهما شيئ فحتی يتم لكل منهما خمس عشرة سنة  به يفتی۔(شامی9/  260 ) فقط واللہ تعالیٰ اعلم</span></p><p> </p>", 2-54, 22 مئی 2005,حظر و اباحت,پردے کا بیان,"<div class=""blog-detail"">
<div class=""blog-detail-inf brd-rd5"">
<div class=""blog-detail-inf-inr"">
<ul class=""pst-mta"">
<li>
<b>فتوی نمبر: </b>2-54<i aria-hidden=""true"" class=""theme-clr fa fa-calendar-check-o""></i> </li>
<li>
<b>تاریخ: </b>22 مئی 2005													<i aria-hidden=""true"" class=""theme-clr fa fa-calendar-check-o""></i>
</li>
<li>
<b>عنوانات: </b><a class=""brd-rd5 topic-sm"" href=""https://darultaqwa.org/hazr-ibahat/"" itemprop=""url"">حظر و اباحت</a> &gt; <a class=""brd-rd5 topic-sm"" href=""https://darultaqwa.org/hazr-ibahat/parda-bayan/"" itemprop=""url"">پردے کا بیان</a> <i aria-hidden=""true"" class=""fa fa-folder-open-o theme-clr""></i>
</li>
</ul>
</div>
</div>
<div class=""blog-detail-desc event-detail-desc"">
<h3 class=""fatwa-qa"">استفتاء</h3>
<p>علامات بلوغ کیا ہیں۔(لڑکا ،لڑکی) نیز اگر علامات بلوغ ظاہر نہ ہو ں تو آج کل کے زمانے میں کس عمر میں (لڑکا،لڑکی) بالغ ہوتے ہیں؟ برائے مہربانی بحوالہ تحریر کریں۔</p>
<h3 class=""fatwa-ans"">الجواب :بسم اللہ حامداًومصلیاً</h3>
<p>1۔لڑکے کے بالغ ہونے کی علامت یہ ہے کہ اسے انزال ہوجائے (خواہ سوتے ہوئے خواہ بیداری میں) اور لڑکی کے بالغ ہونے کی علامت یہ ہے کہ اسے حیض (ماہواری)شروع ہوجائے۔</p>
<p>2۔اگر لڑکے اور لڑکی میں علامات بلوغ نہ پائی جائیں تو دونوں پر پندرہ سال مکمل ہونے پر بلوغ کا حکم لگایاجائے گا۔</p>
<p><span class=""arabic-quote"">بلوغ الغلام بالاحتلام والإحبال والإنزال والإصل هو الإنزال والجارية بالاحتلام والحيض و الحبل۔۔۔فإن لم يوجد فيهما شيئ فحتی يتم لكل منهما خمس عشرة سنة  به يفتی۔(شامی9/  260 ) فقط واللہ تعالیٰ اعلم</span></p>
<p> </p>
<div class=""pst-shr-tgs"">
<div class=""scl1 float-left"">
<span>Share This: </span>
<a data-placement=""top"" data-toggle=""tooltip"" href=""https://www.facebook.com/sharer/sharer.php?u=https%3A%2F%2Fdarultaqwa.org%2Falamate-balughat%2F"" itemprop=""url"" target=""_blank"" title=""Facebook""><i class=""fa fa-facebook""></i></a><a data-placement=""top"" data-toggle=""tooltip"" href=""https://twitter.com/intent/tweet?text=علامات%20بلوغت&amp;url=https%3A%2F%2Fdarultaqwa.org%2Falamate-balughat%2F"" itemprop=""url"" target=""_blank"" title=""Twitter""><i class=""fa fa-twitter""></i></a><a data-placement=""top"" data-toggle=""tooltip"" href=""https://plus.google.com/share?url=https%3A%2F%2Fdarultaqwa.org%2Falamate-balughat%2F"" itemprop=""url"" target=""_blank"" title=""Google Plus""><i class=""fa fa-google-plus""></i></a><a data-placement=""top"" data-toggle=""tooltip"" href=""http://www.linkedin.com/shareArticle?mini=true&amp;url=https%3A%2F%2Fdarultaqwa.org%2Falamate-balughat%2F"" itemprop=""url"" target=""_blank"" title=""Linkedin""><i class=""fa fa-linkedin""></i></a> </div>
</div>
</div>
</div>",darultaqwa.org
https://darultaqwa.org/qaumi-tarane-ke-liye-khara-hona/,قومی ترانے کیلئے کھڑا ہونا,<p>قومی ترانہ پڑھنا اور پڑھتے وقت کھڑا ہونا شریعت کی رو سے کیسا ہے؟</p>,<p>مروجہ طریقے پر قومی ترانہ گانایا پڑھنا اور اس کیلئے کھڑا ہونا یہ سب غیر شرعی باتیں ہیں۔۔۔۔۔۔فقط واللہ تعالیٰ اعلم</p>, 1-53, 04 مئی 2005,حظر و اباحت,اخلاق و آداب,"<div class=""blog-detail"">
<div class=""blog-detail-inf brd-rd5"">
<div class=""blog-detail-inf-inr"">
<ul class=""pst-mta"">
<li>
<b>فتوی نمبر: </b>1-53<i aria-hidden=""true"" class=""theme-clr fa fa-calendar-check-o""></i> </li>
<li>
<b>تاریخ: </b>04 مئی 2005													<i aria-hidden=""true"" class=""theme-clr fa fa-calendar-check-o""></i>
</li>
<li>
<b>عنوانات: </b><a class=""brd-rd5 topic-sm"" href=""https://darultaqwa.org/hazr-ibahat/"" itemprop=""url"">حظر و اباحت</a> &gt; <a class=""brd-rd5 topic-sm"" href=""https://darultaqwa.org/hazr-ibahat/akhlaq-aadab/"" itemprop=""url"">اخلاق و آداب</a> &gt; <a class=""brd-rd5 topic-sm"" href=""https://darultaqwa.org/hazr-ibahat/%d9%85%d9%86%d8%aa%d9%82%d9%84-%d8%b4%d8%af%db%81-%d9%81%db%8c-%d8%ad%d8%b8%d8%b1-%d9%88-%d8%a7%d8%a8%d8%a7%d8%ad%d8%aa/"" itemprop=""url"">منتقل شدہ فی حظر و اباحت</a> <i aria-hidden=""true"" class=""fa fa-folder-open-o theme-clr""></i>
</li>
</ul>
</div>
</div>
<div class=""blog-detail-desc event-detail-desc"">
<h3 class=""fatwa-qa"">استفتاء</h3>
<p>قومی ترانہ پڑھنا اور پڑھتے وقت کھڑا ہونا شریعت کی رو سے کیسا ہے؟</p>
<h3 class=""fatwa-ans"">الجواب :بسم اللہ حامداًومصلیاً</h3>
<p>مروجہ طریقے پر قومی ترانہ گانایا پڑھنا اور اس کیلئے کھڑا ہونا یہ سب غیر شرعی باتیں ہیں۔۔۔۔۔۔فقط واللہ تعالیٰ اعلم</p>
<div class=""pst-shr-tgs"">
<div class=""scl1 float-left"">
<span>Share This: </span>
<a data-placement=""top"" data-toggle=""tooltip"" href=""https://www.facebook.com/sharer/sharer.php?u=https%3A%2F%2Fdarultaqwa.org%2Fqaumi-tarane-ke-liye-khara-hona%2F"" itemprop=""url"" target=""_blank"" title=""Facebook""><i class=""fa fa-facebook""></i></a><a data-placement=""top"" data-toggle=""tooltip"" href=""https://twitter.com/intent/tweet?text=قومی%20ترانے%20کیلئے%20کھڑا%20ہونا&amp;url=https%3A%2F%2Fdarultaqwa.org%2Fqaumi-tarane-ke-liye-khara-hona%2F"" itemprop=""url"" target=""_blank"" title=""Twitter""><i class=""fa fa-twitter""></i></a><a data-placement=""top"" data-toggle=""tooltip"" href=""https://plus.google.com/share?url=https%3A%2F%2Fdarultaqwa.org%2Fqaumi-tarane-ke-liye-khara-hona%2F"" itemprop=""url"" target=""_blank"" title=""Google Plus""><i class=""fa fa-google-plus""></i></a><a data-placement=""top"" data-toggle=""tooltip"" href=""http://www.linkedin.com/shareArticle?mini=true&amp;url=https%3A%2F%2Fdarultaqwa.org%2Fqaumi-tarane-ke-liye-khara-hona%2F"" itemprop=""url"" target=""_blank"" title=""Linkedin""><i class=""fa fa-linkedin""></i></a> </div>
</div>
</div>
</div>",darultaqwa.org
https://darultaqwa.org/khala-ka-bhanji-ke-shohar-se-parda-hai/,خالہ کا بھانجی کے شوہر سے پردہ ہے,<p>سگی خالہ اپنی سگی بھانجی کے میاں سے پردہ کر سکتی ہیں؟ یا نہیں ۔جواب دیکر عنداللہ ماجور ہوں۔</p>,<p>خالہ کا اپنی بھانجی کے میاں سے پردہ ہے۔فقط واللہ تعالیٰ اعلم</p>, 1-40, 26 اپریل 2005,حظر و اباحت,پردے کا بیان,"<div class=""blog-detail"">
<div class=""blog-detail-inf brd-rd5"">
<div class=""blog-detail-inf-inr"">
<ul class=""pst-mta"">
<li>
<b>فتوی نمبر: </b>1-40<i aria-hidden=""true"" class=""theme-clr fa fa-calendar-check-o""></i> </li>
<li>
<b>تاریخ: </b>26 اپریل 2005													<i aria-hidden=""true"" class=""theme-clr fa fa-calendar-check-o""></i>
</li>
<li>
<b>عنوانات: </b><a class=""brd-rd5 topic-sm"" href=""https://darultaqwa.org/hazr-ibahat/"" itemprop=""url"">حظر و اباحت</a> &gt; <a class=""brd-rd5 topic-sm"" href=""https://darultaqwa.org/hazr-ibahat/parda-bayan/"" itemprop=""url"">پردے کا بیان</a> <i aria-hidden=""true"" class=""fa fa-folder-open-o theme-clr""></i>
</li>
</ul>
</div>
</div>
<div class=""blog-detail-desc event-detail-desc"">
<h3 class=""fatwa-qa"">استفتاء</h3>
<p>سگی خالہ اپنی سگی بھانجی کے میاں سے پردہ کر سکتی ہیں؟ یا نہیں ۔جواب دیکر عنداللہ ماجور ہوں۔</p>
<h3 class=""fatwa-ans"">الجواب :بسم اللہ حامداًومصلیاً</h3>
<p>خالہ کا اپنی بھانجی کے میاں سے پردہ ہے۔فقط واللہ تعالیٰ اعلم</p>
<div class=""pst-shr-tgs"">
<div class=""scl1 float-left"">
<span>Share This: </span>
<a data-placement=""top"" data-toggle=""tooltip"" href=""https://www.facebook.com/sharer/sharer.php?u=https%3A%2F%2Fdarultaqwa.org%2Fkhala-ka-bhanji-ke-shohar-se-parda-hai%2F"" itemprop=""url"" target=""_blank"" title=""Facebook""><i class=""fa fa-facebook""></i></a><a data-placement=""top"" data-toggle=""tooltip"" href=""https://twitter.com/intent/tweet?text=خالہ%20کا%20بھانجی%20کے%20شوہر%20سے%20پردہ%20ہے&amp;url=https%3A%2F%2Fdarultaqwa.org%2Fkhala-ka-bhanji-ke-shohar-se-parda-hai%2F"" itemprop=""url"" target=""_blank"" title=""Twitter""><i class=""fa fa-twitter""></i></a><a data-placement=""top"" data-toggle=""tooltip"" href=""https://plus.google.com/share?url=https%3A%2F%2Fdarultaqwa.org%2Fkhala-ka-bhanji-ke-shohar-se-parda-hai%2F"" itemprop=""url"" target=""_blank"" title=""Google Plus""><i class=""fa fa-google-plus""></i></a><a data-placement=""top"" data-toggle=""tooltip"" href=""http://www.linkedin.com/shareArticle?mini=true&amp;url=https%3A%2F%2Fdarultaqwa.org%2Fkhala-ka-bhanji-ke-shohar-se-parda-hai%2F"" itemprop=""url"" target=""_blank"" title=""Linkedin""><i class=""fa fa-linkedin""></i></a> </div>
</div>
</div>
</div>",darultaqwa.org
https://darultaqwa.org/kya-jamaat-ke-bachon-ka-ek-dusre-ki-shikayat-chugli-hai/,کیا جماعت کے بچوں کا ایک دوسرے کی شکایت چغلی  ہے,<p>بعض اوقات جماعت کے بچے ایک دوسرے کی شکایت وجہ یا بلاوجہ کرتے رہتے ہیں۔ کیا یہ بات چغلی کھانے کے زمرے میں آتی ہے؟ اس استاد کو بعض اوقات کسی بچے کی خامی وغیرہ کا پتہ چلتاہے۔ تواس کی اصلاح کرنے کا موقع بھی ملتاہے ۔ بحیثیت ایک استاد بچوں کو کن شرائط کے تحت شکایت کرنے یا نہ کرنے کی اجازت دی جائے۔ کہ شر کی بجائے خیر والا نتیجہ برآمد ہوا کرے۔</p>,<p>بلاوجہ شکایت کرنا تو درست نہیں۔ البتہ واقعی غلطی کی شکایت استاد کو کرنا چغلی کے زمرے میں نہیں آتا۔ لیکن بچوں کو ترغیب وغیرہ کے ذریعے اس  بات کا پابند کیا جائے کہ وہ چھوٹی چھوٹی باتوں کی شکایت کرنے سے گریز کریں ۔ نیز استادبھی معمولی باتوں کی طرف زیادہ توجہ نہ دے تاکہ بچوں کی عادات صحیح رہیں۔ فقط واللہ تعالیٰ اعلم</p>, 2-101, 22 اپریل 2005,حظر و اباحت,اخلاق و آداب,"<div class=""blog-detail"">
<div class=""blog-detail-inf brd-rd5"">
<div class=""blog-detail-inf-inr"">
<ul class=""pst-mta"">
<li>
<b>فتوی نمبر: </b>2-101<i aria-hidden=""true"" class=""theme-clr fa fa-calendar-check-o""></i> </li>
<li>
<b>تاریخ: </b>22 اپریل 2005													<i aria-hidden=""true"" class=""theme-clr fa fa-calendar-check-o""></i>
</li>
<li>
<b>عنوانات: </b><a class=""brd-rd5 topic-sm"" href=""https://darultaqwa.org/hazr-ibahat/"" itemprop=""url"">حظر و اباحت</a> &gt; <a class=""brd-rd5 topic-sm"" href=""https://darultaqwa.org/hazr-ibahat/akhlaq-aadab/"" itemprop=""url"">اخلاق و آداب</a> <i aria-hidden=""true"" class=""fa fa-folder-open-o theme-clr""></i>
</li>
</ul>
</div>
</div>
<div class=""blog-detail-desc event-detail-desc"">
<h3 class=""fatwa-qa"">استفتاء</h3>
<p>بعض اوقات جماعت کے بچے ایک دوسرے کی شکایت وجہ یا بلاوجہ کرتے رہتے ہیں۔ کیا یہ بات چغلی کھانے کے زمرے میں آتی ہے؟ اس استاد کو بعض اوقات کسی بچے کی خامی وغیرہ کا پتہ چلتاہے۔ تواس کی اصلاح کرنے کا موقع بھی ملتاہے ۔ بحیثیت ایک استاد بچوں کو کن شرائط کے تحت شکایت کرنے یا نہ کرنے کی اجازت دی جائے۔ کہ شر کی بجائے خیر والا نتیجہ برآمد ہوا کرے۔</p>
<h3 class=""fatwa-ans"">الجواب :بسم اللہ حامداًومصلیاً</h3>
<p>بلاوجہ شکایت کرنا تو درست نہیں۔ البتہ واقعی غلطی کی شکایت استاد کو کرنا چغلی کے زمرے میں نہیں آتا۔ لیکن بچوں کو ترغیب وغیرہ کے ذریعے اس  بات کا پابند کیا جائے کہ وہ چھوٹی چھوٹی باتوں کی شکایت کرنے سے گریز کریں ۔ نیز استادبھی معمولی باتوں کی طرف زیادہ توجہ نہ دے تاکہ بچوں کی عادات صحیح رہیں۔ فقط واللہ تعالیٰ اعلم</p>
<div class=""pst-shr-tgs"">
<div class=""scl1 float-left"">
<span>Share This: </span>
<a data-placement=""top"" data-toggle=""tooltip"" href=""https://www.facebook.com/sharer/sharer.php?u=https%3A%2F%2Fdarultaqwa.org%2Fkya-jamaat-ke-bachon-ka-ek-dusre-ki-shikayat-chugli-hai%2F"" itemprop=""url"" target=""_blank"" title=""Facebook""><i class=""fa fa-facebook""></i></a><a data-placement=""top"" data-toggle=""tooltip"" href=""https://twitter.com/intent/tweet?text=کیا%20جماعت%20کے%20بچوں%20کا%20ایک%20دوسرے%20کی%20شکایت%20چغلی%20%20ہے&amp;url=https%3A%2F%2Fdarultaqwa.org%2Fkya-jamaat-ke-bachon-ka-ek-dusre-ki-shikayat-chugli-hai%2F"" itemprop=""url"" target=""_blank"" title=""Twitter""><i class=""fa fa-twitter""></i></a><a data-placement=""top"" data-toggle=""tooltip"" href=""https://plus.google.com/share?url=https%3A%2F%2Fdarultaqwa.org%2Fkya-jamaat-ke-bachon-ka-ek-dusre-ki-shikayat-chugli-hai%2F"" itemprop=""url"" target=""_blank"" title=""Google Plus""><i class=""fa fa-google-plus""></i></a><a data-placement=""top"" data-toggle=""tooltip"" href=""http://www.linkedin.com/shareArticle?mini=true&amp;url=https%3A%2F%2Fdarultaqwa.org%2Fkya-jamaat-ke-bachon-ka-ek-dusre-ki-shikayat-chugli-hai%2F"" itemprop=""url"" target=""_blank"" title=""Linkedin""><i class=""fa fa-linkedin""></i></a> </div>
</div>
</div>
</div>",darultaqwa.org
https://darultaqwa.org/juton-ki-aidhi-par-likhnay-ka-gunah-likhnay-wale-par-hai/,جوتوں کی ایڑھی پر لکھنے کا گناہ لکھنے والے پر ہے,<p>بعض اوقات جوتوں کی ایڑھی یا جوتوں کے تلے پر کچھ لکھا ہو تا ہے اور وہ مٹائے نہیں مٹتا ۔کوئی پینٹ وغیرہ پھیرا جائے تو وہ  اتر جاتا ہے ۔ تو پھر ایسی صورت میں کیا کیا جائے۔ جواب دیکر عند اللہ ماجو ر ہوں ۔</p>,<p>اگر جوتے پر کوئی اسٹیکر لگا ہو یا لکھا ہوا آسانی سے اتر سکے تو اسے اتار دیا جائے ۔اور جو باآسانی نہ اتر سکے اسکی ذمہ داری لکھنے والوں پر ہے۔فقط واللہ تعالیٰ اعلم</p>,, 13 اپریل 2005,حظر و اباحت,منتقل شدہ فی حظر و اباحت,"<div class=""blog-detail"">
<div class=""blog-detail-inf brd-rd5"">
<div class=""blog-detail-inf-inr"">
<ul class=""pst-mta"">
<li>
</li>
<li>
<b>تاریخ: </b>13 اپریل 2005													<i aria-hidden=""true"" class=""theme-clr fa fa-calendar-check-o""></i>
</li>
<li>
<b>عنوانات: </b><a class=""brd-rd5 topic-sm"" href=""https://darultaqwa.org/hazr-ibahat/"" itemprop=""url"">حظر و اباحت</a> &gt; <a class=""brd-rd5 topic-sm"" href=""https://darultaqwa.org/hazr-ibahat/%d9%85%d9%86%d8%aa%d9%82%d9%84-%d8%b4%d8%af%db%81-%d9%81%db%8c-%d8%ad%d8%b8%d8%b1-%d9%88-%d8%a7%d8%a8%d8%a7%d8%ad%d8%aa/"" itemprop=""url"">منتقل شدہ فی حظر و اباحت</a> <i aria-hidden=""true"" class=""fa fa-folder-open-o theme-clr""></i>
</li>
</ul>
</div>
</div>
<div class=""blog-detail-desc event-detail-desc"">
<h3 class=""fatwa-qa"">استفتاء</h3>
<p>بعض اوقات جوتوں کی ایڑھی یا جوتوں کے تلے پر کچھ لکھا ہو تا ہے اور وہ مٹائے نہیں مٹتا ۔کوئی پینٹ وغیرہ پھیرا جائے تو وہ  اتر جاتا ہے ۔ تو پھر ایسی صورت میں کیا کیا جائے۔ جواب دیکر عند اللہ ماجو ر ہوں ۔</p>
<h3 class=""fatwa-ans"">الجواب :بسم اللہ حامداًومصلیاً</h3>
<p>اگر جوتے پر کوئی اسٹیکر لگا ہو یا لکھا ہوا آسانی سے اتر سکے تو اسے اتار دیا جائے ۔اور جو باآسانی نہ اتر سکے اسکی ذمہ داری لکھنے والوں پر ہے۔فقط واللہ تعالیٰ اعلم</p>
<div class=""pst-shr-tgs"">
<div class=""scl1 float-left"">
<span>Share This: </span>
<a data-placement=""top"" data-toggle=""tooltip"" href=""https://www.facebook.com/sharer/sharer.php?u=https%3A%2F%2Fdarultaqwa.org%2Fjuton-ki-aidhi-par-likhnay-ka-gunah-likhnay-wale-par-hai%2F"" itemprop=""url"" target=""_blank"" title=""Facebook""><i class=""fa fa-facebook""></i></a><a data-placement=""top"" data-toggle=""tooltip"" href=""https://twitter.com/intent/tweet?text=جوتوں%20کی%20ایڑھی%20پر%20لکھنے%20کا%20گناہ%20لکھنے%20والے%20پر%20ہے&amp;url=https%3A%2F%2Fdarultaqwa.org%2Fjuton-ki-aidhi-par-likhnay-ka-gunah-likhnay-wale-par-hai%2F"" itemprop=""url"" target=""_blank"" title=""Twitter""><i class=""fa fa-twitter""></i></a><a data-placement=""top"" data-toggle=""tooltip"" href=""https://plus.google.com/share?url=https%3A%2F%2Fdarultaqwa.org%2Fjuton-ki-aidhi-par-likhnay-ka-gunah-likhnay-wale-par-hai%2F"" itemprop=""url"" target=""_blank"" title=""Google Plus""><i class=""fa fa-google-plus""></i></a><a data-placement=""top"" data-toggle=""tooltip"" href=""http://www.linkedin.com/shareArticle?mini=true&amp;url=https%3A%2F%2Fdarultaqwa.org%2Fjuton-ki-aidhi-par-likhnay-ka-gunah-likhnay-wale-par-hai%2F"" itemprop=""url"" target=""_blank"" title=""Linkedin""><i class=""fa fa-linkedin""></i></a> </div>
</div>
</div>
</div>",darultaqwa.org
